{"type":"FeatureCollection","name":"distrito","features":[{"type":"Feature","properties":{"clave":"15-0","nombre":"Villa Hayes"},"geometry":{"type":"Polygon","coordinates":[[[-58.216522,-23.847278],[-58.217073,-23.848538],[-58.217944,-23.848442],[-58.219294,-23.847493],[-58.219791,-23.847507],[-58.219709,-23.848256],[-58.218467,-23.848557],[-58.218317,-23.849056],[-58.219475,-23.849364],[-58.219788,-23.850705],[-58.220865,-23.850168],[-58.221805,-23.851257],[-58.222676,-23.851394],[-58.222776,-23.85105],[-58.221904,-23.850134],[-58.221935,-23.849541],[-58.224136,-23.849985],[-58.224729,-23.849125],[-58.226449,-23.849072],[-58.225877,-23.846721],[-58.225327,-23.845801],[-58.225462,-23.845583],[-58.226111,-23.845799],[-58.226847,-23.8465],[-58.227458,-23.846061],[-58.227463,-23.842844],[-58.229763,-23.84298],[-58.229672,-23.845428],[-58.230727,-23.845441],[-58.230757,-23.844459],[-58.232268,-23.841954],[-58.232815,-23.841998],[-58.232963,-23.843353],[-58.234683,-23.843331],[-58.235158,-23.84308],[-58.235563,-23.842175],[-58.235955,-23.842298],[-58.236745,-23.843354],[-58.237479,-23.843476],[-58.237832,-23.842634],[-58.237046,-23.841888],[-58.237128,-23.841452],[-58.238061,-23.840451],[-58.239121,-23.841117],[-58.24007,-23.840225],[-58.239512,-23.837219],[-58.240073,-23.837018],[-58.240927,-23.837998],[-58.242387,-23.837026],[-58.243565,-23.836877],[-58.243652,-23.837423],[-58.242909,-23.83914],[-58.243712,-23.839573],[-58.245144,-23.839489],[-58.245467,-23.839862],[-58.244331,-23.840988],[-58.244253,-23.841908],[-58.245259,-23.841935],[-58.245965,-23.840919],[-58.246492,-23.840793],[-58.246732,-23.841228],[-58.246531,-23.84168],[-58.245922,-23.841979],[-58.246111,-23.842274],[-58.247021,-23.842197],[-58.248798,-23.843233],[-58.249699,-23.843323],[-58.249869,-23.842794],[-58.249644,-23.842312],[-58.248557,-23.841757],[-58.250599,-23.840371],[-58.250872,-23.840448],[-58.250883,-23.841528],[-58.252281,-23.842114],[-58.252337,-23.843344],[-58.253903,-23.843105],[-58.254296,-23.84343],[-58.254316,-23.844115],[-58.255826,-23.843019],[-58.259679,-23.843362],[-58.259528,-23.844671],[-58.26011,-23.845742],[-58.259893,-23.846087],[-58.25799,-23.846268],[-58.257585,-23.846878],[-58.257978,-23.847234],[-58.259476,-23.847212],[-58.261164,-23.847595],[-58.261311,-23.848509],[-58.2622,-23.849564],[-58.262347,-23.850984],[-58.262976,-23.850701],[-58.263371,-23.85098],[-58.263615,-23.85182],[-58.264281,-23.851927],[-58.264393,-23.850852],[-58.264954,-23.850647],[-58.265777,-23.851843],[-58.266491,-23.852104],[-58.267605,-23.849906],[-58.268439,-23.850012],[-58.26851,-23.850619],[-58.267819,-23.851897],[-58.26806,-23.852581],[-58.268571,-23.852594],[-58.269572,-23.851625],[-58.269797,-23.852309],[-58.271233,-23.854109],[-58.271679,-23.854544],[-58.273055,-23.854786],[-58.273573,-23.856138],[-58.274563,-23.856838],[-58.274306,-23.858898],[-58.275481,-23.859733],[-58.275654,-23.8602],[-58.275077,-23.86028],[-58.274633,-23.859893],[-58.273461,-23.860504],[-58.273311,-23.861081],[-58.273897,-23.861933],[-58.273628,-23.86265],[-58.274718,-23.863674],[-58.275213,-23.863749],[-58.275638,-23.863108],[-58.275265,-23.861135],[-58.275606,-23.860682],[-58.276285,-23.860586],[-58.277108,-23.86214],[-58.276541,-23.863883],[-58.277219,-23.863821],[-58.278287,-23.86296],[-58.27997,-23.862392],[-58.279608,-23.86121],[-58.280934,-23.861034],[-58.28146,-23.86069],[-58.281097,-23.859587],[-58.280378,-23.858749],[-58.280461,-23.858344],[-58.281208,-23.857842],[-58.282911,-23.857928],[-58.284081,-23.856722],[-58.285122,-23.857014],[-58.285908,-23.85765],[-58.28632,-23.858568],[-58.286848,-23.858753],[-58.28802,-23.857829],[-58.288011,-23.856709],[-58.289385,-23.85656],[-58.289772,-23.855733],[-58.290164,-23.855637],[-58.291141,-23.856147],[-58.292347,-23.856002],[-58.292743,-23.856529],[-58.292136,-23.85709],[-58.292022,-23.857712],[-58.293663,-23.859133],[-58.294156,-23.85916],[-58.294542,-23.858369],[-58.294042,-23.857426],[-58.294191,-23.856803],[-58.294412,-23.8566],[-58.296081,-23.856887],[-58.296076,-23.855892],[-58.298031,-23.855231],[-58.298603,-23.853998],[-58.299347,-23.853249],[-58.299476,-23.85166],[-58.301469,-23.852493],[-58.301404,-23.853147],[-58.299794,-23.853962],[-58.299592,-23.854337],[-58.300516,-23.855454],[-58.300872,-23.855421],[-58.301208,-23.85447],[-58.302549,-23.854325],[-58.303012,-23.852551],[-58.303757,-23.852455],[-58.304387,-23.853028],[-58.303902,-23.854169],[-58.304926,-23.854818],[-58.305187,-23.856263],[-58.306292,-23.856462],[-58.307113,-23.857111],[-58.307922,-23.856004],[-58.309718,-23.854566],[-58.309992,-23.854922],[-58.31132,-23.854931],[-58.311951,-23.855333],[-58.312469,-23.856716],[-58.31366,-23.856649],[-58.313945,-23.856117],[-58.312991,-23.85564],[-58.312286,-23.85432],[-58.312676,-23.854225],[-58.313564,-23.854983],[-58.314245,-23.854918],[-58.314397,-23.854529],[-58.313712,-23.853599],[-58.31371,-23.853147],[-58.314284,-23.852195],[-58.314643,-23.852225],[-58.315348,-23.853171],[-58.315964,-23.854476],[-58.315812,-23.855565],[-58.316169,-23.855703],[-58.317919,-23.854918],[-58.316963,-23.853725],[-58.316199,-23.853448],[-58.317432,-23.852431],[-58.320534,-23.852226],[-58.322328,-23.851499],[-58.32483,-23.852169],[-58.325071,-23.852632],[-58.324769,-23.853492],[-58.323157,-23.854231],[-58.323501,-23.854852],[-58.324541,-23.855423],[-58.324376,-23.856295],[-58.322464,-23.85537],[-58.322658,-23.856365],[-58.321996,-23.856912],[-58.321843,-23.858589],[-58.322891,-23.858385],[-58.323873,-23.857478],[-58.324518,-23.857445],[-58.32464,-23.857942],[-58.323556,-23.858599],[-58.323372,-23.859237],[-58.325191,-23.859293],[-58.325195,-23.860104],[-58.325553,-23.860242],[-58.326607,-23.860144],[-58.327507,-23.859705],[-58.329349,-23.860243],[-58.329368,-23.860803],[-58.3287,-23.861362],[-58.32919,-23.862807],[-58.328824,-23.863306],[-58.328833,-23.863958],[-58.329439,-23.863925],[-58.329928,-23.862617],[-58.330588,-23.862147],[-58.330815,-23.862753],[-58.330501,-23.863703],[-58.331949,-23.864771],[-58.332527,-23.864644],[-58.33337,-23.863286],[-58.333846,-23.863129],[-58.334069,-23.863439],[-58.333701,-23.864607],[-58.334216,-23.865725],[-58.335411,-23.866198],[-58.335954,-23.866103],[-58.336017,-23.865111],[-58.336934,-23.864827],[-58.336949,-23.864469],[-58.336161,-23.863523],[-58.336483,-23.863273],[-58.338303,-23.863342],[-58.339052,-23.864255],[-58.340001,-23.864715],[-58.340589,-23.864804],[-58.341314,-23.86449],[-58.341335,-23.863375],[-58.340531,-23.862679],[-58.341117,-23.861354],[-58.340911,-23.860966],[-58.341199,-23.860576],[-58.341912,-23.860573],[-58.342984,-23.859976],[-58.343612,-23.860207],[-58.343678,-23.860519],[-58.342832,-23.861456],[-58.342582,-23.861986],[-58.342789,-23.862171],[-58.344953,-23.861398],[-58.345871,-23.862096],[-58.347144,-23.862108],[-58.347523,-23.862915],[-58.348207,-23.863284],[-58.348374,-23.862645],[-58.347958,-23.861465],[-58.3484,-23.86112],[-58.348741,-23.861165],[-58.3489,-23.862111],[-58.349686,-23.862869],[-58.350329,-23.862477],[-58.350631,-23.861656],[-58.350937,-23.861624],[-58.35157,-23.862457],[-58.352298,-23.861262],[-58.353114,-23.861086],[-58.35337,-23.862447],[-58.354147,-23.862593],[-58.354317,-23.861929],[-58.353754,-23.860086],[-58.355178,-23.859099],[-58.355613,-23.857821],[-58.356529,-23.856789],[-58.355738,-23.854593],[-58.356043,-23.854154],[-58.356745,-23.854054],[-58.357359,-23.854361],[-58.357604,-23.855277],[-58.358058,-23.855615],[-58.359412,-23.854722],[-58.360076,-23.854813],[-58.360486,-23.8552],[-58.36049,-23.855838],[-58.359818,-23.856446],[-58.3597,-23.857069],[-58.360946,-23.857669],[-58.361186,-23.857682],[-58.361278,-23.856424],[-58.361566,-23.856112],[-58.362423,-23.856572],[-58.363145,-23.857699],[-58.36409,-23.85717],[-58.365244,-23.85707],[-58.366265,-23.857792],[-58.366757,-23.857821],[-58.367826,-23.857417],[-58.367754,-23.856301],[-58.368294,-23.855878],[-58.369078,-23.856294],[-58.371756,-23.856502],[-58.373122,-23.857087],[-58.373608,-23.856803],[-58.374038,-23.854982],[-58.375321,-23.854547],[-58.37585,-23.854902],[-58.376059,-23.855865],[-58.378115,-23.858483],[-58.380528,-23.858425],[-58.381006,-23.858641],[-58.381042,-23.861988],[-58.380257,-23.865219],[-58.380436,-23.866866],[-58.380097,-23.867908],[-58.380304,-23.868187],[-58.381821,-23.868927],[-58.38265,-23.868456],[-58.383735,-23.867238],[-58.384337,-23.868138],[-58.385682,-23.868613],[-58.387473,-23.870062],[-58.388039,-23.873206],[-58.386734,-23.873882],[-58.384896,-23.873394],[-58.384379,-23.875699],[-58.384795,-23.876395],[-58.386568,-23.877818],[-58.387006,-23.876882],[-58.387822,-23.876614],[-58.38818,-23.876814],[-58.388373,-23.878088],[-58.391502,-23.877934],[-58.391598,-23.877248],[-58.392687,-23.877461],[-58.393102,-23.876449],[-58.395445,-23.877012],[-58.395441,-23.877869],[-58.394374,-23.878372],[-58.39599,-23.878845],[-58.395006,-23.879515],[-58.395557,-23.880834],[-58.395122,-23.882578],[-58.395906,-23.882542],[-58.396395,-23.881887],[-58.398003,-23.883494],[-58.397616,-23.884197],[-58.396376,-23.884061],[-58.396043,-23.885054],[-58.395518,-23.885415],[-58.395642,-23.885845],[-58.397375,-23.886607],[-58.397723,-23.886184],[-58.397598,-23.885268],[-58.398225,-23.885232],[-58.398301,-23.885902],[-58.398877,-23.885589],[-58.399628,-23.88568],[-58.400125,-23.886222],[-58.400642,-23.887648],[-58.401816,-23.888279],[-58.402443,-23.887763],[-58.402221,-23.88747],[-58.401067,-23.887398],[-58.401264,-23.886109],[-58.401022,-23.885457],[-58.402209,-23.885142],[-58.402907,-23.885342],[-58.402607,-23.886414],[-58.402916,-23.887016],[-58.403221,-23.88703],[-58.404911,-23.885641],[-58.405352,-23.885593],[-58.405732,-23.886536],[-58.406769,-23.88678],[-58.407145,-23.887182],[-58.406849,-23.888441],[-58.406088,-23.888912],[-58.406009,-23.889784],[-58.406402,-23.890139],[-58.406838,-23.889281],[-58.407784,-23.888763],[-58.408555,-23.887812],[-58.409283,-23.887886],[-58.40897,-23.888741],[-58.409012,-23.889363],[-58.409269,-23.889424],[-58.410435,-23.888672],[-58.410798,-23.887832],[-58.412107,-23.887826],[-58.410985,-23.889406],[-58.411464,-23.889699],[-58.412467,-23.88971],[-58.413329,-23.889208],[-58.415025,-23.889382],[-58.415015,-23.890333],[-58.413371,-23.890529],[-58.413289,-23.891135],[-58.413768,-23.891739],[-58.415508,-23.892539],[-58.418464,-23.892182],[-58.418529,-23.89156],[-58.418032,-23.890988],[-58.418068,-23.888361],[-58.418844,-23.887471],[-58.419116,-23.887486],[-58.419461,-23.888495],[-58.420145,-23.889066],[-58.420255,-23.890308],[-58.420748,-23.89043],[-58.421697,-23.889695],[-58.422266,-23.890749],[-58.423519,-23.890743],[-58.424458,-23.891251],[-58.424866,-23.891109],[-58.42496,-23.889973],[-58.425832,-23.890576],[-58.426648,-23.890478],[-58.42758,-23.889976],[-58.428014,-23.888857],[-58.428795,-23.888525],[-58.430042,-23.889233],[-58.430907,-23.888855],[-58.431452,-23.888946],[-58.432099,-23.889923],[-58.433859,-23.890349],[-58.43441,-23.89115],[-58.434936,-23.890961],[-58.435233,-23.889886],[-58.436101,-23.889991],[-58.435586,-23.891486],[-58.436566,-23.890674],[-58.437062,-23.890672],[-58.43754,-23.891585],[-58.438136,-23.891722],[-58.438847,-23.891315],[-58.439452,-23.89004],[-58.440046,-23.889971],[-58.440302,-23.890265],[-58.440105,-23.891371],[-58.440413,-23.891789],[-58.441316,-23.892079],[-58.442099,-23.89195],[-58.44256,-23.892492],[-58.442153,-23.894113],[-58.443401,-23.893717],[-58.44417,-23.892936],[-58.444891,-23.892968],[-58.444819,-23.893769],[-58.442386,-23.894324],[-58.442943,-23.894686],[-58.4448,-23.89498],[-58.445493,-23.894718],[-58.445951,-23.893563],[-58.446376,-23.893596],[-58.446818,-23.894371],[-58.44799,-23.894518],[-58.448462,-23.893762],[-58.449142,-23.893523],[-58.448919,-23.892782],[-58.45002,-23.892035],[-58.450332,-23.891483],[-58.450156,-23.890822],[-58.448345,-23.891125],[-58.448262,-23.89049],[-58.449257,-23.889274],[-58.448365,-23.888926],[-58.448131,-23.888551],[-58.448266,-23.887492],[-58.448699,-23.886807],[-58.449163,-23.886829],[-58.449426,-23.887592],[-58.449877,-23.88772],[-58.451184,-23.8867],[-58.451309,-23.8863],[-58.450877,-23.885184],[-58.449601,-23.88479],[-58.449186,-23.884333],[-58.449093,-23.883697],[-58.449348,-23.883402],[-58.450394,-23.884069],[-58.451192,-23.884159],[-58.451346,-23.883923],[-58.450853,-23.883124],[-58.449956,-23.882734],[-58.449889,-23.882322],[-58.450869,-23.882494],[-58.451293,-23.882304],[-58.451608,-23.881441],[-58.452354,-23.881203],[-58.45264,-23.881823],[-58.452095,-23.882912],[-58.453473,-23.882999],[-58.453545,-23.88228],[-58.455113,-23.881718],[-58.455273,-23.882577],[-58.456105,-23.883844],[-58.456291,-23.885079],[-58.457403,-23.885475],[-58.457687,-23.885285],[-58.457654,-23.884531],[-58.458083,-23.884128],[-58.45817,-23.883104],[-58.458897,-23.882995],[-58.458827,-23.883748],[-58.459098,-23.884123],[-58.45992,-23.884358],[-58.460267,-23.884215],[-58.46029,-23.883132],[-58.461983,-23.882783],[-58.460658,-23.881897],[-58.460578,-23.881322],[-58.461832,-23.88095],[-58.462161,-23.880184],[-58.462005,-23.879529],[-58.463581,-23.880091],[-58.464288,-23.880064],[-58.464492,-23.879663],[-58.46405,-23.878829],[-58.464113,-23.878125],[-58.464703,-23.878145],[-58.465043,-23.879071],[-58.465841,-23.879103],[-58.465858,-23.877703],[-58.46628,-23.877384],[-58.466769,-23.877476],[-58.467157,-23.877826],[-58.46755,-23.879094],[-58.467871,-23.879022],[-58.468868,-23.877581],[-58.472417,-23.877561],[-58.472272,-23.876986],[-58.471303,-23.876368],[-58.470655,-23.875125],[-58.470706,-23.874619],[-58.470963,-23.874312],[-58.471907,-23.874448],[-58.472323,-23.873034],[-58.473305,-23.873711],[-58.47299,-23.874619],[-58.473483,-23.875286],[-58.473843,-23.875331],[-58.474314,-23.874588],[-58.473906,-23.873109],[-58.476205,-23.873617],[-58.475732,-23.871148],[-58.477507,-23.871705],[-58.479291,-23.871178],[-58.479306,-23.870845],[-58.478453,-23.870109],[-58.477689,-23.870923],[-58.476866,-23.870869],[-58.476321,-23.870485],[-58.477823,-23.869783],[-58.477437,-23.869385],[-58.476846,-23.869306],[-58.478777,-23.868345],[-58.478366,-23.868077],[-58.478171,-23.867351],[-58.479117,-23.867169],[-58.479777,-23.86556],[-58.481177,-23.866062],[-58.481,-23.866404],[-58.480114,-23.866458],[-58.480141,-23.866751],[-58.481043,-23.867109],[-58.481142,-23.86852],[-58.481862,-23.868634],[-58.482,-23.868116],[-58.481547,-23.8676],[-58.482253,-23.867279],[-58.482089,-23.865667],[-58.482333,-23.865535],[-58.48321,-23.865825],[-58.483702,-23.866494],[-58.484655,-23.867008],[-58.484105,-23.867481],[-58.484121,-23.867869],[-58.484942,-23.868781],[-58.485571,-23.868848],[-58.485776,-23.868742],[-58.485582,-23.867273],[-58.485936,-23.866708],[-58.486592,-23.866869],[-58.486747,-23.867891],[-58.487502,-23.868097],[-58.488136,-23.867603],[-58.489197,-23.867317],[-58.489209,-23.865567],[-58.491109,-23.865451],[-58.490835,-23.864794],[-58.489766,-23.864611],[-58.488836,-23.863676],[-58.488888,-23.863114],[-58.490738,-23.863326],[-58.491541,-23.864484],[-58.491953,-23.864541],[-58.492129,-23.86387],[-58.492839,-23.864442],[-58.494162,-23.864235],[-58.494063,-23.864788],[-58.493167,-23.865381],[-58.493632,-23.865884],[-58.494646,-23.865972],[-58.496323,-23.865376],[-58.496378,-23.865023],[-58.495066,-23.865147],[-58.494758,-23.864914],[-58.494949,-23.864454],[-58.496465,-23.863951],[-58.496978,-23.863949],[-58.497365,-23.864865],[-58.498439,-23.86527],[-58.498581,-23.865011],[-58.49807,-23.864732],[-58.498146,-23.864496],[-58.499636,-23.863144],[-58.498958,-23.862151],[-58.499259,-23.861009],[-58.499876,-23.860806],[-58.500044,-23.86111],[-58.499382,-23.861936],[-58.499658,-23.862651],[-58.500057,-23.862542],[-58.500226,-23.861427],[-58.500919,-23.861235],[-58.501153,-23.861774],[-58.500901,-23.862575],[-58.501481,-23.862796],[-58.502835,-23.86153],[-58.503007,-23.860272],[-58.502656,-23.859722],[-58.503835,-23.859198],[-58.504697,-23.859322],[-58.504661,-23.859686],[-58.50348,-23.859976],[-58.50338,-23.860364],[-58.503805,-23.860491],[-58.504677,-23.860145],[-58.504402,-23.861463],[-58.504795,-23.862366],[-58.505331,-23.862665],[-58.505613,-23.86209],[-58.505169,-23.860765],[-58.506077,-23.859607],[-58.506761,-23.859803],[-58.506774,-23.860862],[-58.507058,-23.861084],[-58.507733,-23.861092],[-58.508657,-23.859478],[-58.509938,-23.860421],[-58.509498,-23.858181],[-58.510905,-23.859336],[-58.511393,-23.859369],[-58.512225,-23.858882],[-58.511465,-23.858359],[-58.512269,-23.857814],[-58.511572,-23.857265],[-58.511553,-23.856534],[-58.512493,-23.856753],[-58.513594,-23.856088],[-58.514193,-23.857273],[-58.514735,-23.857445],[-58.515291,-23.856398],[-58.516871,-23.855715],[-58.516385,-23.854802],[-58.516896,-23.854247],[-58.518618,-23.853466],[-58.518448,-23.853044],[-58.516869,-23.85284],[-58.517109,-23.850713],[-58.517798,-23.850143],[-58.518182,-23.849267],[-58.51932,-23.84879],[-58.519821,-23.848173],[-58.520463,-23.848204],[-58.520724,-23.849178],[-58.521653,-23.84963],[-58.521986,-23.84951],[-58.521249,-23.847379],[-58.521465,-23.847013],[-58.522214,-23.847174],[-58.522245,-23.847948],[-58.523424,-23.84793],[-58.524174,-23.848618],[-58.525019,-23.848379],[-58.526484,-23.848664],[-58.526906,-23.84831],[-58.526709,-23.847689],[-58.527621,-23.84773],[-58.527394,-23.84664],[-58.528998,-23.846513],[-58.529121,-23.847452],[-58.529745,-23.8482],[-58.53101,-23.848075],[-58.531005,-23.849055],[-58.531572,-23.849051],[-58.532204,-23.849456],[-58.532971,-23.849279],[-58.533392,-23.848854],[-58.533287,-23.848419],[-58.531695,-23.848216],[-58.531743,-23.847323],[-58.532295,-23.846253],[-58.531019,-23.845619],[-58.531727,-23.845399],[-58.532351,-23.844738],[-58.531581,-23.843755],[-58.532294,-23.843682],[-58.532747,-23.84212],[-58.533961,-23.841784],[-58.535018,-23.840542],[-58.53561,-23.840597],[-58.536394,-23.84136],[-58.537754,-23.841187],[-58.538239,-23.842266],[-58.538446,-23.842041],[-58.538151,-23.841067],[-58.538523,-23.840936],[-58.538922,-23.84158],[-58.542477,-23.840084],[-58.543807,-23.841063],[-58.544147,-23.840063],[-58.546083,-23.841532],[-58.546454,-23.841483],[-58.546204,-23.840144],[-58.546461,-23.840024],[-58.547491,-23.840195],[-58.547751,-23.841334],[-58.548761,-23.841035],[-58.548796,-23.840248],[-58.549722,-23.840371],[-58.549749,-23.839127],[-58.550682,-23.839433],[-58.550763,-23.8382],[-58.551107,-23.838093],[-58.551574,-23.838595],[-58.552501,-23.838706],[-58.552347,-23.837204],[-58.551157,-23.837704],[-58.550291,-23.836817],[-58.550522,-23.836136],[-58.551019,-23.836179],[-58.551149,-23.836812],[-58.551852,-23.83622],[-58.552779,-23.836333],[-58.552789,-23.835689],[-58.552017,-23.835528],[-58.551949,-23.834069],[-58.552883,-23.834144],[-58.553815,-23.835764],[-58.554904,-23.835485],[-58.555853,-23.833687],[-58.555402,-23.833433],[-58.554263,-23.833758],[-58.55484,-23.833059],[-58.554685,-23.832027],[-58.556336,-23.832699],[-58.556196,-23.830929],[-58.558451,-23.830998],[-58.559868,-23.830002],[-58.560666,-23.83015],[-58.561776,-23.831096],[-58.561961,-23.830038],[-58.562937,-23.830044],[-58.563456,-23.830992],[-58.562456,-23.831303],[-58.562357,-23.83175],[-58.563308,-23.83192],[-58.563856,-23.831295],[-58.564423,-23.831268],[-58.564578,-23.831514],[-58.564067,-23.832116],[-58.564198,-23.832455],[-58.566363,-23.83429],[-58.566605,-23.832985],[-58.568029,-23.832801],[-58.567183,-23.831221],[-58.567852,-23.831394],[-58.568344,-23.831943],[-58.569225,-23.831304],[-58.569917,-23.831288],[-58.570407,-23.83159],[-58.57045,-23.832153],[-58.569453,-23.832746],[-58.570572,-23.833103],[-58.570792,-23.833466],[-58.569078,-23.834086],[-58.568966,-23.834603],[-58.569263,-23.834918],[-58.570817,-23.835132],[-58.570755,-23.835472],[-58.570026,-23.835793],[-58.571019,-23.836585],[-58.570987,-23.837473],[-58.571347,-23.837556],[-58.571971,-23.837094],[-58.572475,-23.837189],[-58.57364,-23.838611],[-58.574606,-23.836892],[-58.576104,-23.836588],[-58.576569,-23.836938],[-58.576677,-23.837642],[-58.57519,-23.838038],[-58.57485,-23.838944],[-58.575722,-23.838893],[-58.576584,-23.840838],[-58.577097,-23.840776],[-58.57722,-23.839963],[-58.577592,-23.840054],[-58.57775,-23.840558],[-58.579986,-23.840746],[-58.580603,-23.839461],[-58.581399,-23.839222],[-58.582044,-23.839418],[-58.582657,-23.840967],[-58.583211,-23.841081],[-58.583233,-23.840658],[-58.582653,-23.840049],[-58.582753,-23.839673],[-58.583917,-23.840605],[-58.584328,-23.840449],[-58.583546,-23.838963],[-58.583852,-23.838538],[-58.584801,-23.838356],[-58.585113,-23.838906],[-58.585073,-23.840255],[-58.585743,-23.840837],[-58.586511,-23.840647],[-58.586686,-23.839989],[-58.585418,-23.840076],[-58.585579,-23.839443],[-58.586806,-23.838873],[-58.5874,-23.839374],[-58.588132,-23.839404],[-58.589148,-23.838564],[-58.589132,-23.837662],[-58.588111,-23.838442],[-58.58748,-23.837965],[-58.58826,-23.837749],[-58.58841,-23.837102],[-58.587548,-23.836696],[-58.587455,-23.83631],[-58.588393,-23.836409],[-58.58827,-23.835282],[-58.5885,-23.83514],[-58.589167,-23.83516],[-58.589632,-23.835686],[-58.590226,-23.835728],[-58.589613,-23.834794],[-58.590562,-23.833005],[-58.592035,-23.834263],[-58.593814,-23.833559],[-58.594767,-23.834455],[-58.595408,-23.834523],[-58.595197,-23.833669],[-58.596935,-23.832767],[-58.596655,-23.83023],[-58.597235,-23.829306],[-58.59777,-23.829376],[-58.597267,-23.830017],[-58.598186,-23.83105],[-58.598559,-23.831129],[-58.599285,-23.829842],[-58.599829,-23.829772],[-58.599876,-23.831157],[-58.600447,-23.830745],[-58.601248,-23.831324],[-58.60193,-23.830763],[-58.602208,-23.831273],[-58.603682,-23.831732],[-58.603238,-23.833268],[-58.604543,-23.832756],[-58.604873,-23.832239],[-58.605759,-23.834437],[-58.6069,-23.83449],[-58.607142,-23.834183],[-58.606718,-23.834186],[-58.606252,-23.83372],[-58.606605,-23.832603],[-58.606977,-23.832682],[-58.607187,-23.833409],[-58.607826,-23.833111],[-58.60871,-23.833152],[-58.608881,-23.832179],[-58.610095,-23.831703],[-58.610538,-23.830465],[-58.612155,-23.831139],[-58.611641,-23.832196],[-58.612573,-23.833633],[-58.61297,-23.833712],[-58.613363,-23.833241],[-58.614556,-23.833218],[-58.614758,-23.832513],[-58.616048,-23.83206],[-58.616321,-23.830769],[-58.616781,-23.83059],[-58.61759,-23.830937],[-58.617683,-23.829799],[-58.61921,-23.829859],[-58.619104,-23.829402],[-58.618206,-23.829361],[-58.617433,-23.828829],[-58.61704,-23.82767],[-58.617296,-23.827632],[-58.617633,-23.828217],[-58.619134,-23.828359],[-58.619297,-23.827973],[-58.618998,-23.82745],[-58.620075,-23.827464],[-58.621551,-23.827029],[-58.621948,-23.827262],[-58.621969,-23.827772],[-58.621588,-23.827926],[-58.621265,-23.827541],[-58.620684,-23.82828],[-58.620678,-23.829041],[-58.621278,-23.830433],[-58.622716,-23.83087],[-58.622817,-23.830646],[-58.621969,-23.830276],[-58.621911,-23.829538],[-58.623177,-23.830047],[-58.624652,-23.830106],[-58.624849,-23.829637],[-58.624348,-23.829127],[-58.624597,-23.828467],[-58.625875,-23.828157],[-58.627448,-23.828567],[-58.627871,-23.828983],[-58.626937,-23.8295],[-58.626825,-23.830051],[-58.627044,-23.830167],[-58.627964,-23.829635],[-58.627961,-23.831088],[-58.629232,-23.831349],[-58.628784,-23.833171],[-58.629375,-23.833366],[-58.629845,-23.832776],[-58.630193,-23.83139],[-58.630779,-23.830941],[-58.630875,-23.831808],[-58.632374,-23.831646],[-58.633327,-23.832215],[-58.634079,-23.831858],[-58.634314,-23.831317],[-58.633526,-23.830643],[-58.634871,-23.8304],[-58.635527,-23.829135],[-58.635947,-23.829513],[-58.636664,-23.82911],[-58.6374,-23.829353],[-58.638977,-23.827949],[-58.639372,-23.826142],[-58.64017,-23.826781],[-58.639628,-23.827933],[-58.639941,-23.828788],[-58.640249,-23.828798],[-58.640218,-23.827977],[-58.641075,-23.827783],[-58.641374,-23.826713],[-58.642103,-23.826392],[-58.641933,-23.827672],[-58.642737,-23.827104],[-58.643391,-23.827147],[-58.643176,-23.829643],[-58.64488,-23.829906],[-58.645007,-23.829568],[-58.644269,-23.828782],[-58.645144,-23.828611],[-58.645761,-23.827496],[-58.645978,-23.827401],[-58.647272,-23.828328],[-58.647503,-23.828187],[-58.647212,-23.827359],[-58.648055,-23.826762],[-58.648204,-23.826045],[-58.646737,-23.825626],[-58.647962,-23.824585],[-58.647556,-23.823452],[-58.648873,-23.823408],[-58.649035,-23.824403],[-58.651434,-23.824129],[-58.651166,-23.823476],[-58.650322,-23.823563],[-58.64951,-23.822936],[-58.649683,-23.822128],[-58.650108,-23.822512],[-58.650999,-23.821921],[-58.652345,-23.821898],[-58.651812,-23.82257],[-58.65193,-23.823401],[-58.652879,-23.823933],[-58.65337,-23.823625],[-58.652595,-23.823549],[-58.652402,-23.823047],[-58.652632,-23.822705],[-58.653156,-23.822397],[-58.654404,-23.822575],[-58.654508,-23.823009],[-58.653935,-23.823598],[-58.6546,-23.823477],[-58.655892,-23.824829],[-58.65678,-23.824592],[-58.657053,-23.824018],[-58.655472,-23.823114],[-58.657687,-23.821832],[-58.658174,-23.821829],[-58.657789,-23.823099],[-58.657922,-23.823613],[-58.658332,-23.823482],[-58.65849,-23.822672],[-58.659474,-23.823532],[-58.660612,-23.823548],[-58.660763,-23.823255],[-58.659533,-23.822958],[-58.659754,-23.821949],[-58.660382,-23.82191],[-58.660976,-23.820993],[-58.662756,-23.821158],[-58.662091,-23.81951],[-58.662809,-23.819356],[-58.663005,-23.818498],[-58.66395,-23.817816],[-58.664553,-23.818405],[-58.663708,-23.819433],[-58.664772,-23.81973],[-58.665057,-23.818848],[-58.665529,-23.818658],[-58.665562,-23.819571],[-58.666497,-23.819729],[-58.666488,-23.820127],[-58.66544,-23.82031],[-58.665405,-23.820662],[-58.665767,-23.821116],[-58.666958,-23.821307],[-58.666399,-23.821955],[-58.66653,-23.822247],[-58.667721,-23.822263],[-58.669333,-23.823646],[-58.669852,-23.822776],[-58.670571,-23.823414],[-58.67003,-23.824578],[-58.670933,-23.824253],[-58.670798,-23.825184],[-58.671807,-23.825294],[-58.672607,-23.826759],[-58.673268,-23.826569],[-58.673661,-23.825247],[-58.675086,-23.825588],[-58.676578,-23.826748],[-58.676845,-23.826582],[-58.675965,-23.825219],[-58.675758,-23.823443],[-58.676672,-23.822378],[-58.67763,-23.822247],[-58.677321,-23.823725],[-58.679202,-23.824251],[-58.679203,-23.822662],[-58.681297,-23.822965],[-58.682232,-23.822324],[-58.683166,-23.822584],[-58.683285,-23.821801],[-58.683753,-23.821225],[-58.683883,-23.820007],[-58.683622,-23.819271],[-58.681959,-23.818978],[-58.681556,-23.81843],[-58.682234,-23.818379],[-58.68257,-23.817369],[-58.682903,-23.817414],[-58.683373,-23.818593],[-58.684137,-23.81791],[-58.684972,-23.818419],[-58.685955,-23.818153],[-58.685553,-23.817385],[-58.684412,-23.817088],[-58.684622,-23.816256],[-58.682836,-23.815273],[-58.682923,-23.814851],[-58.683534,-23.814484],[-58.683593,-23.813723],[-58.684513,-23.813693],[-58.684812,-23.812488],[-58.685692,-23.812363],[-58.68569,-23.813674],[-58.686496,-23.813739],[-58.687437,-23.814599],[-58.687873,-23.814643],[-58.687958,-23.81401],[-58.686775,-23.813432],[-58.686722,-23.813105],[-58.687233,-23.812937],[-58.687459,-23.812421],[-58.688755,-23.811476],[-58.690075,-23.811478],[-58.69024,-23.809803],[-58.689762,-23.809466],[-58.689366,-23.809468],[-58.689261,-23.810568],[-58.688753,-23.811063],[-58.68782,-23.811187],[-58.687969,-23.810284],[-58.686989,-23.808852],[-58.687024,-23.808244],[-58.687622,-23.808146],[-58.688032,-23.808974],[-58.689462,-23.808836],[-58.689751,-23.808049],[-58.691797,-23.807848],[-58.692955,-23.807327],[-58.695569,-23.805024],[-58.696891,-23.804244],[-58.698301,-23.804995],[-58.69963,-23.806655],[-58.700025,-23.806468],[-58.69998,-23.805592],[-58.701284,-23.806069],[-58.701254,-23.80546],[-58.700612,-23.80502],[-58.700656,-23.804084],[-58.699281,-23.803591],[-58.699291,-23.803345],[-58.700459,-23.803243],[-58.700311,-23.802064],[-58.702158,-23.802578],[-58.702794,-23.80212],[-58.704403,-23.802495],[-58.703751,-23.80405],[-58.704321,-23.805216],[-58.704691,-23.805201],[-58.705487,-23.804178],[-58.706349,-23.805106],[-58.707592,-23.805659],[-58.707347,-23.806494],[-58.706624,-23.80583],[-58.706394,-23.805982],[-58.70555,-23.808105],[-58.707203,-23.808397],[-58.708618,-23.807826],[-58.70936,-23.80788],[-58.709105,-23.809484],[-58.709651,-23.810626],[-58.710085,-23.810405],[-58.710036,-23.809162],[-58.711791,-23.808027],[-58.712216,-23.808527],[-58.712874,-23.807727],[-58.713218,-23.807911],[-58.712981,-23.808648],[-58.71373,-23.808525],[-58.714613,-23.80914],[-58.715935,-23.8089],[-58.716073,-23.808512],[-58.714754,-23.807924],[-58.715145,-23.807407],[-58.716225,-23.806979],[-58.715598,-23.805513],[-58.716892,-23.805069],[-58.717522,-23.8042],[-58.71835,-23.803845],[-58.719129,-23.80538],[-58.719602,-23.805365],[-58.719516,-23.804325],[-58.720634,-23.804901],[-58.722191,-23.804998],[-58.722386,-23.804362],[-58.721433,-23.803597],[-58.721333,-23.80073],[-58.723589,-23.801592],[-58.723661,-23.801159],[-58.722845,-23.801118],[-58.723105,-23.800063],[-58.722917,-23.798881],[-58.723869,-23.798162],[-58.723901,-23.799064],[-58.724286,-23.799319],[-58.724727,-23.798815],[-58.72628,-23.799011],[-58.726534,-23.798364],[-58.726146,-23.796439],[-58.727367,-23.796376],[-58.728051,-23.795715],[-58.728679,-23.795782],[-58.728787,-23.796262],[-58.728447,-23.79859],[-58.729414,-23.798104],[-58.729473,-23.798922],[-58.730599,-23.79936],[-58.73052,-23.800388],[-58.731067,-23.800185],[-58.731709,-23.800531],[-58.732893,-23.799823],[-58.733226,-23.799914],[-58.733336,-23.800861],[-58.73297,-23.801735],[-58.733277,-23.801977],[-58.733879,-23.802079],[-58.734286,-23.801497],[-58.735328,-23.800927],[-58.737277,-23.801414],[-58.738661,-23.800327],[-58.740746,-23.800804],[-58.741355,-23.800344],[-58.741078,-23.799177],[-58.740534,-23.798538],[-58.739078,-23.799517],[-58.737677,-23.799108],[-58.73845,-23.796782],[-58.738879,-23.796324],[-58.74076,-23.795868],[-58.740811,-23.797035],[-58.741994,-23.796713],[-58.742567,-23.797983],[-58.743151,-23.797617],[-58.745968,-23.797219],[-58.749758,-23.796049],[-58.750179,-23.795766],[-58.750369,-23.7949],[-58.748573,-23.795334],[-58.748365,-23.794669],[-58.748732,-23.794187],[-58.7483,-23.793221],[-58.747017,-23.792529],[-58.74677,-23.792028],[-58.748467,-23.792041],[-58.750027,-23.790275],[-58.752187,-23.790938],[-58.751761,-23.7919],[-58.753001,-23.793316],[-58.753274,-23.79232],[-58.753695,-23.7922],[-58.754453,-23.792756],[-58.755143,-23.792799],[-58.755922,-23.791436],[-58.756699,-23.791232],[-58.757432,-23.790584],[-58.759362,-23.791014],[-58.759141,-23.792954],[-58.760321,-23.793484],[-58.760722,-23.792663],[-58.763034,-23.791197],[-58.763065,-23.790438],[-58.761411,-23.791068],[-58.761407,-23.790601],[-58.762486,-23.789171],[-58.763437,-23.788769],[-58.766423,-23.785912],[-58.767518,-23.785505],[-58.768485,-23.785218],[-58.769177,-23.785376],[-58.769164,-23.786579],[-58.770103,-23.787099],[-58.770145,-23.787684],[-58.770776,-23.788089],[-58.770905,-23.789602],[-58.771536,-23.789759],[-58.772371,-23.789252],[-58.771556,-23.788092],[-58.771716,-23.786922],[-58.772062,-23.787071],[-58.772872,-23.788514],[-58.773345,-23.788546],[-58.773493,-23.788136],[-58.773127,-23.787543],[-58.775059,-23.787774],[-58.775992,-23.786528],[-58.776531,-23.786758],[-58.776795,-23.787622],[-58.777521,-23.787581],[-58.7779,-23.785532],[-58.778459,-23.785035],[-58.779275,-23.784891],[-58.780358,-23.785379],[-58.781197,-23.78528],[-58.781199,-23.784704],[-58.779961,-23.78417],[-58.779983,-23.78338],[-58.779485,-23.782783],[-58.779652,-23.782195],[-58.780631,-23.781879],[-58.782602,-23.782004],[-58.783058,-23.782217],[-58.78364,-23.783183],[-58.78421,-23.783228],[-58.784763,-23.782823],[-58.787194,-23.782973],[-58.787539,-23.78183],[-58.791405,-23.781956],[-58.792143,-23.781518],[-58.791857,-23.780177],[-58.793886,-23.777434],[-58.794361,-23.777629],[-58.794749,-23.779787],[-58.796,-23.779932],[-58.796719,-23.779278],[-58.797075,-23.779445],[-58.797728,-23.78069],[-58.800314,-23.779714],[-58.800852,-23.779402],[-58.80032,-23.778295],[-58.800906,-23.77792],[-58.800902,-23.777442],[-58.799953,-23.776877],[-58.799109,-23.776823],[-58.798901,-23.776364],[-58.799821,-23.775694],[-58.800678,-23.774176],[-58.801488,-23.774093],[-58.80166,-23.774447],[-58.800869,-23.774731],[-58.80122,-23.77587],[-58.801507,-23.775899],[-58.801771,-23.775326],[-58.802244,-23.775307],[-58.802943,-23.776057],[-58.804456,-23.775552],[-58.805477,-23.776516],[-58.806272,-23.776804],[-58.807838,-23.776392],[-58.807933,-23.775712],[-58.806389,-23.774889],[-58.8062,-23.774458],[-58.806662,-23.773282],[-58.807393,-23.773925],[-58.80829,-23.774011],[-58.808803,-23.772973],[-58.809641,-23.772597],[-58.809808,-23.771915],[-58.810539,-23.771046],[-58.810412,-23.770106],[-58.809464,-23.769867],[-58.808914,-23.76873],[-58.808752,-23.767479],[-58.809269,-23.766966],[-58.809658,-23.766994],[-58.809938,-23.767764],[-58.810625,-23.767342],[-58.812596,-23.767497],[-58.812916,-23.769207],[-58.813372,-23.769203],[-58.813447,-23.768154],[-58.814015,-23.767749],[-58.814505,-23.767807],[-58.81512,-23.768619],[-58.816151,-23.769026],[-58.816382,-23.768517],[-58.81531,-23.767322],[-58.815272,-23.766843],[-58.815727,-23.766856],[-58.816477,-23.767653],[-58.816933,-23.767727],[-58.817391,-23.766134],[-58.817744,-23.766023],[-58.818222,-23.766636],[-58.819284,-23.766597],[-58.819455,-23.766905],[-58.81907,-23.767464],[-58.819047,-23.768605],[-58.820583,-23.771489],[-58.821118,-23.771954],[-58.82246,-23.772084],[-58.823326,-23.772647],[-58.824065,-23.772689],[-58.824547,-23.772101],[-58.824049,-23.771009],[-58.824837,-23.770648],[-58.825723,-23.771613],[-58.826802,-23.771745],[-58.828024,-23.772492],[-58.828814,-23.772117],[-58.828472,-23.771594],[-58.828636,-23.771175],[-58.830746,-23.771298],[-58.83283,-23.770495],[-58.832298,-23.767767],[-58.832665,-23.76755],[-58.833159,-23.767977],[-58.834465,-23.767135],[-58.834066,-23.765795],[-58.834721,-23.765558],[-58.83494,-23.76495],[-58.836623,-23.765263],[-58.835793,-23.763864],[-58.835752,-23.763093],[-58.836085,-23.76249],[-58.837417,-23.762741],[-58.838755,-23.763903],[-58.839007,-23.763778],[-58.838664,-23.763179],[-58.840076,-23.762767],[-58.840003,-23.762043],[-58.838359,-23.76067],[-58.838521,-23.760113],[-58.839276,-23.759798],[-58.841557,-23.760598],[-58.842422,-23.761222],[-58.84377,-23.761383],[-58.843994,-23.76026],[-58.845972,-23.759505],[-58.847439,-23.75946],[-58.847756,-23.760255],[-58.847025,-23.76165],[-58.847567,-23.761892],[-58.848153,-23.763275],[-58.848946,-23.76374],[-58.849248,-23.763583],[-58.849001,-23.762398],[-58.850324,-23.763436],[-58.850685,-23.762323],[-58.851881,-23.762205],[-58.852598,-23.761429],[-58.853152,-23.761271],[-58.853425,-23.76153],[-58.852676,-23.762461],[-58.852596,-23.763002],[-58.853441,-23.763227],[-58.854034,-23.763855],[-58.854755,-23.763633],[-58.855435,-23.762626],[-58.856036,-23.763592],[-58.856649,-23.763788],[-58.856884,-23.76354],[-58.856789,-23.762754],[-58.857409,-23.762317],[-58.858834,-23.763871],[-58.860481,-23.763148],[-58.861797,-23.76158],[-58.862457,-23.761853],[-58.862248,-23.763011],[-58.863092,-23.763004],[-58.863938,-23.76346],[-58.865639,-23.763354],[-58.866141,-23.763027],[-58.865966,-23.76238],[-58.864099,-23.762687],[-58.864092,-23.761917],[-58.864562,-23.761697],[-58.865911,-23.761903],[-58.866448,-23.761621],[-58.866781,-23.76114],[-58.866603,-23.76003],[-58.867581,-23.759011],[-58.869443,-23.758256],[-58.869816,-23.758313],[-58.869855,-23.758697],[-58.869237,-23.759628],[-58.869227,-23.760275],[-58.870119,-23.759897],[-58.870799,-23.760044],[-58.87104,-23.760536],[-58.870893,-23.76211],[-58.871398,-23.762183],[-58.872056,-23.761345],[-58.87309,-23.761538],[-58.874093,-23.760759],[-58.875173,-23.760967],[-58.876397,-23.762067],[-58.87757,-23.761641],[-58.87884,-23.76231],[-58.880326,-23.76256],[-58.880406,-23.762143],[-58.879625,-23.761548],[-58.879821,-23.761007],[-58.880208,-23.760849],[-58.883197,-23.761997],[-58.882968,-23.759211],[-58.883321,-23.759053],[-58.883767,-23.759835],[-58.88443,-23.760261],[-58.884114,-23.759062],[-58.885628,-23.75871],[-58.886219,-23.757113],[-58.88623,-23.756481],[-58.884326,-23.756002],[-58.884218,-23.755279],[-58.885657,-23.754405],[-58.888122,-23.751781],[-58.889131,-23.751588],[-58.89045,-23.75221],[-58.891223,-23.752127],[-58.891955,-23.751166],[-58.89218,-23.750116],[-58.893229,-23.748277],[-58.894591,-23.749117],[-58.896336,-23.748809],[-58.898835,-23.749451],[-58.89931,-23.74809],[-58.900442,-23.748312],[-58.902023,-23.748161],[-58.902415,-23.749054],[-58.900652,-23.749345],[-58.901377,-23.750988],[-58.90069,-23.751548],[-58.900644,-23.752149],[-58.902989,-23.753068],[-58.903784,-23.752172],[-58.904826,-23.751978],[-58.905993,-23.753339],[-58.906401,-23.753183],[-58.906674,-23.751901],[-58.908152,-23.75269],[-58.908824,-23.752762],[-58.909327,-23.752449],[-58.909554,-23.751677],[-58.90859,-23.751161],[-58.908405,-23.750761],[-58.909838,-23.750642],[-58.911293,-23.749799],[-58.912365,-23.749773],[-58.913481,-23.75015],[-58.914364,-23.750944],[-58.914115,-23.752963],[-58.914591,-23.753483],[-58.915012,-23.753526],[-58.916935,-23.752095],[-58.917458,-23.750472],[-58.918839,-23.750784],[-58.919792,-23.749311],[-58.920469,-23.749367],[-58.920222,-23.75065],[-58.920678,-23.750661],[-58.920997,-23.750073],[-58.921547,-23.749883],[-58.923737,-23.750951],[-58.924274,-23.750623],[-58.924393,-23.74942],[-58.925187,-23.749367],[-58.925715,-23.749732],[-58.925861,-23.751212],[-58.926439,-23.751684],[-58.927587,-23.751952],[-58.928087,-23.751486],[-58.92838,-23.750374],[-58.92922,-23.750243],[-58.929347,-23.749379],[-58.93056,-23.749569],[-58.931174,-23.748748],[-58.93188,-23.748681],[-58.933287,-23.74947],[-58.934955,-23.749502],[-58.935338,-23.749129],[-58.93502,-23.747807],[-58.93655,-23.747949],[-58.937338,-23.747357],[-58.939186,-23.748258],[-58.939863,-23.748885],[-58.940992,-23.749092],[-58.941623,-23.748302],[-58.941302,-23.747902],[-58.940056,-23.747851],[-58.939865,-23.747221],[-58.940153,-23.745848],[-58.941805,-23.746343],[-58.942334,-23.747032],[-58.943429,-23.747115],[-58.944011,-23.748035],[-58.944759,-23.747089],[-58.945834,-23.746879],[-58.946791,-23.748442],[-58.948578,-23.749041],[-58.949441,-23.74745],[-58.950013,-23.747353],[-58.951288,-23.74791],[-58.951726,-23.747753],[-58.951668,-23.747047],[-58.949317,-23.74531],[-58.949059,-23.744634],[-58.949377,-23.744385],[-58.949954,-23.744641],[-58.950298,-23.745255],[-58.950819,-23.745189],[-58.950869,-23.743833],[-58.951493,-23.742659],[-58.951963,-23.742346],[-58.952435,-23.742481],[-58.953535,-23.743804],[-58.955139,-23.744083],[-58.956153,-23.744936],[-58.957233,-23.745219],[-58.959403,-23.74537],[-58.961335,-23.744894],[-58.963155,-23.745294],[-58.96398,-23.744193],[-58.966055,-23.745039],[-58.966127,-23.74393],[-58.966533,-23.743832],[-58.967128,-23.744396],[-58.967853,-23.744403],[-58.968751,-23.743456],[-58.969889,-23.743017],[-58.969949,-23.742246],[-58.970961,-23.740945],[-58.970124,-23.73795],[-58.971645,-23.737015],[-58.972389,-23.735901],[-58.973272,-23.735593],[-58.973086,-23.735316],[-58.971669,-23.734928],[-58.971696,-23.734405],[-58.973745,-23.733644],[-58.974078,-23.731936],[-58.976418,-23.732285],[-58.977137,-23.732002],[-58.980292,-23.731852],[-58.980111,-23.729852],[-58.980329,-23.729665],[-58.982529,-23.729981],[-58.984702,-23.729189],[-58.987083,-23.730107],[-58.98855,-23.731745],[-58.988987,-23.731757],[-58.989595,-23.730411],[-58.990847,-23.730986],[-58.991885,-23.732163],[-58.992101,-23.73193],[-58.991922,-23.730946],[-58.993634,-23.730438],[-58.993457,-23.731395],[-58.994673,-23.731599],[-58.99473,-23.732292],[-58.995488,-23.732101],[-58.996283,-23.732571],[-58.996663,-23.732121],[-58.996104,-23.731911],[-58.995913,-23.731451],[-58.996691,-23.730027],[-58.997349,-23.730068],[-58.997955,-23.730769],[-58.999454,-23.730541],[-59.000582,-23.730823],[-59.001003,-23.728913],[-59.001404,-23.728785],[-59.001463,-23.729493],[-59.001767,-23.729676],[-59.004188,-23.729592],[-59.003622,-23.731784],[-59.004597,-23.731729],[-59.005492,-23.730629],[-59.00729,-23.729231],[-59.00822,-23.729033],[-59.008661,-23.729461],[-59.00825,-23.730775],[-59.009979,-23.731805],[-59.010482,-23.731477],[-59.010013,-23.730003],[-59.01098,-23.730386],[-59.011383,-23.730258],[-59.011329,-23.729704],[-59.010765,-23.72911],[-59.010795,-23.728478],[-59.0129,-23.727475],[-59.013979,-23.727913],[-59.014247,-23.727787],[-59.014801,-23.725965],[-59.014871,-23.72458],[-59.016479,-23.724011],[-59.016926,-23.725287],[-59.017887,-23.725123],[-59.017978,-23.724539],[-59.017463,-23.723511],[-59.018,-23.723275],[-59.019466,-23.723709],[-59.019159,-23.72194],[-59.019611,-23.721813],[-59.019958,-23.722642],[-59.020688,-23.723144],[-59.020991,-23.723141],[-59.021403,-23.722475],[-59.022905,-23.722909],[-59.023388,-23.722411],[-59.023775,-23.720743],[-59.024668,-23.720827],[-59.025937,-23.721449],[-59.026845,-23.721286],[-59.027947,-23.722047],[-59.028469,-23.720889],[-59.029942,-23.720229],[-59.030263,-23.721796],[-59.031436,-23.722494],[-59.031942,-23.722489],[-59.032168,-23.721948],[-59.0311,-23.721419],[-59.032377,-23.721007],[-59.032215,-23.720389],[-59.032611,-23.719585],[-59.033845,-23.719758],[-59.034934,-23.719225],[-59.036042,-23.71763],[-59.036987,-23.718067],[-59.037484,-23.71734],[-59.038735,-23.718021],[-59.041075,-23.716738],[-59.041692,-23.717826],[-59.042096,-23.718022],[-59.043106,-23.716148],[-59.044515,-23.71589],[-59.046499,-23.716058],[-59.04676,-23.715178],[-59.04844,-23.714967],[-59.04968,-23.716202],[-59.050084,-23.716259],[-59.050796,-23.715206],[-59.052707,-23.714726],[-59.053705,-23.713855],[-59.055694,-23.714681],[-59.056011,-23.714402],[-59.055247,-23.713671],[-59.055208,-23.713195],[-59.056553,-23.713154],[-59.057616,-23.713667],[-59.057958,-23.712634],[-59.058594,-23.712505],[-59.059311,-23.713482],[-59.060093,-23.713535],[-59.061061,-23.712943],[-59.060535,-23.711595],[-59.061494,-23.711432],[-59.062056,-23.710566],[-59.063094,-23.71027],[-59.063973,-23.710662],[-59.065076,-23.709912],[-59.066786,-23.70962],[-59.06677,-23.708468],[-59.067874,-23.707811],[-59.067641,-23.70643],[-59.068092,-23.706317],[-59.068923,-23.707063],[-59.069357,-23.706737],[-59.069381,-23.705815],[-59.070006,-23.704657],[-59.070628,-23.704712],[-59.070802,-23.70531],[-59.071206,-23.705445],[-59.072835,-23.705056],[-59.074134,-23.705506],[-59.075226,-23.705373],[-59.07544,-23.706742],[-59.075901,-23.707584],[-59.076578,-23.707624],[-59.078121,-23.706615],[-59.07982,-23.706938],[-59.081024,-23.706496],[-59.081484,-23.707076],[-59.082074,-23.707225],[-59.083131,-23.705739],[-59.084824,-23.705401],[-59.086584,-23.703971],[-59.087295,-23.702976],[-59.0878,-23.703171],[-59.088924,-23.70499],[-59.089752,-23.704949],[-59.090522,-23.703838],[-59.090289,-23.702795],[-59.091744,-23.70169],[-59.092331,-23.701562],[-59.0935,-23.702549],[-59.096357,-23.703305],[-59.098607,-23.704562],[-59.098861,-23.706328],[-59.098564,-23.707367],[-59.099171,-23.707944],[-59.099169,-23.709173],[-59.099454,-23.709308],[-59.100136,-23.708688],[-59.101244,-23.708815],[-59.101359,-23.710136],[-59.102507,-23.710586],[-59.102916,-23.711058],[-59.102919,-23.712856],[-59.1042,-23.713411],[-59.104848,-23.714347],[-59.107412,-23.713922],[-59.108576,-23.715002],[-59.109504,-23.715332],[-59.109973,-23.715296],[-59.110715,-23.714443],[-59.111118,-23.714378],[-59.111901,-23.715476],[-59.1136,-23.715737],[-59.114386,-23.717066],[-59.114183,-23.718297],[-59.11245,-23.719327],[-59.11249,-23.719678],[-59.114148,-23.719632],[-59.115032,-23.720729],[-59.120227,-23.72223],[-59.120271,-23.724365],[-59.121448,-23.724875],[-59.123526,-23.72737],[-59.124113,-23.727503],[-59.124394,-23.72724],[-59.12439,-23.725691],[-59.12492,-23.725025],[-59.125407,-23.725082],[-59.1259,-23.727074],[-59.126726,-23.727451],[-59.12854,-23.727481],[-59.129492,-23.728638],[-59.130453,-23.728998],[-59.129856,-23.72968],[-59.129671,-23.730567],[-59.132363,-23.731998],[-59.134288,-23.731489],[-59.135489,-23.730833],[-59.13633,-23.731146],[-59.138225,-23.729577],[-59.141507,-23.729849],[-59.143186,-23.729509],[-59.200613,-23.59419],[-59.077755,-23.570071],[-59.080985,-23.558866],[-59.121469,-23.505123],[-59.123726,-23.504985],[-59.125348,-23.505226],[-59.129722,-23.506593],[-59.134073,-23.509961],[-59.136199,-23.510812],[-59.139808,-23.511227],[-59.142093,-23.510835],[-59.152103,-23.505631],[-59.156418,-23.503001],[-59.158409,-23.501429],[-59.164083,-23.499286],[-59.169859,-23.49972],[-59.176329,-23.496021],[-59.180492,-23.494548],[-59.181252,-23.493917],[-59.181573,-23.491352],[-59.182174,-23.490298],[-59.183925,-23.489795],[-59.185133,-23.490932],[-59.186038,-23.490973],[-59.188455,-23.48992],[-59.189234,-23.488957],[-59.188962,-23.487279],[-59.190558,-23.48591],[-59.174989,-23.446907],[-59.175383,-23.443132],[-59.234832,-23.451535],[-59.255353,-23.453874],[-59.288182,-23.423372],[-59.289388,-23.421408],[-59.290031,-23.419671],[-59.291196,-23.418462],[-59.29125,-23.417455],[-59.296527,-23.411384],[-59.297185,-23.409395],[-59.298378,-23.407681],[-59.299531,-23.406723],[-59.303716,-23.400598],[-59.307716,-23.397751],[-59.312186,-23.396438],[-59.316628,-23.395629],[-59.325132,-23.396012],[-59.330251,-23.398008],[-59.331309,-23.398813],[-59.335914,-23.405328],[-59.337507,-23.406409],[-59.339074,-23.407993],[-59.343109,-23.409688],[-59.354345,-23.410444],[-59.357472,-23.408564],[-59.357774,-23.408073],[-59.359449,-23.407642],[-59.362551,-23.406266],[-59.363924,-23.406327],[-59.370274,-23.411153],[-59.374839,-23.408075],[-59.378949,-23.403209],[-59.379552,-23.402227],[-59.379592,-23.401471],[-59.395309,-23.384682],[-59.408154,-23.376875],[-59.410086,-23.346973],[-59.417212,-23.336495],[-59.416946,-23.299017],[-59.414674,-23.298948],[-59.41434,-23.291076],[-59.38713,-23.147936],[-59.262477,-23.074327],[-59.246939,-23.062425],[-59.237877,-23.072453],[-59.235589,-23.075203],[-59.235157,-23.076256],[-59.20407,-23.170379],[-59.196426,-23.193838],[-59.19587,-23.196681],[-59.195962,-23.198689],[-59.196414,-23.200425],[-59.202497,-23.215167],[-59.199481,-23.215912],[-59.199087,-23.215534],[-59.198884,-23.21407],[-59.197641,-23.2139],[-59.197058,-23.215123],[-59.197059,-23.216926],[-59.196401,-23.217626],[-59.194382,-23.217038],[-59.195122,-23.215172],[-59.195246,-23.213157],[-59.194312,-23.212699],[-59.191631,-23.210484],[-59.19032,-23.210112],[-59.187985,-23.210729],[-59.187438,-23.211529],[-59.188062,-23.211975],[-59.190211,-23.212211],[-59.190748,-23.212687],[-59.190414,-23.213204],[-59.189033,-23.21379],[-59.188144,-23.213756],[-59.187506,-23.213643],[-59.186115,-23.212692],[-59.185635,-23.212734],[-59.186604,-23.216882],[-59.186542,-23.217517],[-59.185655,-23.218165],[-59.184189,-23.217715],[-59.183847,-23.217247],[-59.183899,-23.216051],[-59.183513,-23.215794],[-59.181416,-23.217776],[-59.180004,-23.218113],[-59.179946,-23.217068],[-59.180857,-23.215495],[-59.180797,-23.214613],[-59.180214,-23.214348],[-59.178232,-23.215011],[-59.177467,-23.215908],[-59.177909,-23.216714],[-59.179203,-23.217218],[-59.179291,-23.217706],[-59.178869,-23.218235],[-59.175979,-23.217564],[-59.176253,-23.214617],[-59.175451,-23.214785],[-59.173485,-23.216258],[-59.172847,-23.216128],[-59.172779,-23.214307],[-59.171433,-23.212715],[-59.167796,-23.212019],[-59.168362,-23.210364],[-59.16803,-23.209655],[-59.163982,-23.208592],[-59.164226,-23.209948],[-59.163529,-23.210043],[-59.16284,-23.209652],[-59.163977,-23.207074],[-59.164509,-23.203149],[-59.163922,-23.202959],[-59.162399,-23.203426],[-59.161513,-23.202333],[-59.161619,-23.200461],[-59.161327,-23.199616],[-59.15937,-23.198434],[-59.158625,-23.198846],[-59.15903,-23.201465],[-59.1586,-23.20189],[-59.158148,-23.201723],[-59.157696,-23.200767],[-59.158019,-23.198702],[-59.157841,-23.197513],[-59.158211,-23.196633],[-59.15887,-23.196294],[-59.159023,-23.19583],[-59.156508,-23.195648],[-59.156639,-23.196773],[-59.156199,-23.19777],[-59.155023,-23.19827],[-59.153955,-23.198244],[-59.153197,-23.196715],[-59.153339,-23.194977],[-59.152848,-23.194645],[-59.152417,-23.196079],[-59.151144,-23.197375],[-59.150981,-23.198081],[-59.152282,-23.198793],[-59.152755,-23.199628],[-59.152463,-23.202448],[-59.153069,-23.204018],[-59.152949,-23.204484],[-59.152056,-23.205258],[-59.149921,-23.206115],[-59.148074,-23.206132],[-59.147505,-23.205929],[-59.147742,-23.204665],[-59.147061,-23.203773],[-59.146763,-23.202337],[-59.146364,-23.20211],[-59.145562,-23.203052],[-59.146255,-23.205929],[-59.144795,-23.2076],[-59.14483,-23.207919],[-59.147355,-23.208894],[-59.148452,-23.210255],[-59.149299,-23.210274],[-59.149148,-23.210662],[-59.147434,-23.211656],[-59.144397,-23.212417],[-59.140381,-23.211958],[-59.139838,-23.211617],[-59.139877,-23.211076],[-59.141427,-23.209577],[-59.140897,-23.206709],[-59.139876,-23.206685],[-59.138289,-23.208973],[-59.136768,-23.209883],[-59.136024,-23.209201],[-59.136292,-23.207105],[-59.135745,-23.206566],[-59.134436,-23.206683],[-59.133777,-23.208721],[-59.133033,-23.208694],[-59.131224,-23.207943],[-59.131069,-23.207376],[-59.132501,-23.206791],[-59.133191,-23.205712],[-59.133149,-23.205108],[-59.132324,-23.205066],[-59.13062,-23.206767],[-59.129834,-23.206982],[-59.127482,-23.206907],[-59.125965,-23.206559],[-59.125345,-23.206809],[-59.126057,-23.208184],[-59.127641,-23.208124],[-59.127582,-23.209439],[-59.125423,-23.211977],[-59.123513,-23.211815],[-59.123237,-23.212894],[-59.122249,-23.213874],[-59.121621,-23.213837],[-59.121035,-23.213344],[-59.11935,-23.210298],[-59.118624,-23.209967],[-59.117716,-23.211113],[-59.117705,-23.211718],[-59.118014,-23.212155],[-59.119116,-23.21259],[-59.119194,-23.21382],[-59.117767,-23.21707],[-59.11701,-23.216934],[-59.116725,-23.215059],[-59.11588,-23.214571],[-59.114149,-23.216477],[-59.112598,-23.217176],[-59.111293,-23.217156],[-59.108249,-23.216495],[-59.105346,-23.216748],[-59.102537,-23.217464],[-59.101835,-23.215081],[-59.100785,-23.214524],[-59.099192,-23.214643],[-59.097024,-23.213983],[-59.096355,-23.214228],[-59.095675,-23.2154],[-59.095118,-23.215682],[-59.094764,-23.215442],[-59.094497,-23.214067],[-59.093671,-23.212533],[-59.093752,-23.211807],[-59.094799,-23.211029],[-59.09519,-23.209709],[-59.095604,-23.209283],[-59.096804,-23.209754],[-59.097464,-23.209763],[-59.097696,-23.209376],[-59.096985,-23.207309],[-59.096653,-23.204566],[-59.095034,-23.204868],[-59.092746,-23.204324],[-59.091238,-23.204509],[-59.090144,-23.20568],[-59.090108,-23.206788],[-59.089584,-23.207377],[-59.088692,-23.207795],[-59.087738,-23.207757],[-59.087891,-23.206639],[-59.091535,-23.20229],[-59.091643,-23.201716],[-59.090389,-23.200655],[-59.088922,-23.200186],[-59.088012,-23.200669],[-59.087964,-23.202503],[-59.087546,-23.202685],[-59.086551,-23.201661],[-59.086329,-23.200577],[-59.085858,-23.200061],[-59.083471,-23.199296],[-59.083352,-23.198277],[-59.084138,-23.197292],[-59.086122,-23.197171],[-59.08682,-23.196334],[-59.08675,-23.19568],[-59.085877,-23.1953],[-59.081583,-23.196086],[-59.082549,-23.194424],[-59.084261,-23.193094],[-59.085885,-23.192457],[-59.085835,-23.191712],[-59.085273,-23.191309],[-59.084065,-23.192002],[-59.082928,-23.193373],[-59.08198,-23.193884],[-59.08076,-23.193868],[-59.080993,-23.194528],[-59.080144,-23.195437],[-59.078628,-23.195015],[-59.07774,-23.192813],[-59.075409,-23.192255],[-59.075708,-23.193219],[-59.077608,-23.195262],[-59.077937,-23.196065],[-59.077479,-23.197124],[-59.07616,-23.197786],[-59.076351,-23.198613],[-59.078363,-23.19866],[-59.079519,-23.199007],[-59.081486,-23.198931],[-59.081664,-23.199726],[-59.081303,-23.200393],[-59.080316,-23.200719],[-59.077967,-23.200493],[-59.075021,-23.199366],[-59.071906,-23.19961],[-59.070841,-23.200146],[-59.070064,-23.201254],[-59.069165,-23.201417],[-59.069295,-23.20291],[-59.068834,-23.202877],[-59.067994,-23.202465],[-59.067741,-23.201557],[-59.06865,-23.20044],[-59.069169,-23.198807],[-59.06733,-23.195815],[-59.066334,-23.195625],[-59.066175,-23.196905],[-59.066192,-23.197254],[-59.067054,-23.197863],[-59.067033,-23.198696],[-59.064637,-23.2013],[-59.06421,-23.201268],[-59.063884,-23.19971],[-59.061918,-23.1976],[-59.061103,-23.19604],[-59.060553,-23.1962],[-59.059836,-23.197475],[-59.058455,-23.198212],[-59.057564,-23.199585],[-59.057225,-23.199452],[-59.056499,-23.197255],[-59.055251,-23.196465],[-59.053583,-23.196188],[-59.050521,-23.197191],[-59.050309,-23.196788],[-59.05058,-23.195875],[-59.052449,-23.194737],[-59.053121,-23.193654],[-59.05423,-23.192835],[-59.054352,-23.192341],[-59.052671,-23.192237],[-59.049981,-23.19461],[-59.049363,-23.194481],[-59.048196,-23.193207],[-59.048199,-23.192815],[-59.048896,-23.192008],[-59.048658,-23.191485],[-59.047587,-23.191459],[-59.047976,-23.190851],[-59.047874,-23.190211],[-59.047251,-23.189762],[-59.046018,-23.190032],[-59.044249,-23.189752],[-59.042971,-23.18735],[-59.041467,-23.186763],[-59.040715,-23.185094],[-59.040316,-23.185122],[-59.039613,-23.186191],[-59.038153,-23.18638],[-59.03725,-23.186802],[-59.036382,-23.188072],[-59.033784,-23.187532],[-59.032564,-23.187848],[-59.031828,-23.185955],[-59.033431,-23.184469],[-59.03351,-23.183195],[-59.033185,-23.182652],[-59.029735,-23.182991],[-59.027678,-23.182485],[-59.026977,-23.182973],[-59.026956,-23.183761],[-59.027379,-23.184567],[-59.026312,-23.187759],[-59.025544,-23.188349],[-59.025036,-23.188284],[-59.024442,-23.187533],[-59.024648,-23.186342],[-59.023427,-23.184793],[-59.023505,-23.184204],[-59.024779,-23.183481],[-59.025464,-23.180762],[-59.026252,-23.180488],[-59.027091,-23.179736],[-59.027532,-23.177688],[-59.029626,-23.173852],[-59.029396,-23.173116],[-59.028539,-23.172798],[-59.027106,-23.171648],[-59.026429,-23.171604],[-59.025632,-23.17209],[-59.023596,-23.174202],[-59.022372,-23.174975],[-59.021524,-23.174562],[-59.017364,-23.170694],[-59.016414,-23.170156],[-59.015452,-23.170243],[-59.014282,-23.172005],[-59.013626,-23.172283],[-59.011955,-23.172338],[-59.010499,-23.173131],[-59.00917,-23.174339],[-59.00861,-23.175833],[-59.007368,-23.176842],[-59.007007,-23.176752],[-59.006219,-23.175325],[-59.005101,-23.174841],[-59.004705,-23.174841],[-59.003972,-23.175586],[-58.999768,-23.175468],[-58.99758,-23.176413],[-58.997365,-23.178181],[-58.9969,-23.178589],[-58.994531,-23.177706],[-58.994281,-23.177453],[-58.994171,-23.175447],[-58.99033,-23.172823],[-58.989627,-23.173751],[-58.988347,-23.177857],[-58.987747,-23.178018],[-58.986855,-23.17768],[-58.985601,-23.176219],[-58.985616,-23.175901],[-58.987191,-23.175052],[-58.988537,-23.171003],[-58.988066,-23.170818],[-58.98624,-23.171329],[-58.98473,-23.171147],[-58.984441,-23.172394],[-58.983549,-23.173802],[-58.980064,-23.17769],[-58.979133,-23.177924],[-58.978196,-23.176898],[-58.977458,-23.175415],[-58.979765,-23.171254],[-58.979821,-23.169342],[-58.977795,-23.16741],[-58.976626,-23.167113],[-58.975855,-23.167386],[-58.974765,-23.167294],[-58.973938,-23.167686],[-58.973817,-23.168709],[-58.974317,-23.169652],[-58.975783,-23.170437],[-58.97637,-23.171238],[-58.976295,-23.171795],[-58.972909,-23.174769],[-58.971921,-23.174702],[-58.971524,-23.174003],[-58.970972,-23.173785],[-58.970099,-23.174389],[-58.969575,-23.17558],[-58.968781,-23.175972],[-58.967325,-23.175652],[-58.966723,-23.176112],[-58.967994,-23.177623],[-58.968667,-23.179137],[-58.97003,-23.180343],[-58.971272,-23.18021],[-58.971737,-23.1795],[-58.97254,-23.179274],[-58.975472,-23.179935],[-58.975767,-23.180418],[-58.97492,-23.18134],[-58.975073,-23.18224],[-58.977769,-23.182973],[-58.978365,-23.18342],[-58.978318,-23.184378],[-58.976677,-23.185352],[-58.973941,-23.185914],[-58.972869,-23.185522],[-58.970991,-23.184044],[-58.968315,-23.183311],[-58.967305,-23.18333],[-58.966858,-23.183708],[-58.96689,-23.184515],[-58.967901,-23.185558],[-58.967578,-23.186121],[-58.966877,-23.186367],[-58.966169,-23.187494],[-58.966364,-23.189774],[-58.964985,-23.189339],[-58.964043,-23.188605],[-58.962956,-23.188531],[-58.962475,-23.188952],[-58.962548,-23.189517],[-58.963608,-23.190895],[-58.963111,-23.191543],[-58.962389,-23.191819],[-58.960947,-23.191246],[-58.960069,-23.189526],[-58.958911,-23.189192],[-58.956846,-23.191039],[-58.954008,-23.192021],[-58.953686,-23.19251],[-58.953836,-23.192849],[-58.955753,-23.193621],[-58.956408,-23.194428],[-58.956831,-23.19704],[-58.954302,-23.198806],[-58.953644,-23.196881],[-58.95227,-23.196844],[-58.951615,-23.19993],[-58.950546,-23.201772],[-58.949063,-23.202711],[-58.94698,-23.20306],[-58.945882,-23.203674],[-58.944957,-23.206265],[-58.946082,-23.208776],[-58.946051,-23.209897],[-58.945703,-23.210573],[-58.943921,-23.210303],[-58.943545,-23.209511],[-58.943056,-23.209437],[-58.941848,-23.209968],[-58.942293,-23.211815],[-58.941866,-23.212088],[-58.941261,-23.211973],[-58.939604,-23.208593],[-58.938731,-23.207814],[-58.936321,-23.209352],[-58.935196,-23.211425],[-58.934293,-23.212237],[-58.933465,-23.212224],[-58.933324,-23.211005],[-58.932421,-23.210496],[-58.930588,-23.210459],[-58.928102,-23.211378],[-58.926595,-23.213148],[-58.926606,-23.213728],[-58.928289,-23.21452],[-58.929805,-23.21592],[-58.932019,-23.215753],[-58.933224,-23.216526],[-58.934136,-23.218956],[-58.935936,-23.221096],[-58.935864,-23.2222],[-58.933476,-23.223449],[-58.932953,-23.224099],[-58.933109,-23.224576],[-58.934451,-23.225463],[-58.935293,-23.227738],[-58.935104,-23.228367],[-58.933034,-23.229538],[-58.932489,-23.22939],[-58.931871,-23.22828],[-58.930955,-23.228459],[-58.926535,-23.231075],[-58.925223,-23.232856],[-58.924713,-23.232853],[-58.924346,-23.23233],[-58.924557,-23.22975],[-58.925882,-23.227559],[-58.926281,-23.225344],[-58.926921,-23.223884],[-58.926836,-23.223174],[-58.925996,-23.222997],[-58.924754,-23.224251],[-58.924142,-23.224281],[-58.923031,-23.222827],[-58.920644,-23.222386],[-58.920763,-23.223604],[-58.921915,-23.224302],[-58.922585,-23.22518],[-58.922309,-23.22602],[-58.920589,-23.226169],[-58.918529,-23.226812],[-58.918062,-23.226667],[-58.916939,-23.225156],[-58.916308,-23.22515],[-58.916129,-23.22574],[-58.9171,-23.227858],[-58.919074,-23.22993],[-58.920806,-23.232897],[-58.919884,-23.233693],[-58.9187,-23.234153],[-58.917098,-23.233312],[-58.91542,-23.233606],[-58.916393,-23.236671],[-58.916211,-23.237118],[-58.915102,-23.237619],[-58.914117,-23.237563],[-58.913776,-23.237277],[-58.913516,-23.236213],[-58.913666,-23.233497],[-58.91082,-23.231554],[-58.910303,-23.230828],[-58.909652,-23.228645],[-58.908058,-23.226294],[-58.906809,-23.225005],[-58.903398,-23.223166],[-58.90213,-23.223227],[-58.901675,-23.223714],[-58.902375,-23.226933],[-58.901831,-23.228292],[-58.901677,-23.229972],[-58.900588,-23.231415],[-58.898982,-23.232402],[-58.897964,-23.232291],[-58.897428,-23.231905],[-58.896742,-23.22974],[-58.894796,-23.227469],[-58.894496,-23.226244],[-58.894786,-23.225183],[-58.89661,-23.224619],[-58.896461,-23.224014],[-58.895517,-23.223906],[-58.891917,-23.225759],[-58.891401,-23.226663],[-58.891131,-23.228211],[-58.89113,-23.229099],[-58.894759,-23.229098],[-58.895438,-23.229343],[-58.895397,-23.23023],[-58.89436,-23.230859],[-58.890735,-23.230352],[-58.889717,-23.231036],[-58.888833,-23.231],[-58.886531,-23.228897],[-58.88415,-23.227898],[-58.882965,-23.226293],[-58.882522,-23.226528],[-58.882014,-23.228048],[-58.880978,-23.22788],[-58.880047,-23.227137],[-58.879395,-23.227093],[-58.880776,-23.229267],[-58.880605,-23.23031],[-58.879925,-23.231277],[-58.879296,-23.231252],[-58.878711,-23.230305],[-58.878068,-23.230135],[-58.876962,-23.231088],[-58.875896,-23.231554],[-58.874197,-23.232064],[-58.872841,-23.231973],[-58.871987,-23.231304],[-58.872407,-23.230311],[-58.872337,-23.229709],[-58.870832,-23.229432],[-58.870362,-23.22858],[-58.870576,-23.22781],[-58.87218,-23.227186],[-58.871943,-23.22638],[-58.87067,-23.226276],[-58.868395,-23.226799],[-58.867641,-23.227765],[-58.86762,-23.229342],[-58.867038,-23.229971],[-58.864702,-23.229477],[-58.864089,-23.228893],[-58.865279,-23.225963],[-58.867516,-23.22531],[-58.869185,-23.223385],[-58.869691,-23.220562],[-58.868934,-23.218281],[-58.868204,-23.217453],[-58.866229,-23.219194],[-58.865614,-23.220923],[-58.863742,-23.221393],[-58.861927,-23.222298],[-58.861103,-23.222229],[-58.860125,-23.220999],[-58.857542,-23.220948],[-58.854683,-23.219352],[-58.853117,-23.219086],[-58.852124,-23.217599],[-58.847043,-23.214135],[-58.846262,-23.213996],[-58.845149,-23.214658],[-58.842678,-23.213773],[-58.841511,-23.214885],[-58.840645,-23.215032],[-58.839832,-23.212228],[-58.839382,-23.211775],[-58.838543,-23.211597],[-58.837969,-23.212063],[-58.837988,-23.212897],[-58.838461,-23.213731],[-58.837693,-23.215024],[-58.837595,-23.21703],[-58.83678,-23.217898],[-58.835966,-23.218066],[-58.834456,-23.21629],[-58.834898,-23.21444],[-58.834114,-23.213521],[-58.836363,-23.213086],[-58.83578,-23.211215],[-58.835332,-23.211107],[-58.834732,-23.211716],[-58.833999,-23.211796],[-58.833243,-23.209447],[-58.832723,-23.208774],[-58.830744,-23.208114],[-58.828949,-23.208075],[-58.827251,-23.208894],[-58.827118,-23.209614],[-58.829595,-23.212796],[-58.829681,-23.213524],[-58.828462,-23.215158],[-58.825968,-23.215579],[-58.824945,-23.216807],[-58.824748,-23.218372],[-58.824984,-23.221301],[-58.824514,-23.222878],[-58.824842,-23.22467],[-58.824327,-23.224755],[-58.822341,-23.223787],[-58.821176,-23.221325],[-58.819942,-23.220847],[-58.819169,-23.21971],[-58.818611,-23.219417],[-58.816957,-23.219142],[-58.815467,-23.219303],[-58.814046,-23.221019],[-58.812712,-23.223308],[-58.812843,-23.224691],[-58.816214,-23.22383],[-58.818486,-23.222561],[-58.820425,-23.222476],[-58.820129,-23.223334],[-58.816834,-23.227063],[-58.813929,-23.225968],[-58.807326,-23.226138],[-58.801139,-23.22295],[-58.798547,-23.222701],[-58.797722,-23.221834],[-58.795405,-23.22116],[-58.795179,-23.220933],[-58.795476,-23.219659],[-58.795039,-23.218898],[-58.791485,-23.21605],[-58.788725,-23.216411],[-58.78708,-23.216924],[-58.786294,-23.217654],[-58.786158,-23.218158],[-58.786607,-23.21872],[-58.787112,-23.220753],[-58.788036,-23.22079],[-58.788706,-23.219656],[-58.789335,-23.2193],[-58.789742,-23.219499],[-58.789974,-23.220378],[-58.788747,-23.221562],[-58.788844,-23.222786],[-58.788256,-23.224306],[-58.788255,-23.22726],[-58.788596,-23.228418],[-58.789266,-23.229355],[-58.789223,-23.229862],[-58.786596,-23.231839],[-58.785672,-23.231747],[-58.783494,-23.228556],[-58.783625,-23.227091],[-58.782871,-23.224647],[-58.782086,-23.223707],[-58.781117,-23.223286],[-58.780135,-23.22361],[-58.778536,-23.225542],[-58.778376,-23.226426],[-58.780053,-23.228787],[-58.780441,-23.231852],[-58.783538,-23.235625],[-58.783465,-23.236729],[-58.782727,-23.237281],[-58.780018,-23.236917],[-58.779511,-23.23637],[-58.778906,-23.234185],[-58.778242,-23.233178],[-58.776317,-23.232774],[-58.77577,-23.233497],[-58.775167,-23.235849],[-58.774118,-23.236657],[-58.773624,-23.238021],[-58.771921,-23.240673],[-58.771921,-23.241852],[-58.7727,-23.242028],[-58.773189,-23.242502],[-58.773091,-23.24375],[-58.772605,-23.244366],[-58.770773,-23.245264],[-58.769219,-23.244222],[-58.76791,-23.24435],[-58.765827,-23.245719],[-58.761696,-23.245426],[-58.761146,-23.24495],[-58.759726,-23.244472],[-58.757467,-23.24418],[-58.757017,-23.24498],[-58.755727,-23.24549],[-58.754896,-23.245455],[-58.752949,-23.244603],[-58.751508,-23.24436],[-58.751512,-23.242419],[-58.75077,-23.242534],[-58.749682,-23.243269],[-58.747956,-23.243017],[-58.747879,-23.241437],[-58.746249,-23.240791],[-58.745072,-23.239418],[-58.744605,-23.239689],[-58.74463,-23.242048],[-58.744107,-23.242245],[-58.741823,-23.240446],[-58.738838,-23.239272],[-58.738868,-23.238656],[-58.739318,-23.238311],[-58.739132,-23.23763],[-58.736382,-23.237812],[-58.736146,-23.238508],[-58.736765,-23.240819],[-58.737646,-23.241438],[-58.738447,-23.242737],[-58.740063,-23.244187],[-58.739686,-23.244643],[-58.738387,-23.244953],[-58.738313,-23.245314],[-58.739155,-23.246255],[-58.739682,-23.246385],[-58.740354,-23.246014],[-58.740958,-23.244876],[-58.741996,-23.243849],[-58.743771,-23.244716],[-58.743809,-23.245154],[-58.743344,-23.245772],[-58.743275,-23.247203],[-58.743762,-23.249402],[-58.744133,-23.249908],[-58.743974,-23.250754],[-58.740332,-23.250703],[-58.739596,-23.2504],[-58.739621,-23.248587],[-58.738422,-23.247214],[-58.737528,-23.24682],[-58.737107,-23.246965],[-58.737177,-23.247705],[-58.736788,-23.248362],[-58.735875,-23.249199],[-58.731541,-23.248564],[-58.731993,-23.250672],[-58.734717,-23.252417],[-58.735647,-23.253618],[-58.735717,-23.254239],[-58.734896,-23.254878],[-58.733404,-23.255433],[-58.732554,-23.256671],[-58.730794,-23.255869],[-58.730251,-23.256066],[-58.728942,-23.257359],[-58.72837,-23.257336],[-58.726493,-23.254479],[-58.726939,-23.254172],[-58.728149,-23.25413],[-58.728744,-23.253717],[-58.728617,-23.253041],[-58.727251,-23.251005],[-58.728173,-23.248661],[-58.727596,-23.248348],[-58.725515,-23.249355],[-58.723895,-23.249325],[-58.72379,-23.251464],[-58.722887,-23.252043],[-58.721442,-23.252055],[-58.721092,-23.252351],[-58.721386,-23.253216],[-58.723268,-23.253984],[-58.722997,-23.256336],[-58.723253,-23.25838],[-58.722361,-23.260471],[-58.722345,-23.262032],[-58.721929,-23.262453],[-58.720709,-23.262312],[-58.719225,-23.26161],[-58.718046,-23.262184],[-58.717424,-23.262011],[-58.717411,-23.261501],[-58.71823,-23.260064],[-58.719448,-23.259423],[-58.719687,-23.258961],[-58.71954,-23.257956],[-58.718677,-23.257394],[-58.716086,-23.257434],[-58.716382,-23.259462],[-58.716069,-23.259866],[-58.714265,-23.259197],[-58.71326,-23.259738],[-58.712549,-23.259746],[-58.712223,-23.259587],[-58.712209,-23.257665],[-58.70905,-23.256866],[-58.708479,-23.258127],[-58.708655,-23.258535],[-58.70985,-23.2592],[-58.709321,-23.26034],[-58.708235,-23.260731],[-58.705918,-23.26082],[-58.703081,-23.2619],[-58.702686,-23.261484],[-58.702369,-23.259021],[-58.701197,-23.257046],[-58.700628,-23.256719],[-58.699343,-23.260385],[-58.697962,-23.260347],[-58.697343,-23.259374],[-58.697374,-23.258016],[-58.696684,-23.257932],[-58.695553,-23.258356],[-58.693996,-23.257913],[-58.694159,-23.256993],[-58.695276,-23.255623],[-58.694943,-23.253465],[-58.695647,-23.253186],[-58.696836,-23.253561],[-58.698126,-23.253559],[-58.698091,-23.252739],[-58.69699,-23.251784],[-58.696962,-23.251111],[-58.697805,-23.250472],[-58.697683,-23.249722],[-58.697184,-23.249393],[-58.693729,-23.250417],[-58.694085,-23.252431],[-58.693281,-23.253398],[-58.692744,-23.254829],[-58.691658,-23.25604],[-58.690467,-23.256499],[-58.688634,-23.255951],[-58.686646,-23.25696],[-58.685851,-23.257071],[-58.685281,-23.256629],[-58.685048,-23.254894],[-58.683347,-23.253116],[-58.681009,-23.252565],[-58.680916,-23.253871],[-58.680487,-23.254217],[-58.679919,-23.253231],[-58.68043,-23.252144],[-58.68047,-23.250727],[-58.679915,-23.250268],[-58.675782,-23.253792],[-58.674719,-23.254362],[-58.673823,-23.25407],[-58.673496,-23.253475],[-58.674175,-23.252104],[-58.673981,-23.251095],[-58.672695,-23.251587],[-58.67127,-23.251676],[-58.670617,-23.252887],[-58.670065,-23.253265],[-58.669065,-23.253076],[-58.668218,-23.250169],[-58.666094,-23.249101],[-58.66636,-23.247768],[-58.664046,-23.247382],[-58.662714,-23.245388],[-58.661302,-23.245041],[-58.65933,-23.244871],[-58.658874,-23.245271],[-58.6589,-23.246277],[-58.658084,-23.246789],[-58.657197,-23.246752],[-58.656634,-23.246181],[-58.656367,-23.244369],[-58.654662,-23.244463],[-58.653312,-23.243772],[-58.652894,-23.244227],[-58.653152,-23.245],[-58.652978,-23.245357],[-58.651911,-23.245749],[-58.650474,-23.245636],[-58.649746,-23.245969],[-58.649614,-23.246617],[-58.650696,-23.247171],[-58.651739,-23.24725],[-58.65256,-23.247791],[-58.653885,-23.249827],[-58.654307,-23.251767],[-58.654059,-23.252009],[-58.652984,-23.251749],[-58.65181,-23.252318],[-58.650085,-23.25107],[-58.648678,-23.251229],[-58.64788,-23.251013],[-58.64802,-23.249349],[-58.645751,-23.249218],[-58.643956,-23.248073],[-58.64269,-23.248202],[-58.640951,-23.247767],[-58.639981,-23.246565],[-58.637892,-23.245226],[-58.636842,-23.24649],[-58.633215,-23.246248],[-58.631953,-23.245304],[-58.631499,-23.246177],[-58.631878,-23.250225],[-58.631049,-23.250572],[-58.629577,-23.250581],[-58.628963,-23.251194],[-58.629159,-23.252118],[-58.628026,-23.253568],[-58.628132,-23.255367],[-58.626977,-23.257208],[-58.626976,-23.258407],[-58.627909,-23.2595],[-58.628518,-23.261996],[-58.630875,-23.260699],[-58.632438,-23.260726],[-58.633384,-23.260401],[-58.633653,-23.259777],[-58.63295,-23.258746],[-58.633054,-23.258223],[-58.634076,-23.25843],[-58.634995,-23.259087],[-58.635441,-23.259688],[-58.635522,-23.260417],[-58.634557,-23.262324],[-58.634027,-23.264244],[-58.632477,-23.264764],[-58.631432,-23.264683],[-58.629615,-23.263849],[-58.627821,-23.264082],[-58.627676,-23.264753],[-58.629236,-23.266648],[-58.628871,-23.267706],[-58.628783,-23.271554],[-58.628194,-23.271892],[-58.626887,-23.271824],[-58.625623,-23.272466],[-58.62381,-23.272201],[-58.621779,-23.273753],[-58.621675,-23.274274],[-58.622613,-23.275765],[-58.620534,-23.276119],[-58.619897,-23.276671],[-58.619747,-23.2777],[-58.620314,-23.279032],[-58.619698,-23.280294],[-58.618296,-23.279873],[-58.617103,-23.27839],[-58.615771,-23.277318],[-58.616093,-23.274769],[-58.615698,-23.27401],[-58.613583,-23.275081],[-58.613488,-23.275767],[-58.613991,-23.276332],[-58.613564,-23.277099],[-58.613527,-23.277951],[-58.614828,-23.279025],[-58.614907,-23.279429],[-58.614841,-23.280132],[-58.613929,-23.281107],[-58.613996,-23.281728],[-58.614705,-23.282123],[-58.614509,-23.282845],[-58.612768,-23.283987],[-58.61205,-23.285704],[-58.610571,-23.287245],[-58.609548,-23.287148],[-58.608949,-23.285558],[-58.608345,-23.284913],[-58.607262,-23.284358],[-58.606859,-23.284524],[-58.606043,-23.285744],[-58.606048,-23.286454],[-58.607647,-23.287105],[-58.608262,-23.287894],[-58.60816,-23.288271],[-58.606418,-23.289472],[-58.605503,-23.291395],[-58.606413,-23.291601],[-58.607176,-23.292178],[-58.607593,-23.29456],[-58.607427,-23.294833],[-58.606628,-23.294681],[-58.605982,-23.293981],[-58.604913,-23.293661],[-58.603432,-23.2946],[-58.602417,-23.295835],[-58.602477,-23.296113],[-58.603404,-23.296148],[-58.603962,-23.296586],[-58.603928,-23.29779],[-58.603411,-23.299112],[-58.604268,-23.299611],[-58.605825,-23.299722],[-58.606013,-23.301025],[-58.6032,-23.302368],[-58.601766,-23.303815],[-58.600085,-23.304627],[-58.59941,-23.305613],[-58.597885,-23.302682],[-58.59753,-23.301207],[-58.597171,-23.300845],[-58.596535,-23.300957],[-58.594748,-23.303149],[-58.594776,-23.303613],[-58.595704,-23.304145],[-58.595867,-23.305629],[-58.596399,-23.306602],[-58.596396,-23.307668],[-58.596009,-23.308279],[-58.59411,-23.30799],[-58.593304,-23.308512],[-58.592724,-23.308465],[-58.593218,-23.306385],[-58.59313,-23.306059],[-58.592254,-23.305886],[-58.591733,-23.306279],[-58.591703,-23.306946],[-58.592362,-23.3091],[-58.590524,-23.309951],[-58.589993,-23.310485],[-58.589616,-23.310446],[-58.589405,-23.308676],[-58.587053,-23.309253],[-58.586253,-23.309128],[-58.585966,-23.308837],[-58.586049,-23.307152],[-58.585265,-23.307208],[-58.58404,-23.308547],[-58.582644,-23.308259],[-58.581838,-23.306189],[-58.579211,-23.306724],[-58.576897,-23.307599],[-58.575388,-23.307443],[-58.575254,-23.308273],[-58.57669,-23.309862],[-58.576658,-23.310485],[-58.576364,-23.31082],[-58.574543,-23.310906],[-58.574598,-23.311789],[-58.575989,-23.314674],[-58.576923,-23.315312],[-58.577033,-23.315686],[-58.57499,-23.316397],[-58.573736,-23.31632],[-58.571469,-23.315538],[-58.570636,-23.315572],[-58.570723,-23.317544],[-58.569526,-23.320346],[-58.56907,-23.32028],[-58.567992,-23.319099],[-58.566711,-23.32034],[-58.565261,-23.320603],[-58.565332,-23.321255],[-58.566899,-23.322806],[-58.566752,-23.323823],[-58.565771,-23.324294],[-58.56446,-23.324214],[-58.563706,-23.323574],[-58.561845,-23.324011],[-58.561249,-23.3238],[-58.561091,-23.322911],[-58.561349,-23.321787],[-58.55929,-23.321097],[-58.558321,-23.319319],[-58.556997,-23.320673],[-58.555025,-23.320291],[-58.552001,-23.32123],[-58.551002,-23.321027],[-58.551678,-23.319215],[-58.550753,-23.319109],[-58.550184,-23.319362],[-58.549144,-23.319019],[-58.549229,-23.318377],[-58.550766,-23.316237],[-58.549198,-23.315896],[-58.549213,-23.315595],[-58.551257,-23.315056],[-58.552444,-23.31434],[-58.55307,-23.313511],[-58.55296,-23.31265],[-58.549487,-23.312134],[-58.547303,-23.311418],[-58.546157,-23.312157],[-58.544492,-23.312689],[-58.542838,-23.312481],[-58.542558,-23.313026],[-58.542887,-23.314057],[-58.542324,-23.314241],[-58.541396,-23.31256],[-58.538952,-23.312063],[-58.538884,-23.310534],[-58.538306,-23.310487],[-58.537076,-23.311892],[-58.535967,-23.311915],[-58.535639,-23.311392],[-58.535647,-23.310119],[-58.535357,-23.309829],[-58.533075,-23.310151],[-58.531556,-23.309254],[-58.529693,-23.308872],[-58.527277,-23.309653],[-58.528042,-23.311536],[-58.527602,-23.312258],[-58.526159,-23.312891],[-58.524235,-23.31258],[-58.523095,-23.313226],[-58.522267,-23.313145],[-58.522214,-23.311685],[-58.522521,-23.310586],[-58.521123,-23.310296],[-58.519077,-23.310858],[-58.519263,-23.3117],[-58.519975,-23.312077],[-58.51979,-23.312786],[-58.519211,-23.313339],[-58.518327,-23.313349],[-58.517345,-23.311712],[-58.516738,-23.311292],[-58.516003,-23.311771],[-58.515553,-23.31284],[-58.514045,-23.312776],[-58.51345,-23.313075],[-58.511285,-23.314785],[-58.510896,-23.315509],[-58.512301,-23.316151],[-58.514024,-23.316453],[-58.514507,-23.317376],[-58.515115,-23.317818],[-58.515128,-23.319578],[-58.513888,-23.321192],[-58.512721,-23.32133],[-58.511976,-23.32109],[-58.511071,-23.320056],[-58.509624,-23.319185],[-58.508701,-23.319562],[-58.507847,-23.320521],[-58.506316,-23.320919],[-58.504353,-23.322342],[-58.503617,-23.323796],[-58.502382,-23.324289],[-58.502159,-23.324674],[-58.502191,-23.325114],[-58.503155,-23.326316],[-58.503071,-23.326916],[-58.501398,-23.326377],[-58.500564,-23.326388],[-58.499688,-23.328692],[-58.498233,-23.33053],[-58.497325,-23.330537],[-58.496328,-23.329383],[-58.494624,-23.329104],[-58.494282,-23.329923],[-58.494835,-23.331984],[-58.494671,-23.332766],[-58.493704,-23.332448],[-58.49268,-23.330642],[-58.491272,-23.329077],[-58.490713,-23.329147],[-58.489527,-23.330185],[-58.489053,-23.330073],[-58.48915,-23.328107],[-58.484572,-23.326505],[-58.483768,-23.326472],[-58.483757,-23.327047],[-58.483322,-23.327606],[-58.481372,-23.327065],[-58.480071,-23.327562],[-58.480287,-23.328868],[-58.481725,-23.330226],[-58.481657,-23.331196],[-58.481002,-23.332187],[-58.47987,-23.332116],[-58.479005,-23.331664],[-58.478078,-23.331857],[-58.477547,-23.331394],[-58.478107,-23.329587],[-58.477504,-23.32845],[-58.47754,-23.327596],[-58.47879,-23.326862],[-58.477272,-23.325037],[-58.475925,-23.324862],[-58.474806,-23.323764],[-58.474002,-23.324171],[-58.474073,-23.325639],[-58.473789,-23.326253],[-58.472021,-23.325829],[-58.47161,-23.325973],[-58.471615,-23.326413],[-58.47248,-23.327703],[-58.47366,-23.328727],[-58.473365,-23.330127],[-58.472837,-23.330568],[-58.472184,-23.33054],[-58.470899,-23.328981],[-58.47026,-23.329185],[-58.468969,-23.330704],[-58.467173,-23.33137],[-58.465554,-23.333476],[-58.46466,-23.33522],[-58.46306,-23.335898],[-58.461735,-23.335593],[-58.461258,-23.33413],[-58.460032,-23.332434],[-58.458951,-23.332806],[-58.458127,-23.333629],[-58.458861,-23.335469],[-58.458189,-23.33676],[-58.456395,-23.337246],[-58.454381,-23.33878],[-58.454446,-23.339646],[-58.455524,-23.340255],[-58.455601,-23.34084],[-58.455222,-23.341424],[-58.454635,-23.34192],[-58.452721,-23.34256],[-58.451517,-23.343993],[-58.45092,-23.34417],[-58.450153,-23.343778],[-58.450222,-23.341493],[-58.449326,-23.341534],[-58.447849,-23.342675],[-58.446944,-23.342877],[-58.446535,-23.34274],[-58.446194,-23.340941],[-58.44583,-23.340765],[-58.445159,-23.341097],[-58.44277,-23.343558],[-58.441311,-23.342516],[-58.440407,-23.342599],[-58.43912,-23.342223],[-58.438501,-23.343278],[-58.438522,-23.343958],[-58.440531,-23.344969],[-58.441181,-23.345909],[-58.43935,-23.347137],[-58.437245,-23.346486],[-58.436239,-23.346964],[-58.435633,-23.348581],[-58.434529,-23.349634],[-58.435758,-23.350429],[-58.434843,-23.351292],[-58.433963,-23.351455],[-58.43201,-23.351171],[-58.431446,-23.351448],[-58.431862,-23.352467],[-58.432835,-23.353109],[-58.433162,-23.355647],[-58.433616,-23.355707],[-58.434889,-23.355043],[-58.435303,-23.35554],[-58.435296,-23.356963],[-58.434669,-23.357717],[-58.433254,-23.357561],[-58.431877,-23.357775],[-58.430635,-23.357452],[-58.430392,-23.357197],[-58.430546,-23.355694],[-58.428898,-23.354222],[-58.427467,-23.355392],[-58.426224,-23.355538],[-58.425994,-23.355809],[-58.425565,-23.356873],[-58.426277,-23.357445],[-58.426222,-23.358262],[-58.425728,-23.358703],[-58.422037,-23.357783],[-58.42112,-23.358264],[-58.420095,-23.359603],[-58.417938,-23.360433],[-58.416566,-23.360392],[-58.416149,-23.359979],[-58.415453,-23.359891],[-58.414668,-23.36074],[-58.413992,-23.360692],[-58.413676,-23.360056],[-58.414272,-23.35904],[-58.414164,-23.357388],[-58.411645,-23.357641],[-58.41114,-23.35708],[-58.411321,-23.356486],[-58.413029,-23.355617],[-58.413282,-23.355007],[-58.412527,-23.354733],[-58.411192,-23.355157],[-58.4106,-23.354811],[-58.410808,-23.354077],[-58.41276,-23.353283],[-58.412842,-23.352526],[-58.412126,-23.35025],[-58.411615,-23.349987],[-58.41067,-23.350299],[-58.409167,-23.349854],[-58.407924,-23.3499],[-58.405248,-23.350988],[-58.405231,-23.352308],[-58.40495,-23.352697],[-58.404513,-23.352718],[-58.40385,-23.351048],[-58.402537,-23.349406],[-58.402421,-23.348167],[-58.401506,-23.347762],[-58.400824,-23.347888],[-58.400268,-23.348504],[-58.400107,-23.350387],[-58.399601,-23.350885],[-58.399734,-23.351713],[-58.401063,-23.35177],[-58.400998,-23.35303],[-58.399797,-23.354341],[-58.39815,-23.354953],[-58.39819,-23.355896],[-58.397854,-23.356483],[-58.396838,-23.35628],[-58.396287,-23.354291],[-58.394764,-23.353364],[-58.393587,-23.353675],[-58.392788,-23.354981],[-58.392148,-23.355074],[-58.391704,-23.353935],[-58.392481,-23.352584],[-58.392119,-23.352048],[-58.390288,-23.351255],[-58.390318,-23.349835],[-58.389804,-23.34875],[-58.389845,-23.347848],[-58.389552,-23.347636],[-58.389187,-23.347643],[-58.388579,-23.348439],[-58.387288,-23.349282],[-58.385855,-23.34958],[-58.3843,-23.35056],[-58.383826,-23.350444],[-58.383698,-23.349518],[-58.384887,-23.34762],[-58.384702,-23.34697],[-58.383823,-23.347054],[-58.383513,-23.346718],[-58.385084,-23.345021],[-58.384639,-23.343901],[-58.383622,-23.343758],[-58.381154,-23.342362],[-58.380789,-23.341896],[-58.38009,-23.342119],[-58.378952,-23.341747],[-58.378572,-23.342289],[-58.379092,-23.343623],[-58.378963,-23.344193],[-58.377978,-23.343936],[-58.376933,-23.342921],[-58.376473,-23.343495],[-58.376768,-23.344676],[-58.37651,-23.345169],[-58.375282,-23.34499],[-58.373776,-23.345752],[-58.372725,-23.34562],[-58.37203,-23.344312],[-58.372438,-23.343575],[-58.373368,-23.342968],[-58.373349,-23.342572],[-58.372235,-23.341413],[-58.371668,-23.34026],[-58.368769,-23.339974],[-58.368085,-23.338777],[-58.366217,-23.337054],[-58.365565,-23.337206],[-58.364976,-23.338242],[-58.361865,-23.337427],[-58.361148,-23.336875],[-58.36117,-23.336445],[-58.361889,-23.335739],[-58.361761,-23.335194],[-58.361124,-23.334715],[-58.360474,-23.335156],[-58.360185,-23.336152],[-58.357823,-23.335674],[-58.357582,-23.33658],[-58.357903,-23.337187],[-58.357428,-23.337689],[-58.356663,-23.337297],[-58.355497,-23.337499],[-58.354628,-23.3373],[-58.355357,-23.336],[-58.354132,-23.335749],[-58.353362,-23.336725],[-58.353333,-23.337335],[-58.353663,-23.33778],[-58.353287,-23.338302],[-58.351873,-23.33772],[-58.351978,-23.337133],[-58.352888,-23.336417],[-58.352937,-23.335843],[-58.351936,-23.335513],[-58.351038,-23.335834],[-58.349125,-23.337407],[-58.349715,-23.338923],[-58.349728,-23.339874],[-58.350593,-23.339768],[-58.351248,-23.339185],[-58.351608,-23.339434],[-58.351286,-23.341],[-58.349035,-23.342177],[-58.34908,-23.342846],[-58.350152,-23.343667],[-58.350133,-23.344043],[-58.349946,-23.344267],[-58.349306,-23.344185],[-58.347483,-23.343084],[-58.346882,-23.343364],[-58.346861,-23.343776],[-58.34749,-23.344881],[-58.349371,-23.344835],[-58.350503,-23.345243],[-58.351515,-23.345033],[-58.351765,-23.345997],[-58.351331,-23.346806],[-58.349985,-23.347432],[-58.349056,-23.348381],[-58.347841,-23.347215],[-58.345784,-23.346515],[-58.345443,-23.347847],[-58.344601,-23.347848],[-58.344237,-23.347223],[-58.344888,-23.345921],[-58.344845,-23.345253],[-58.343984,-23.345234],[-58.343268,-23.346104],[-58.342938,-23.348587],[-58.342372,-23.349643],[-58.342161,-23.349907],[-58.340844,-23.349908],[-58.341654,-23.351071],[-58.341385,-23.352375],[-58.342371,-23.352744],[-58.342265,-23.353278],[-58.34068,-23.354179],[-58.339412,-23.353512],[-58.337523,-23.353271],[-58.336635,-23.352107],[-58.334111,-23.35221],[-58.333535,-23.350447],[-58.332133,-23.350315],[-58.331797,-23.350745],[-58.331696,-23.353471],[-58.332946,-23.35358],[-58.333566,-23.354073],[-58.333468,-23.354482],[-58.33283,-23.354706],[-58.331285,-23.354281],[-58.33106,-23.354469],[-58.331178,-23.355554],[-58.331655,-23.356222],[-58.332122,-23.356279],[-58.333916,-23.355687],[-58.334494,-23.355855],[-58.334342,-23.356926],[-58.333231,-23.357603],[-58.330398,-23.357446],[-58.329253,-23.357939],[-58.328808,-23.357795],[-58.328496,-23.356699],[-58.328005,-23.356749],[-58.327937,-23.35756],[-58.328383,-23.358512],[-58.328003,-23.359139],[-58.327732,-23.359092],[-58.326323,-23.35738],[-58.325625,-23.356953],[-58.324762,-23.358279],[-58.324327,-23.358009],[-58.324461,-23.356803],[-58.324224,-23.356],[-58.322407,-23.354449],[-58.321992,-23.354577],[-58.321338,-23.355787],[-58.319816,-23.356516],[-58.319137,-23.356378],[-58.31736,-23.355156],[-58.317069,-23.354711],[-58.318202,-23.353965],[-58.318262,-23.35314],[-58.317653,-23.35279],[-58.316166,-23.352763],[-58.316071,-23.352327],[-58.316691,-23.351293],[-58.316325,-23.350791],[-58.312727,-23.351429],[-58.312083,-23.351401],[-58.311117,-23.350712],[-58.309861,-23.350981],[-58.308719,-23.350825],[-58.307757,-23.349989],[-58.306946,-23.350097],[-58.306101,-23.350795],[-58.305208,-23.350631],[-58.304829,-23.349607],[-58.305469,-23.348306],[-58.306113,-23.347991],[-58.306362,-23.346488],[-58.304079,-23.345059],[-58.304262,-23.344185],[-58.304058,-23.343582],[-58.302774,-23.343055],[-58.302934,-23.341787],[-58.301381,-23.341865],[-58.299964,-23.34121],[-58.296895,-23.341402],[-58.295271,-23.340899],[-58.295013,-23.340563],[-58.295198,-23.339299],[-58.294205,-23.337238],[-58.294325,-23.33528],[-58.292259,-23.334309],[-58.292526,-23.332935],[-58.291375,-23.332722],[-58.290483,-23.332973],[-58.289543,-23.333437],[-58.288192,-23.335017],[-58.286261,-23.335713],[-58.285637,-23.335613],[-58.284173,-23.334529],[-58.284375,-23.33302],[-58.283702,-23.332416],[-58.28269,-23.332283],[-58.281473,-23.332625],[-58.28033,-23.331964],[-58.278274,-23.331588],[-58.27834,-23.330278],[-58.277295,-23.329261],[-58.276501,-23.327913],[-58.274405,-23.328613],[-58.274182,-23.330242],[-58.273352,-23.330783],[-58.272521,-23.330549],[-58.270697,-23.328036],[-58.268423,-23.328785],[-58.264335,-23.328952],[-58.262777,-23.33034],[-58.262246,-23.33149],[-58.260685,-23.330954],[-58.259677,-23.331488],[-58.259757,-23.332608],[-58.259079,-23.333227],[-58.257908,-23.333104],[-58.256868,-23.332375],[-58.255099,-23.333217],[-58.254083,-23.332759],[-58.253179,-23.332738],[-58.251988,-23.333732],[-58.249538,-23.334859],[-58.247212,-23.335408],[-58.246347,-23.336147],[-58.246469,-23.337754],[-58.245555,-23.337553],[-58.244663,-23.336523],[-58.24307,-23.336977],[-58.241794,-23.336218],[-58.238791,-23.335841],[-58.237585,-23.336059],[-58.236396,-23.335521],[-58.236044,-23.335506],[-58.235359,-23.336555],[-58.234232,-23.337173],[-58.232666,-23.337105],[-58.231149,-23.340884],[-58.229267,-23.340818],[-58.228489,-23.341377],[-58.228892,-23.342748],[-58.228417,-23.344043],[-58.229504,-23.344666],[-58.229494,-23.345242],[-58.228774,-23.345912],[-58.227463,-23.346111],[-58.227332,-23.346754],[-58.227684,-23.347201],[-58.227292,-23.347597],[-58.226038,-23.34794],[-58.225977,-23.34912],[-58.225071,-23.34919],[-58.224294,-23.348652],[-58.222587,-23.349027],[-58.221847,-23.348167],[-58.221561,-23.348389],[-58.221719,-23.349512],[-58.222385,-23.349522],[-58.222381,-23.352638],[-58.222201,-23.353063],[-58.22164,-23.353291],[-58.219969,-23.35293],[-58.219539,-23.353902],[-58.220483,-23.355098],[-58.222003,-23.355036],[-58.221405,-23.356706],[-58.222606,-23.357786],[-58.221064,-23.359024],[-58.219982,-23.35941],[-58.219145,-23.358353],[-58.218143,-23.3577],[-58.216906,-23.357758],[-58.21667,-23.358562],[-58.216074,-23.359039],[-58.214628,-23.356974],[-58.212218,-23.357609],[-58.211817,-23.356996],[-58.211856,-23.356256],[-58.212502,-23.355544],[-58.211843,-23.354615],[-58.212313,-23.353482],[-58.211584,-23.353144],[-58.211071,-23.352419],[-58.209794,-23.352075],[-58.208647,-23.350691],[-58.208925,-23.349911],[-58.210145,-23.349535],[-58.209409,-23.348565],[-58.206372,-23.349151],[-58.205745,-23.349068],[-58.205284,-23.348471],[-58.204017,-23.348405],[-58.203896,-23.346886],[-58.203237,-23.346443],[-58.203695,-23.345544],[-58.203312,-23.345329],[-58.20146,-23.345843],[-58.200569,-23.344939],[-58.199052,-23.344981],[-58.198198,-23.344386],[-58.197667,-23.344399],[-58.197482,-23.344967],[-58.196961,-23.345197],[-58.195403,-23.34531],[-58.194694,-23.344954],[-58.194558,-23.344551],[-58.195019,-23.343994],[-58.194441,-23.343392],[-58.194396,-23.342584],[-58.195256,-23.342184],[-58.196059,-23.343051],[-58.196478,-23.34249],[-58.196444,-23.34168],[-58.194174,-23.340373],[-58.19251,-23.340661],[-58.191559,-23.340061],[-58.191612,-23.339054],[-58.190934,-23.338862],[-58.190684,-23.338383],[-58.190797,-23.337703],[-58.191534,-23.337139],[-58.19,-23.336766],[-58.188886,-23.337078],[-58.187035,-23.335664],[-58.186611,-23.336312],[-58.185824,-23.336729],[-58.185557,-23.336573],[-58.185714,-23.335768],[-58.186539,-23.335011],[-58.185358,-23.334652],[-58.184555,-23.333753],[-58.182136,-23.335306],[-58.181201,-23.335175],[-58.179901,-23.334524],[-58.179329,-23.335348],[-58.177425,-23.334961],[-58.175802,-23.335537],[-58.17382,-23.334712],[-58.173005,-23.335289],[-58.172389,-23.334771],[-58.172625,-23.332711],[-58.171001,-23.332693],[-58.17049,-23.332292],[-58.169314,-23.33253],[-58.16999,-23.331206],[-58.172453,-23.330754],[-58.173045,-23.329192],[-58.17283,-23.32761],[-58.17397,-23.327265],[-58.174178,-23.326815],[-58.173455,-23.325595],[-58.174096,-23.324272],[-58.173459,-23.324008],[-58.172323,-23.32468],[-58.171398,-23.323178],[-58.169064,-23.323472],[-58.169169,-23.322627],[-58.169766,-23.321662],[-58.16846,-23.321424],[-58.16784,-23.321686],[-58.166243,-23.321002],[-58.165877,-23.320065],[-58.166249,-23.319323],[-58.166997,-23.318922],[-58.166978,-23.318505],[-58.166151,-23.317821],[-58.165654,-23.315957],[-58.164437,-23.316189],[-58.163008,-23.314631],[-58.161567,-23.315072],[-58.15989,-23.3137],[-58.15867,-23.314078],[-58.158065,-23.314016],[-58.157462,-23.313522],[-58.156532,-23.313627],[-58.155389,-23.312563],[-58.15448,-23.312254],[-58.154027,-23.310319],[-58.152554,-23.309551],[-58.153094,-23.308617],[-58.152911,-23.307597],[-58.152358,-23.307284],[-58.152956,-23.30677],[-58.152208,-23.305951],[-58.152321,-23.305667],[-58.153446,-23.305209],[-58.153316,-23.303923],[-58.152114,-23.302082],[-58.150481,-23.301632],[-58.150647,-23.301097],[-58.151613,-23.30076],[-58.151869,-23.300393],[-58.151273,-23.299716],[-58.151088,-23.297936],[-58.149559,-23.29677],[-58.148797,-23.29564],[-58.147864,-23.295778],[-58.146972,-23.297196],[-58.14648,-23.297193],[-58.145843,-23.296481],[-58.144532,-23.296168],[-58.143848,-23.297582],[-58.142945,-23.297904],[-58.141231,-23.297701],[-58.138326,-23.298369],[-58.135642,-23.298215],[-58.135052,-23.298586],[-58.134661,-23.298533],[-58.134684,-23.2981],[-58.135243,-23.297565],[-58.135247,-23.297151],[-58.134762,-23.29704],[-58.133363,-23.297483],[-58.132987,-23.296708],[-58.131833,-23.296511],[-58.130659,-23.294888],[-58.125701,-23.295018],[-58.125709,-23.293411],[-58.125119,-23.292645],[-58.123698,-23.292798],[-58.122574,-23.294718],[-58.12202,-23.295163],[-58.120713,-23.294582],[-58.119378,-23.294903],[-58.118696,-23.294764],[-58.119016,-23.29355],[-58.118716,-23.292468],[-58.116313,-23.291293],[-58.114804,-23.291683],[-58.113809,-23.290642],[-58.113708,-23.289972],[-58.114013,-23.289384],[-58.11541,-23.288992],[-58.115704,-23.288342],[-58.114609,-23.287385],[-58.112822,-23.287305],[-58.113508,-23.285114],[-58.112429,-23.28391],[-58.112532,-23.282685],[-58.111494,-23.281485],[-58.111503,-23.279806],[-58.110115,-23.279274],[-58.107368,-23.279514],[-58.10657,-23.278652],[-58.106698,-23.277697],[-58.105144,-23.276977],[-58.105613,-23.275139],[-58.10467,-23.275134],[-58.103898,-23.275571],[-58.10327,-23.275544],[-58.102934,-23.275204],[-58.102959,-23.274682],[-58.103557,-23.27384],[-58.103722,-23.272528],[-58.102519,-23.270797],[-58.102848,-23.269688],[-58.102504,-23.267934],[-58.101431,-23.267535],[-58.099995,-23.268948],[-58.099345,-23.268975],[-58.098853,-23.26848],[-58.098843,-23.266439],[-58.098039,-23.265988],[-58.096528,-23.266355],[-58.095148,-23.267198],[-58.094518,-23.267187],[-58.094251,-23.26631],[-58.094356,-23.264744],[-58.094036,-23.26444],[-58.093535,-23.264598],[-58.09229,-23.265844],[-58.091658,-23.265889],[-58.091022,-23.264505],[-58.090999,-23.263457],[-58.090228,-23.26243],[-58.091564,-23.261675],[-58.091743,-23.261248],[-58.091374,-23.260799],[-58.090489,-23.260797],[-58.089268,-23.261611],[-58.088404,-23.261609],[-58.087675,-23.262352],[-58.085844,-23.261297],[-58.082026,-23.261766],[-58.081543,-23.262323],[-58.081298,-23.263882],[-58.080416,-23.265361],[-58.079642,-23.265167],[-58.079173,-23.264464],[-58.078787,-23.262614],[-58.076859,-23.263415],[-58.075774,-23.264632],[-58.074814,-23.261934],[-58.073512,-23.262002],[-58.07247,-23.263114],[-58.071712,-23.262556],[-58.071693,-23.262176],[-58.072319,-23.261498],[-58.072299,-23.260413],[-58.070161,-23.259885],[-58.070532,-23.258817],[-58.069886,-23.257632],[-58.069946,-23.257274],[-58.071511,-23.256675],[-58.071494,-23.256221],[-58.069976,-23.255235],[-58.068132,-23.254988],[-58.067964,-23.254457],[-58.068452,-23.253124],[-58.068308,-23.252666],[-58.067443,-23.252844],[-58.065844,-23.255214],[-58.064986,-23.255141],[-58.064607,-23.254816],[-58.064523,-23.253727],[-58.064857,-23.252296],[-58.064411,-23.251717],[-58.063121,-23.251587],[-58.061474,-23.252634],[-58.060639,-23.252055],[-58.060443,-23.251306],[-58.059802,-23.251151],[-58.05758,-23.251558],[-58.056061,-23.253892],[-58.054414,-23.253387],[-58.053602,-23.253786],[-58.053497,-23.254323],[-58.051609,-23.25386],[-58.050039,-23.252737],[-58.0486,-23.25385],[-58.048935,-23.255636],[-58.047861,-23.255551],[-58.045778,-23.254773],[-58.044404,-23.257005],[-58.04288,-23.25681],[-58.043504,-23.255049],[-58.042442,-23.255038],[-58.041995,-23.255326],[-58.041663,-23.254895],[-58.040917,-23.254861],[-58.040399,-23.255363],[-58.040381,-23.257585],[-58.039743,-23.257394],[-58.039175,-23.25661],[-58.037881,-23.256498],[-58.036097,-23.255623],[-58.034618,-23.255666],[-58.03375,-23.255302],[-58.033151,-23.254645],[-58.033042,-23.253032],[-58.032234,-23.253068],[-58.031453,-23.253719],[-58.030094,-23.253423],[-58.029891,-23.254281],[-58.030388,-23.2549],[-58.028895,-23.255646],[-58.02809,-23.255628],[-58.028221,-23.257242],[-58.027984,-23.258008],[-58.026531,-23.258342],[-58.025659,-23.258085],[-58.025121,-23.258604],[-58.025112,-23.259508],[-58.023003,-23.259215],[-58.022145,-23.257568],[-58.020447,-23.256931],[-58.020964,-23.255401],[-58.02065,-23.254572],[-58.01911,-23.254342],[-58.016725,-23.251612],[-58.016035,-23.252032],[-58.01546,-23.253184],[-58.014278,-23.253617],[-58.012869,-23.255635],[-58.012206,-23.255895],[-58.011694,-23.257028],[-58.010356,-23.257402],[-58.009563,-23.258272],[-58.008896,-23.258207],[-58.007703,-23.256942],[-58.006304,-23.257349],[-58.004519,-23.256978],[-58.00426,-23.25666],[-58.004681,-23.255793],[-58.003179,-23.255889],[-58.001138,-23.254754],[-58.001818,-23.252815],[-58.000764,-23.252929],[-58.000272,-23.252509],[-57.999477,-23.253145],[-57.998165,-23.252504],[-57.997361,-23.251384],[-57.99628,-23.252095],[-57.996179,-23.252867],[-57.994459,-23.253028],[-57.993157,-23.251629],[-57.99227,-23.252041],[-57.992159,-23.25334],[-57.991388,-23.253069],[-57.990459,-23.25341],[-57.98959,-23.253081],[-57.988827,-23.253373],[-57.987881,-23.251847],[-57.985947,-23.251199],[-57.986537,-23.249773],[-57.987252,-23.249331],[-57.98726,-23.248462],[-57.987087,-23.248002],[-57.985534,-23.247518],[-57.9853,-23.246438],[-57.986515,-23.245426],[-57.986821,-23.243739],[-57.987992,-23.243175],[-57.988367,-23.242071],[-57.988719,-23.242124],[-57.988837,-23.242852],[-57.989403,-23.242589],[-57.98947,-23.242068],[-57.990211,-23.242573],[-57.99084,-23.242204],[-57.990998,-23.241452],[-57.990465,-23.241119],[-57.990538,-23.240852],[-57.9915,-23.240879],[-57.992111,-23.241231],[-57.991998,-23.24186],[-57.992276,-23.24218],[-57.993627,-23.242001],[-57.993995,-23.243176],[-57.994835,-23.243287],[-57.996968,-23.242181],[-57.996592,-23.241114],[-57.996803,-23.240162],[-57.997529,-23.239022],[-57.997093,-23.238368],[-57.996238,-23.238184],[-57.995892,-23.237283],[-57.995239,-23.236928],[-57.994661,-23.235907],[-57.994253,-23.234007],[-57.994849,-23.233128],[-57.993426,-23.232828],[-57.992842,-23.232332],[-57.99197,-23.232917],[-57.991233,-23.232685],[-57.990612,-23.233653],[-57.989662,-23.233756],[-57.989328,-23.233417],[-57.988975,-23.231768],[-57.987953,-23.231741],[-57.987652,-23.231474],[-57.988479,-23.230027],[-57.986524,-23.229016],[-57.986311,-23.22859],[-57.985929,-23.229098],[-57.985768,-23.230213],[-57.98513,-23.229642],[-57.985573,-23.229101],[-57.985232,-23.228851],[-57.985317,-23.228366],[-57.983865,-23.228646],[-57.983217,-23.228255],[-57.982656,-23.227686],[-57.98255,-23.227626],[-57.981713,-23.227868],[-57.981429,-23.22741],[-57.981043,-23.228888],[-57.980378,-23.229235],[-57.977928,-23.228567],[-57.97666,-23.227856],[-57.975773,-23.22637],[-57.973699,-23.226871],[-57.973656,-23.228324],[-57.974408,-23.230085],[-57.973605,-23.231077],[-57.97336,-23.232737],[-57.974541,-23.233896],[-57.974131,-23.234084],[-57.973325,-23.233736],[-57.972217,-23.235217],[-57.972128,-23.237529],[-57.96975,-23.238554],[-57.969696,-23.238986],[-57.970781,-23.240197],[-57.970785,-23.240643],[-57.968588,-23.242314],[-57.968485,-23.242724],[-57.969269,-23.243081],[-57.969345,-23.243614],[-57.969704,-23.243686],[-57.969612,-23.244392],[-57.968885,-23.24435],[-57.967591,-23.242919],[-57.966937,-23.24358],[-57.965433,-23.243238],[-57.965321,-23.244546],[-57.964225,-23.244297],[-57.963885,-23.243696],[-57.964129,-23.24281],[-57.96586,-23.242367],[-57.965978,-23.241702],[-57.965447,-23.240878],[-57.963392,-23.241177],[-57.962753,-23.241713],[-57.962305,-23.241477],[-57.962759,-23.239523],[-57.963548,-23.239786],[-57.9639,-23.239149],[-57.963914,-23.238866],[-57.962594,-23.238201],[-57.962121,-23.238199],[-57.961817,-23.239262],[-57.961391,-23.239535],[-57.961794,-23.240055],[-57.961236,-23.241257],[-57.960075,-23.240666],[-57.960244,-23.240067],[-57.959866,-23.239814],[-57.959092,-23.239952],[-57.958595,-23.240618],[-57.958266,-23.240576],[-57.958136,-23.239881],[-57.958504,-23.239178],[-57.960341,-23.238627],[-57.960707,-23.237747],[-57.960428,-23.236867],[-57.959345,-23.235609],[-57.958974,-23.235669],[-57.95825,-23.236509],[-57.958568,-23.237367],[-57.958365,-23.238032],[-57.956457,-23.239493],[-57.956276,-23.241887],[-57.954498,-23.242402],[-57.954304,-23.242014],[-57.95468,-23.241512],[-57.954297,-23.240929],[-57.954658,-23.239667],[-57.953181,-23.238427],[-57.953902,-23.237677],[-57.953856,-23.237183],[-57.952551,-23.236407],[-57.9512,-23.237709],[-57.950538,-23.237865],[-57.949871,-23.236002],[-57.950278,-23.234338],[-57.948538,-23.235137],[-57.94759,-23.23482],[-57.946023,-23.232534],[-57.946075,-23.23216],[-57.945142,-23.23176],[-57.943958,-23.232764],[-57.943214,-23.232237],[-57.941186,-23.231606],[-57.939468,-23.232189],[-57.939753,-23.230719],[-57.941463,-23.230619],[-57.941403,-23.230219],[-57.940282,-23.229495],[-57.939233,-23.229683],[-57.938653,-23.229172],[-57.936723,-23.229991],[-57.934624,-23.229588],[-57.934617,-23.227998],[-57.935838,-23.22775],[-57.936986,-23.228408],[-57.938472,-23.22665],[-57.939663,-23.226243],[-57.939779,-23.225823],[-57.93932,-23.22525],[-57.93835,-23.224908],[-57.937996,-23.225528],[-57.937301,-23.225809],[-57.9363,-23.224531],[-57.936909,-23.22351],[-57.938278,-23.222967],[-57.938067,-23.22194],[-57.935636,-23.221122],[-57.935945,-23.223088],[-57.93452,-23.222928],[-57.933339,-23.222006],[-57.932837,-23.221022],[-57.932031,-23.221125],[-57.931403,-23.221647],[-57.930804,-23.221377],[-57.931424,-23.219746],[-57.933067,-23.218884],[-57.932721,-23.217857],[-57.93283,-23.217212],[-57.931715,-23.217293],[-57.93017,-23.218601],[-57.929811,-23.219517],[-57.928862,-23.219409],[-57.928539,-23.219251],[-57.928309,-23.217865],[-57.926482,-23.21822],[-57.926364,-23.217531],[-57.926689,-23.216846],[-57.924896,-23.217797],[-57.924216,-23.217244],[-57.923099,-23.217477],[-57.921852,-23.2167],[-57.923449,-23.21471],[-57.923382,-23.214095],[-57.922428,-23.213972],[-57.92197,-23.214212],[-57.922333,-23.214811],[-57.922043,-23.215384],[-57.919464,-23.21588],[-57.918064,-23.215304],[-57.917559,-23.215489],[-57.917597,-23.216505],[-57.91678,-23.21783],[-57.91813,-23.21863],[-57.919484,-23.218702],[-57.919546,-23.219471],[-57.918296,-23.219746],[-57.917759,-23.21902],[-57.917292,-23.218913],[-57.916641,-23.219697],[-57.916409,-23.221081],[-57.91542,-23.220885],[-57.915447,-23.217787],[-57.915096,-23.217352],[-57.914662,-23.217342],[-57.913808,-23.217883],[-57.913125,-23.220321],[-57.912302,-23.219552],[-57.912428,-23.218704],[-57.911961,-23.218216],[-57.90955,-23.218485],[-57.909437,-23.219221],[-57.90879,-23.220103],[-57.909662,-23.2202],[-57.909817,-23.220596],[-57.908934,-23.221446],[-57.908505,-23.221361],[-57.907987,-23.220246],[-57.909192,-23.217472],[-57.907398,-23.21804],[-57.906092,-23.21939],[-57.905456,-23.219284],[-57.905039,-23.217643],[-57.903368,-23.217775],[-57.903123,-23.217556],[-57.903159,-23.217272],[-57.904567,-23.216405],[-57.902816,-23.215377],[-57.902821,-23.214905],[-57.903572,-23.214551],[-57.903582,-23.214181],[-57.902219,-23.214611],[-57.901823,-23.214129],[-57.901976,-23.21322],[-57.901673,-23.212924],[-57.900808,-23.213299],[-57.900612,-23.214275],[-57.90004,-23.21429],[-57.899567,-23.213402],[-57.899804,-23.211955],[-57.899059,-23.211353],[-57.899171,-23.210969],[-57.900928,-23.210101],[-57.901393,-23.210255],[-57.901467,-23.2118],[-57.903038,-23.211118],[-57.903433,-23.2105],[-57.904164,-23.210354],[-57.903307,-23.208836],[-57.903519,-23.208352],[-57.90465,-23.209353],[-57.905593,-23.20882],[-57.905705,-23.20998],[-57.905997,-23.210278],[-57.906615,-23.210278],[-57.906473,-23.208567],[-57.905003,-23.207463],[-57.906175,-23.205936],[-57.904899,-23.205392],[-57.904562,-23.204363],[-57.904899,-23.203724],[-57.906932,-23.203732],[-57.906623,-23.202756],[-57.904566,-23.202538],[-57.903031,-23.204302],[-57.902799,-23.205154],[-57.900897,-23.205481],[-57.899952,-23.20523],[-57.900576,-23.204274],[-57.900578,-23.203657],[-57.900296,-23.20304],[-57.899629,-23.202918],[-57.898541,-23.204569],[-57.89881,-23.205445],[-57.899758,-23.205752],[-57.899886,-23.207096],[-57.896693,-23.207023],[-57.896149,-23.206334],[-57.896309,-23.205612],[-57.895888,-23.204636],[-57.894511,-23.20494],[-57.893396,-23.206501],[-57.891422,-23.204826],[-57.891066,-23.205036],[-57.890735,-23.206287],[-57.890984,-23.206811],[-57.891838,-23.207248],[-57.891676,-23.2078],[-57.890433,-23.208217],[-57.889263,-23.207727],[-57.888976,-23.208065],[-57.889164,-23.208985],[-57.888817,-23.209083],[-57.887476,-23.208233],[-57.887352,-23.207828],[-57.888199,-23.207535],[-57.888199,-23.206985],[-57.887449,-23.205963],[-57.886861,-23.205876],[-57.886154,-23.206718],[-57.886286,-23.207665],[-57.886045,-23.208291],[-57.885775,-23.208317],[-57.884957,-23.207642],[-57.885045,-23.206717],[-57.885931,-23.206261],[-57.886102,-23.205336],[-57.887105,-23.20387],[-57.886222,-23.202229],[-57.885266,-23.201335],[-57.886537,-23.200976],[-57.886828,-23.200371],[-57.884431,-23.199586],[-57.883983,-23.200418],[-57.883479,-23.200422],[-57.883304,-23.199827],[-57.883764,-23.199289],[-57.88388,-23.198306],[-57.881562,-23.19633],[-57.880483,-23.198034],[-57.879139,-23.197107],[-57.878631,-23.196109],[-57.877168,-23.195905],[-57.877159,-23.197008],[-57.877817,-23.197636],[-57.877715,-23.197973],[-57.876147,-23.198527],[-57.876289,-23.199891],[-57.875902,-23.200166],[-57.874116,-23.200387],[-57.873418,-23.20084],[-57.87262,-23.199732],[-57.871342,-23.198761],[-57.870908,-23.198769],[-57.870004,-23.199753],[-57.869346,-23.199694],[-57.86919,-23.198804],[-57.868516,-23.198603],[-57.868035,-23.198657],[-57.867147,-23.19945],[-57.866914,-23.199022],[-57.867487,-23.197599],[-57.866743,-23.197439],[-57.865882,-23.19979],[-57.864905,-23.199888],[-57.862748,-23.199076],[-57.862401,-23.199231],[-57.86217,-23.200443],[-57.861693,-23.200704],[-57.860848,-23.200655],[-57.861056,-23.201406],[-57.862275,-23.202129],[-57.861771,-23.202894],[-57.860598,-23.203768],[-57.859776,-23.202497],[-57.859725,-23.201542],[-57.858766,-23.200733],[-57.856996,-23.200357],[-57.855743,-23.200807],[-57.854689,-23.200692],[-57.854852,-23.201797],[-57.855716,-23.202101],[-57.855808,-23.202456],[-57.853385,-23.203212],[-57.853943,-23.205149],[-57.852874,-23.205197],[-57.852446,-23.205499],[-57.852575,-23.20615],[-57.853199,-23.206805],[-57.853104,-23.207217],[-57.850021,-23.206893],[-57.849345,-23.208382],[-57.848819,-23.207612],[-57.847186,-23.209182],[-57.846365,-23.208864],[-57.846521,-23.211942],[-57.844182,-23.211245],[-57.844834,-23.210296],[-57.844745,-23.209656],[-57.844291,-23.209454],[-57.843661,-23.209653],[-57.843086,-23.21032],[-57.84284,-23.211002],[-57.843027,-23.211715],[-57.841335,-23.212323],[-57.840517,-23.212295],[-57.840926,-23.210628],[-57.839294,-23.209238],[-57.838906,-23.208013],[-57.838218,-23.207905],[-57.836833,-23.20902],[-57.836249,-23.208603],[-57.83658,-23.20665],[-57.835328,-23.205174],[-57.835042,-23.203713],[-57.835913,-23.203289],[-57.837788,-23.204341],[-57.838455,-23.20424],[-57.838631,-23.203689],[-57.838054,-23.202922],[-57.834258,-23.201366],[-57.834066,-23.199413],[-57.8325,-23.198943],[-57.833622,-23.197462],[-57.833606,-23.195378],[-57.831931,-23.195692],[-57.830666,-23.196517],[-57.829974,-23.196523],[-57.829507,-23.197688],[-57.828581,-23.197579],[-57.828523,-23.19635],[-57.830522,-23.195188],[-57.83074,-23.194246],[-57.829132,-23.194071],[-57.828369,-23.195552],[-57.827952,-23.196],[-57.827518,-23.195989],[-57.826589,-23.195278],[-57.827287,-23.194712],[-57.827383,-23.193882],[-57.828357,-23.193134],[-57.828371,-23.192696],[-57.826786,-23.192673],[-57.826436,-23.193625],[-57.825984,-23.193511],[-57.825629,-23.192698],[-57.827448,-23.191779],[-57.827733,-23.191107],[-57.826345,-23.19068],[-57.82594,-23.190059],[-57.827435,-23.189781],[-57.829984,-23.187728],[-57.83095,-23.188003],[-57.832604,-23.187702],[-57.832872,-23.187392],[-57.832062,-23.186591],[-57.831636,-23.185669],[-57.831108,-23.185673],[-57.830531,-23.186786],[-57.829747,-23.186597],[-57.830256,-23.185185],[-57.832224,-23.184728],[-57.832479,-23.184417],[-57.832482,-23.183989],[-57.832096,-23.183712],[-57.830769,-23.183753],[-57.829993,-23.183362],[-57.829739,-23.183655],[-57.829848,-23.184128],[-57.829417,-23.184421],[-57.828417,-23.183595],[-57.827875,-23.183735],[-57.827345,-23.184557],[-57.826591,-23.184241],[-57.826492,-23.183136],[-57.827369,-23.182969],[-57.827748,-23.182245],[-57.827625,-23.17976],[-57.828159,-23.179821],[-57.829357,-23.18129],[-57.830038,-23.18117],[-57.830147,-23.18088],[-57.829802,-23.179205],[-57.83042,-23.178539],[-57.829591,-23.177425],[-57.829676,-23.176235],[-57.828976,-23.174117],[-57.829254,-23.173178],[-57.831366,-23.174092],[-57.831637,-23.172413],[-57.832782,-23.170452],[-57.833071,-23.170484],[-57.833227,-23.17107],[-57.834197,-23.170545],[-57.834796,-23.170582],[-57.835226,-23.171775],[-57.835828,-23.17005],[-57.837264,-23.170277],[-57.837719,-23.169338],[-57.83839,-23.168827],[-57.839261,-23.169334],[-57.839657,-23.169086],[-57.839169,-23.16835],[-57.838011,-23.168163],[-57.838895,-23.165276],[-57.837239,-23.165339],[-57.836609,-23.164903],[-57.836776,-23.164501],[-57.837897,-23.164059],[-57.839002,-23.162946],[-57.838947,-23.162449],[-57.837892,-23.16224],[-57.837529,-23.160916],[-57.836263,-23.16158],[-57.835393,-23.161226],[-57.834998,-23.159809],[-57.835508,-23.159386],[-57.83479,-23.158143],[-57.834119,-23.159189],[-57.832863,-23.159472],[-57.832422,-23.160166],[-57.832186,-23.159926],[-57.832259,-23.158978],[-57.831779,-23.15814],[-57.831218,-23.157439],[-57.830419,-23.157046],[-57.830209,-23.156331],[-57.829051,-23.156888],[-57.827238,-23.155755],[-57.828062,-23.154505],[-57.829317,-23.154309],[-57.829346,-23.153207],[-57.829741,-23.152945],[-57.830288,-23.153345],[-57.830508,-23.154855],[-57.831463,-23.154755],[-57.831567,-23.153622],[-57.830735,-23.15274],[-57.829882,-23.152471],[-57.829795,-23.152115],[-57.830267,-23.151735],[-57.833109,-23.151312],[-57.833589,-23.15227],[-57.834466,-23.151281],[-57.834877,-23.151228],[-57.835319,-23.152012],[-57.835618,-23.15199],[-57.835377,-23.150682],[-57.83613,-23.150002],[-57.836158,-23.149489],[-57.83442,-23.149408],[-57.834227,-23.148941],[-57.834596,-23.148444],[-57.835512,-23.148173],[-57.835669,-23.147579],[-57.835445,-23.147194],[-57.837679,-23.146726],[-57.838695,-23.146942],[-57.838837,-23.146634],[-57.838169,-23.145175],[-57.837536,-23.144803],[-57.836186,-23.14617],[-57.835845,-23.146154],[-57.834996,-23.145199],[-57.833693,-23.144538],[-57.834625,-23.143981],[-57.83763,-23.143663],[-57.837687,-23.143208],[-57.837333,-23.142849],[-57.835583,-23.142394],[-57.835483,-23.141961],[-57.83611,-23.141333],[-57.835745,-23.141202],[-57.833828,-23.140851],[-57.830881,-23.140832],[-57.83119,-23.139882],[-57.832965,-23.139238],[-57.833106,-23.138783],[-57.832857,-23.138502],[-57.831952,-23.138465],[-57.830356,-23.138947],[-57.830085,-23.136479],[-57.830511,-23.136229],[-57.832943,-23.136394],[-57.833303,-23.13579],[-57.832619,-23.134865],[-57.830806,-23.134618],[-57.829449,-23.135717],[-57.829015,-23.136644],[-57.828722,-23.136631],[-57.828478,-23.135186],[-57.828984,-23.134019],[-57.828732,-23.133277],[-57.82799,-23.132837],[-57.828943,-23.132123],[-57.827344,-23.132236],[-57.827055,-23.132141],[-57.827029,-23.131545],[-57.827313,-23.131207],[-57.828317,-23.131172],[-57.830019,-23.132848],[-57.83047,-23.13268],[-57.83076,-23.131665],[-57.828325,-23.128897],[-57.826446,-23.12984],[-57.825865,-23.129705],[-57.825934,-23.128977],[-57.82734,-23.127501],[-57.827359,-23.12715],[-57.826818,-23.126826],[-57.825241,-23.127132],[-57.824323,-23.126711],[-57.82469,-23.125916],[-57.825562,-23.125575],[-57.825651,-23.12504],[-57.825374,-23.12473],[-57.823104,-23.125869],[-57.82268,-23.124529],[-57.822118,-23.124613],[-57.8226,-23.126981],[-57.822359,-23.128105],[-57.819885,-23.130238],[-57.819463,-23.131572],[-57.819022,-23.131552],[-57.818386,-23.130791],[-57.817971,-23.130826],[-57.817902,-23.131608],[-57.817525,-23.132077],[-57.81624,-23.131341],[-57.815803,-23.129534],[-57.814312,-23.128733],[-57.813806,-23.128817],[-57.813786,-23.129223],[-57.814574,-23.131508],[-57.812111,-23.132078],[-57.811866,-23.132365],[-57.811168,-23.132251],[-57.811406,-23.131504],[-57.812406,-23.130982],[-57.812539,-23.130203],[-57.812223,-23.129671],[-57.811394,-23.129661],[-57.809889,-23.130241],[-57.809304,-23.130186],[-57.808833,-23.129623],[-57.809063,-23.1292],[-57.810379,-23.128775],[-57.811186,-23.128185],[-57.81028,-23.127389],[-57.807393,-23.128009],[-57.805826,-23.12913],[-57.80419,-23.12889],[-57.804039,-23.128423],[-57.804342,-23.127711],[-57.801024,-23.126981],[-57.800135,-23.127075],[-57.800221,-23.128191],[-57.799765,-23.12901],[-57.798655,-23.128851],[-57.79795,-23.127706],[-57.797274,-23.127646],[-57.797212,-23.128239],[-57.797798,-23.129406],[-57.797019,-23.130615],[-57.796142,-23.13052],[-57.795094,-23.129197],[-57.793055,-23.128427],[-57.793111,-23.12797],[-57.794637,-23.127499],[-57.79478,-23.126615],[-57.793404,-23.126302],[-57.792777,-23.126491],[-57.791814,-23.127559],[-57.790942,-23.127301],[-57.790847,-23.126752],[-57.791682,-23.125295],[-57.792197,-23.125021],[-57.793849,-23.12527],[-57.794317,-23.124663],[-57.793538,-23.123866],[-57.791347,-23.12388],[-57.790405,-23.123347],[-57.790536,-23.121563],[-57.789794,-23.120011],[-57.791706,-23.119853],[-57.791732,-23.11934],[-57.789628,-23.116805],[-57.789671,-23.116022],[-57.790201,-23.11534],[-57.789051,-23.114908],[-57.788894,-23.114521],[-57.790881,-23.113663],[-57.791043,-23.112913],[-57.790247,-23.112416],[-57.789034,-23.112578],[-57.78794,-23.114178],[-57.787163,-23.114634],[-57.786161,-23.114072],[-57.786185,-23.113419],[-57.787627,-23.112291],[-57.789191,-23.111769],[-57.789889,-23.11088],[-57.791601,-23.110296],[-57.793003,-23.110274],[-57.79311,-23.108466],[-57.792893,-23.108131],[-57.791612,-23.106879],[-57.78963,-23.105973],[-57.789587,-23.1057],[-57.790052,-23.104826],[-57.792258,-23.103844],[-57.792126,-23.102481],[-57.790967,-23.102128],[-57.788209,-23.1039],[-57.788556,-23.105136],[-57.788401,-23.105807],[-57.786884,-23.107148],[-57.783984,-23.107827],[-57.782253,-23.107638],[-57.781522,-23.10698],[-57.781076,-23.10704],[-57.780802,-23.107731],[-57.781104,-23.10975],[-57.780613,-23.110103],[-57.780092,-23.109943],[-57.779754,-23.108575],[-57.778914,-23.107776],[-57.777368,-23.106944],[-57.777326,-23.106644],[-57.781014,-23.104431],[-57.781015,-23.103345],[-57.778957,-23.102678],[-57.776768,-23.100649],[-57.7756,-23.100432],[-57.774472,-23.101738],[-57.773577,-23.101426],[-57.774613,-23.100114],[-57.776337,-23.099896],[-57.776891,-23.099488],[-57.77692,-23.097373],[-57.77666,-23.096766],[-57.776236,-23.096449],[-57.774344,-23.097551],[-57.772501,-23.099934],[-57.772195,-23.101361],[-57.771692,-23.101447],[-57.771067,-23.100551],[-57.771208,-23.099356],[-57.771844,-23.097957],[-57.771515,-23.096427],[-57.770559,-23.09611],[-57.769835,-23.096401],[-57.768426,-23.096306],[-57.767517,-23.095849],[-57.768739,-23.093827],[-57.771594,-23.092901],[-57.772118,-23.09195],[-57.77163,-23.091168],[-57.769026,-23.090774],[-57.768169,-23.090273],[-57.768468,-23.089148],[-57.769936,-23.088157],[-57.770371,-23.087227],[-57.770042,-23.086806],[-57.768164,-23.086637],[-57.767693,-23.085528],[-57.765762,-23.084133],[-57.76574,-23.083277],[-57.76804,-23.082217],[-57.767939,-23.080855],[-57.767212,-23.079194],[-57.76728,-23.077976],[-57.766928,-23.076683],[-57.765673,-23.075892],[-57.764762,-23.075822],[-57.763977,-23.076165],[-57.762886,-23.077335],[-57.762555,-23.079434],[-57.762409,-23.079915],[-57.762116,-23.079902],[-57.761662,-23.079582],[-57.761589,-23.078792],[-57.76274,-23.076215],[-57.762609,-23.075394],[-57.762456,-23.07498],[-57.75996,-23.073152],[-57.759406,-23.073071],[-57.758837,-23.07375],[-57.757518,-23.076187],[-57.757405,-23.077646],[-57.756907,-23.077567],[-57.755946,-23.075815],[-57.755887,-23.073694],[-57.754668,-23.074398],[-57.754229,-23.074865],[-57.754818,-23.078066],[-57.754556,-23.078542],[-57.753855,-23.078428],[-57.753247,-23.077695],[-57.752507,-23.075056],[-57.7517,-23.074176],[-57.74993,-23.074092],[-57.746694,-23.075081],[-57.747195,-23.077141],[-57.74853,-23.079211],[-57.748326,-23.080259],[-57.747489,-23.080927],[-57.747809,-23.081514],[-57.749182,-23.081277],[-57.750312,-23.080571],[-57.751091,-23.078762],[-57.752267,-23.078329],[-57.752911,-23.078954],[-57.752727,-23.080141],[-57.751558,-23.082067],[-57.749683,-23.08236],[-57.749135,-23.082659],[-57.749108,-23.083146],[-57.749446,-23.083827],[-57.750271,-23.084209],[-57.751049,-23.084199],[-57.752714,-23.083436],[-57.753248,-23.083556],[-57.753782,-23.083956],[-57.7538,-23.084563],[-57.75336,-23.085207],[-57.750583,-23.086492],[-57.750001,-23.087865],[-57.750458,-23.088446],[-57.754079,-23.088134],[-57.754706,-23.088724],[-57.754038,-23.089735],[-57.753344,-23.090044],[-57.751405,-23.089656],[-57.750566,-23.089865],[-57.75071,-23.091521],[-57.750515,-23.091979],[-57.750263,-23.091953],[-57.749735,-23.091696],[-57.749279,-23.090786],[-57.749597,-23.088748],[-57.749393,-23.088163],[-57.749114,-23.087699],[-57.747916,-23.087611],[-57.746651,-23.088423],[-57.746125,-23.089394],[-57.747698,-23.091271],[-57.746927,-23.092399],[-57.744024,-23.094873],[-57.742364,-23.094282],[-57.740594,-23.094479],[-57.740144,-23.096152],[-57.740579,-23.096579],[-57.742798,-23.096839],[-57.745615,-23.096722],[-57.746418,-23.097149],[-57.746038,-23.098517],[-57.744544,-23.101047],[-57.743683,-23.100972],[-57.742564,-23.099193],[-57.741906,-23.098867],[-57.741093,-23.099464],[-57.741184,-23.102037],[-57.740805,-23.103087],[-57.739127,-23.102844],[-57.737854,-23.103128],[-57.733977,-23.105251],[-57.733645,-23.106136],[-57.732975,-23.106364],[-57.731506,-23.106037],[-57.730434,-23.103629],[-57.729389,-23.104048],[-57.7286,-23.104825],[-57.724504,-23.106432],[-57.722868,-23.107383],[-57.721241,-23.107306],[-57.720652,-23.106912],[-57.719167,-23.1072],[-57.717782,-23.108175],[-57.717117,-23.109017],[-57.717095,-23.109438],[-57.718291,-23.109881],[-57.718513,-23.110325],[-57.716375,-23.113893],[-57.715887,-23.116308],[-57.715311,-23.117017],[-57.713471,-23.118657],[-57.711233,-23.120098],[-57.704995,-23.12176],[-57.702557,-23.121583],[-57.696518,-23.119499],[-57.69264,-23.11981],[-57.690545,-23.121139],[-57.687797,-23.120984],[-57.683941,-23.119921],[-57.679265,-23.117594],[-57.676384,-23.114956],[-57.676096,-23.112386],[-57.675327,-23.110263],[-57.674999,-23.105937],[-57.673847,-23.104075],[-57.670452,-23.101309],[-57.667863,-23.098508],[-57.667017,-23.094004],[-57.664705,-23.093499],[-57.65587,-23.090532],[-57.653219,-23.089992],[-57.647602,-23.089663],[-57.640539,-23.090762],[-57.637099,-23.091698],[-57.634178,-23.092942],[-57.631915,-23.094478],[-57.630172,-23.096477],[-57.627984,-23.10107],[-57.627224,-23.104704],[-57.6271,-23.108128],[-57.627693,-23.111368],[-57.629771,-23.117236],[-57.631336,-23.119624],[-57.635725,-23.125446],[-57.640887,-23.130492],[-57.641911,-23.132073],[-57.642681,-23.135015],[-57.642672,-23.137169],[-57.642206,-23.139827],[-57.641181,-23.142112],[-57.635894,-23.148547],[-57.634293,-23.151222],[-57.632229,-23.157143],[-57.630239,-23.166066],[-57.628386,-23.170351],[-57.623058,-23.178352],[-57.620744,-23.181356],[-57.617982,-23.184036],[-57.61479,-23.186523],[-57.611912,-23.18831],[-57.608194,-23.189823],[-57.595862,-23.192987],[-57.593074,-23.194253],[-57.58884,-23.19692],[-57.585476,-23.198653],[-57.568664,-23.204243],[-57.549047,-23.212022],[-57.546838,-23.213909],[-57.54493,-23.216323],[-57.543655,-23.218997],[-57.542849,-23.222305],[-57.542623,-23.230793],[-57.541075,-23.234998],[-57.53915,-23.238072],[-57.533063,-23.243891],[-57.524667,-23.250324],[-57.520839,-23.25278],[-57.510067,-23.261699],[-57.49967,-23.271958],[-57.493214,-23.279693],[-57.491586,-23.28276],[-57.491189,-23.286311],[-57.49155,-23.293229],[-57.491279,-23.300668],[-57.491636,-23.306552],[-57.491308,-23.308518],[-57.48887,-23.31479],[-57.488802,-23.316407],[-57.489143,-23.317923],[-57.489968,-23.31933],[-57.491464,-23.320671],[-57.50009,-23.324361],[-57.50349,-23.326315],[-57.513359,-23.333062],[-57.518329,-23.336076],[-57.520465,-23.338756],[-57.521632,-23.341643],[-57.522437,-23.347218],[-57.521813,-23.349699],[-57.519999,-23.353219],[-57.516582,-23.356672],[-57.512751,-23.359232],[-57.502032,-23.364948],[-57.499429,-23.366989],[-57.494602,-23.372686],[-57.487896,-23.384964],[-57.488294,-23.387188],[-57.48782,-23.389018],[-57.484889,-23.392988],[-57.478824,-23.402794],[-57.475807,-23.406492],[-57.474308,-23.410808],[-57.475122,-23.41496],[-57.475387,-23.418455],[-57.473711,-23.420479],[-57.466566,-23.422986],[-57.463958,-23.423499],[-57.461903,-23.425524],[-57.461535,-23.428555],[-57.462807,-23.431231],[-57.463109,-23.433327],[-57.461643,-23.435428],[-57.458621,-23.43769],[-57.454552,-23.441896],[-57.450781,-23.4468],[-57.4497,-23.450842],[-57.449003,-23.456242],[-57.4508,-23.464936],[-57.451823,-23.468506],[-57.45196,-23.471845],[-57.450127,-23.477481],[-57.44705,-23.477583],[-57.451608,-23.491686],[-57.459078,-23.508604],[-57.465713,-23.516756],[-57.470085,-23.522984],[-57.473517,-23.536198],[-57.471302,-23.547795],[-57.468284,-23.560286],[-57.46315,-23.567285],[-57.458685,-23.581265],[-57.448108,-23.59987],[-57.438151,-23.611637],[-57.427255,-23.633064],[-57.421153,-23.641253],[-57.420376,-23.650467],[-57.419096,-23.65374],[-57.410083,-23.66045],[-57.402993,-23.662698],[-57.394927,-23.662718],[-57.375754,-23.671087],[-57.360435,-23.673501],[-57.34319,-23.680226],[-57.313067,-23.699904],[-57.306948,-23.705265],[-57.303242,-23.70765],[-57.294856,-23.710044],[-57.289699,-23.713322],[-57.266484,-23.724657],[-57.256661,-23.735966],[-57.253795,-23.756327],[-57.255742,-23.761376],[-57.271251,-23.76655],[-57.278042,-23.77159],[-57.272245,-23.77903],[-57.259012,-23.782173],[-57.252724,-23.787087],[-57.250498,-23.805218],[-57.25148,-23.811903],[-57.258772,-23.824075],[-57.272685,-23.835046],[-57.276094,-23.843064],[-57.272881,-23.851539],[-57.2674,-23.856898],[-57.255301,-23.865982],[-57.252723,-23.869701],[-57.253541,-23.875197],[-57.259533,-23.882022],[-57.265197,-23.886024],[-57.28104,-23.889265],[-57.293009,-23.893849],[-57.303044,-23.900664],[-57.304192,-23.907794],[-57.302275,-23.917456],[-57.299219,-23.923999],[-57.286309,-23.933831],[-57.271125,-23.939207],[-57.263052,-23.943976],[-57.255777,-23.943988],[-57.238152,-23.941788],[-57.229763,-23.951756],[-57.229843,-23.957999],[-57.232781,-23.963166],[-57.234643,-23.969964],[-57.240829,-23.980716],[-57.240835,-23.983977],[-57.23914,-23.984829],[-57.236057,-23.984549],[-57.232201,-23.983566],[-57.226342,-23.983006],[-57.220486,-23.984572],[-57.215403,-23.987555],[-57.212327,-23.992094],[-57.212032,-24.000309],[-57.21133,-24.004546],[-57.214672,-24.011451],[-57.218749,-24.015072],[-57.223689,-24.018014],[-57.228504,-24.020382],[-57.250722,-24.026751],[-57.258503,-24.030934],[-57.261963,-24.033534],[-57.263821,-24.03704],[-57.264077,-24.041686],[-57.263468,-24.045314],[-57.26076,-24.048719],[-57.258296,-24.050593],[-57.240665,-24.058213],[-57.221674,-24.065833],[-57.217734,-24.071619],[-57.209106,-24.078374],[-57.207513,-24.085629],[-57.208264,-24.091973],[-57.210619,-24.09775],[-57.213956,-24.100352],[-57.218897,-24.102214],[-57.223098,-24.104245],[-57.227917,-24.107074],[-57.233107,-24.109672],[-57.239536,-24.114873],[-57.245597,-24.121096],[-57.251656,-24.125733],[-57.257588,-24.128726],[-57.263395,-24.130753],[-57.270313,-24.132331],[-57.275877,-24.135491],[-57.279846,-24.143644],[-57.279115,-24.148405],[-57.277024,-24.152374],[-57.27456,-24.154872],[-57.271476,-24.156634],[-57.266545,-24.160833],[-57.26125,-24.168777],[-57.254348,-24.175924],[-57.247822,-24.186417],[-57.244255,-24.194696],[-57.240561,-24.201047],[-57.235874,-24.205019],[-57.226493,-24.209793],[-57.218837,-24.212017],[-57.214151,-24.217348],[-57.210331,-24.223473],[-57.206265,-24.230844],[-57.204794,-24.238378],[-57.204063,-24.244955],[-57.203705,-24.252772],[-57.204586,-24.26132],[-57.205957,-24.269596],[-57.206462,-24.27594],[-57.204374,-24.284785],[-57.202528,-24.289827],[-57.198583,-24.296633],[-57.194262,-24.301056],[-57.180308,-24.312634],[-57.178086,-24.315635],[-57.175619,-24.31972],[-57.16958,-24.33491],[-57.164042,-24.355937],[-57.165533,-24.361825],[-57.169623,-24.367375],[-57.174577,-24.371731],[-57.177552,-24.375919],[-57.180531,-24.383281],[-57.181411,-24.393309],[-57.180055,-24.396824],[-57.173638,-24.40884],[-57.167715,-24.421707],[-57.162896,-24.427154],[-57.157954,-24.434299],[-57.151407,-24.444277],[-57.149308,-24.44898],[-57.150926,-24.456344],[-57.157995,-24.466646],[-57.162332,-24.470268],[-57.166545,-24.472982],[-57.171871,-24.474222],[-57.187103,-24.476981],[-57.192183,-24.479468],[-57.194419,-24.484676],[-57.194799,-24.490004],[-57.194061,-24.493401],[-57.191218,-24.496241],[-57.185528,-24.501008],[-57.17823,-24.506056],[-57.163638,-24.522844],[-57.16154,-24.528284],[-57.162167,-24.534117],[-57.169484,-24.541475],[-57.174816,-24.544982],[-57.180642,-24.547355],[-57.187958,-24.552788],[-57.191435,-24.558446],[-57.193922,-24.563938],[-57.194797,-24.569149],[-57.193073,-24.576064],[-57.190109,-24.582187],[-57.185408,-24.587689],[-57.17303,-24.597561],[-57.165852,-24.605048],[-57.160656,-24.612306],[-57.157441,-24.618256],[-57.158316,-24.623923],[-57.164659,-24.640344],[-57.166652,-24.647874],[-57.16976,-24.653877],[-57.174728,-24.659764],[-57.175975,-24.665087],[-57.174622,-24.673076],[-57.171902,-24.67886],[-57.17005,-24.684529],[-57.16956,-24.689628],[-57.172417,-24.692456],[-57.176512,-24.694605],[-57.1816,-24.69641],[-57.188671,-24.697819],[-57.196238,-24.698261],[-57.2069,-24.696097],[-57.214217,-24.695631],[-57.227118,-24.697197],[-57.230346,-24.69912],[-57.23358,-24.703762],[-57.234583,-24.709879],[-57.231631,-24.723309],[-57.228545,-24.731248],[-57.226572,-24.738273],[-57.227455,-24.745808],[-57.228951,-24.749996],[-57.232066,-24.756792],[-57.236543,-24.762109],[-57.24077,-24.766523],[-57.246369,-24.774159],[-57.248615,-24.779822],[-57.252104,-24.786843],[-57.254725,-24.793973],[-57.261203,-24.80535],[-57.265434,-24.810102],[-57.270033,-24.813151],[-57.275752,-24.816767],[-57.291287,-24.824446],[-57.295517,-24.828063],[-57.298504,-24.831286],[-57.300133,-24.837289],[-57.298409,-24.84318],[-57.295564,-24.84772],[-57.291723,-24.851466],[-57.287009,-24.853403],[-57.273602,-24.855578],[-57.265038,-24.857522],[-57.257468,-24.86014],[-57.253997,-24.863262],[-57.253634,-24.867683],[-57.255256,-24.87142],[-57.257869,-24.874021],[-57.259864,-24.877413],[-57.260616,-24.880699],[-57.259757,-24.885631],[-57.254428,-24.891642],[-57.249341,-24.894825],[-57.242264,-24.896534],[-57.230715,-24.898707],[-57.22426,-24.901096],[-57.21967,-24.904729],[-57.216824,-24.911078],[-57.216592,-24.920651],[-57.219336,-24.926653],[-57.223572,-24.932765],[-57.228671,-24.935363],[-57.233891,-24.936036],[-57.238986,-24.936028],[-57.24383,-24.935],[-57.267046,-24.925161],[-57.272876,-24.921731],[-57.281754,-24.919144],[-57.28733,-24.919469],[-57.295796,-24.924145],[-57.299725,-24.92721],[-57.304273,-24.9329],[-57.307603,-24.941553],[-57.310694,-24.950822],[-57.311273,-24.963954],[-57.312526,-24.968368],[-57.314398,-24.971873],[-57.318014,-24.977189],[-57.319393,-24.982279],[-57.320643,-24.985221],[-57.326134,-24.994718],[-57.329381,-25.001335],[-57.332126,-25.005858],[-57.334245,-25.008455],[-57.344212,-25.018167],[-57.346705,-25.021336],[-57.350202,-25.02755],[-57.352197,-25.030038],[-57.361041,-25.037377],[-57.364652,-25.039856],[-57.367145,-25.042229],[-57.369515,-25.045281],[-57.371514,-25.048671],[-57.373771,-25.055231],[-57.376021,-25.059416],[-57.379889,-25.064499],[-57.381882,-25.065853],[-57.383998,-25.066525],[-57.385737,-25.066408],[-57.388469,-25.065723],[-57.395668,-25.062196],[-57.399767,-25.061616],[-57.401883,-25.062292],[-57.404995,-25.063981],[-57.410231,-25.068496],[-57.413345,-25.070637],[-57.41559,-25.072784],[-57.418465,-25.077418],[-57.420587,-25.080013],[-57.427317,-25.084974],[-57.440162,-25.096261],[-57.445644,-25.099641],[-57.456977,-25.104586],[-57.460461,-25.105253],[-57.464689,-25.105524],[-57.473144,-25.10561],[-57.476001,-25.104924],[-57.48394,-25.100031],[-57.488037,-25.098658],[-57.496235,-25.096707],[-57.500461,-25.096463],[-57.505062,-25.096678],[-57.509044,-25.097454],[-57.512405,-25.098689],[-57.515272,-25.100377],[-57.527257,-25.111768],[-57.533635,-25.120238],[-57.535396,-25.124873],[-57.536549,-25.132568],[-57.538311,-25.137429],[-57.53957,-25.142732],[-57.540098,-25.147894],[-57.539869,-25.152423],[-57.537788,-25.160017],[-57.537182,-25.163527],[-57.536947,-25.166585],[-57.537585,-25.17043],[-57.53897,-25.174163],[-57.540601,-25.177327],[-57.545482,-25.183762],[-57.546393,-25.184496],[-57.560219,-25.172985],[-57.563269,-25.171707],[-57.565982,-25.171633],[-57.570122,-25.172921],[-57.586337,-25.1792],[-57.59391,-25.185925],[-57.595883,-25.187082],[-57.59801,-25.187661],[-57.625359,-25.191117],[-57.626741,-25.191667],[-57.643776,-25.201857],[-57.645504,-25.201133],[-57.645714,-25.200632],[-57.646161,-25.200534],[-57.646667,-25.19975],[-57.646297,-25.19902],[-57.647491,-25.197981],[-57.647249,-25.197115],[-57.647517,-25.196375],[-57.646893,-25.195088],[-57.646009,-25.194345],[-57.646529,-25.192067],[-57.647852,-25.191225],[-57.648119,-25.190446],[-57.648804,-25.190691],[-57.652373,-25.190246],[-57.653532,-25.18872],[-57.653813,-25.188669],[-57.654004,-25.189219],[-57.654425,-25.189276],[-57.654772,-25.188077],[-57.65571,-25.188471],[-57.655856,-25.187775],[-57.656465,-25.188142],[-57.65758,-25.187361],[-57.657852,-25.188208],[-57.65836,-25.187922],[-57.659173,-25.187954],[-57.659117,-25.188519],[-57.659446,-25.188829],[-57.660067,-25.188307],[-57.661084,-25.188117],[-57.661277,-25.187773],[-57.660993,-25.187386],[-57.66156,-25.187113],[-57.662267,-25.187331],[-57.662682,-25.188241],[-57.663069,-25.187855],[-57.662804,-25.187455],[-57.663079,-25.187133],[-57.662579,-25.186349],[-57.663322,-25.186527],[-57.663742,-25.186227],[-57.663794,-25.185974],[-57.663217,-25.185755],[-57.664093,-25.185385],[-57.663926,-25.184564],[-57.66425,-25.184224],[-57.664655,-25.184299],[-57.665275,-25.185186],[-57.665064,-25.186248],[-57.665941,-25.186655],[-57.666519,-25.18793],[-57.666098,-25.191048],[-57.666667,-25.194152],[-57.66794,-25.195207],[-57.668999,-25.195125],[-57.670508,-25.195561],[-57.671394,-25.195029],[-57.671735,-25.194282],[-57.672191,-25.189011],[-57.673386,-25.188143],[-57.672665,-25.186882],[-57.672761,-25.186159],[-57.674121,-25.185503],[-57.672989,-25.183011],[-57.673018,-25.182501],[-57.67376,-25.181725],[-57.672272,-25.180829],[-57.67242,-25.179379],[-57.673836,-25.179187],[-57.67329,-25.178192],[-57.675218,-25.178409],[-57.675436,-25.177545],[-57.674806,-25.176835],[-57.675077,-25.176657],[-57.675514,-25.176954],[-57.676276,-25.176395],[-57.676201,-25.176002],[-57.675533,-25.175811],[-57.675975,-25.174807],[-57.676493,-25.174895],[-57.67687,-25.174459],[-57.677643,-25.174366],[-57.677555,-25.17386],[-57.676971,-25.173357],[-57.67748,-25.172578],[-57.677847,-25.172373],[-57.678464,-25.17294],[-57.67865,-25.172686],[-57.678312,-25.172177],[-57.679237,-25.17211],[-57.679865,-25.170612],[-57.679252,-25.170037],[-57.67949,-25.169603],[-57.680147,-25.169496],[-57.680435,-25.169106],[-57.6817,-25.169258],[-57.682067,-25.168408],[-57.682354,-25.168488],[-57.682398,-25.168934],[-57.68322,-25.169138],[-57.683478,-25.168631],[-57.684035,-25.168841],[-57.684058,-25.168195],[-57.684963,-25.168719],[-57.685327,-25.167982],[-57.686435,-25.168008],[-57.687347,-25.167449],[-57.687601,-25.167633],[-57.687486,-25.168383],[-57.688609,-25.167827],[-57.68917,-25.168343],[-57.69051,-25.168599],[-57.69088,-25.167635],[-57.691764,-25.167415],[-57.69174,-25.167139],[-57.691307,-25.167128],[-57.691342,-25.166039],[-57.693149,-25.165629],[-57.693707,-25.16471],[-57.69352,-25.164042],[-57.694409,-25.163776],[-57.694857,-25.164068],[-57.695573,-25.163943],[-57.695935,-25.163345],[-57.696492,-25.163229],[-57.697878,-25.163394],[-57.698293,-25.162711],[-57.699186,-25.163542],[-57.7,-25.163308],[-57.702446,-25.16456],[-57.703957,-25.164628],[-57.704571,-25.165045],[-57.705288,-25.166485],[-57.705888,-25.167028],[-57.707306,-25.167692],[-57.710021,-25.168296],[-57.711838,-25.167906],[-57.714538,-25.165928],[-57.716481,-25.165643],[-57.717873,-25.164895],[-57.718588,-25.163706],[-57.71878,-25.161974],[-57.720948,-25.158936],[-57.721002,-25.157066],[-57.720379,-25.156293],[-57.718884,-25.152166],[-57.724241,-25.141943],[-57.685548,-25.141943],[-57.683835,-25.107786],[-57.685889,-25.106788],[-57.687889,-25.105176],[-57.690801,-25.100726],[-57.590018,-25.068962],[-57.550928,-25.060047],[-57.545816,-25.058081],[-57.550628,-25.051723],[-57.542096,-25.048],[-57.531344,-25.042811],[-57.518798,-25.03829],[-57.498581,-25.022003],[-57.480898,-25.009426],[-57.47928,-24.975566],[-57.417168,-24.97559],[-57.416807,-24.868048],[-57.494531,-24.700068],[-57.544303,-24.373207],[-57.545849,-24.369467],[-57.54658,-24.366398],[-57.546936,-24.362821],[-57.551454,-24.354287],[-57.55274,-24.350706],[-57.553283,-24.347471],[-57.556237,-24.342859],[-57.562869,-24.32921],[-57.561312,-24.313379],[-57.562043,-24.310481],[-57.563147,-24.308093],[-57.56314,-24.306391],[-57.561461,-24.305033],[-57.560154,-24.303502],[-57.560075,-24.303008],[-57.562075,-24.303046],[-57.564196,-24.301921],[-57.564629,-24.302539],[-57.564362,-24.30512],[-57.565084,-24.306023],[-57.565581,-24.305681],[-57.56553,-24.304653],[-57.566612,-24.303402],[-57.567893,-24.303585],[-57.568369,-24.303061],[-57.568701,-24.303106],[-57.570275,-24.304191],[-57.570731,-24.304066],[-57.570581,-24.303496],[-57.568833,-24.302255],[-57.569059,-24.301873],[-57.570264,-24.302454],[-57.573095,-24.302143],[-57.574129,-24.301329],[-57.575115,-24.301769],[-57.575231,-24.304088],[-57.576362,-24.304731],[-57.576251,-24.306074],[-57.576724,-24.307041],[-57.577227,-24.307235],[-57.578044,-24.306575],[-57.578742,-24.304243],[-57.579189,-24.303918],[-57.579756,-24.303947],[-57.581203,-24.305315],[-57.583398,-24.305094],[-57.583989,-24.304569],[-57.583972,-24.30392],[-57.582933,-24.303201],[-57.582645,-24.302351],[-57.583541,-24.301714],[-57.585583,-24.302081],[-57.586002,-24.302365],[-57.585947,-24.303913],[-57.587975,-24.304462],[-57.589682,-24.303307],[-57.590185,-24.301163],[-57.589011,-24.301404],[-57.5891,-24.300498],[-57.588746,-24.300079],[-57.587857,-24.301124],[-57.586577,-24.300376],[-57.587386,-24.29881],[-57.587623,-24.297565],[-57.588023,-24.29738],[-57.588485,-24.29772],[-57.588296,-24.298905],[-57.588693,-24.299335],[-57.589231,-24.297067],[-57.589906,-24.296786],[-57.590076,-24.299468],[-57.59051,-24.299924],[-57.591229,-24.299602],[-57.59097,-24.297566],[-57.591437,-24.297095],[-57.593028,-24.299269],[-57.593474,-24.299001],[-57.593121,-24.298396],[-57.593272,-24.297833],[-57.593985,-24.298634],[-57.594921,-24.298316],[-57.596191,-24.300497],[-57.59707,-24.300755],[-57.598413,-24.300076],[-57.598754,-24.298233],[-57.598031,-24.298112],[-57.59678,-24.296178],[-57.594507,-24.295246],[-57.594592,-24.294653],[-57.595021,-24.29446],[-57.597638,-24.295538],[-57.598321,-24.296337],[-57.599112,-24.296395],[-57.599228,-24.295807],[-57.598352,-24.294379],[-57.598361,-24.293753],[-57.599865,-24.293197],[-57.600905,-24.293234],[-57.601127,-24.293381],[-57.601057,-24.294282],[-57.600023,-24.294964],[-57.599871,-24.295489],[-57.601017,-24.296212],[-57.601916,-24.296324],[-57.602821,-24.295978],[-57.603424,-24.294739],[-57.603096,-24.293535],[-57.603817,-24.292269],[-57.604517,-24.292351],[-57.605532,-24.293592],[-57.607365,-24.293934],[-57.607858,-24.292581],[-57.60746,-24.291994],[-57.607975,-24.291154],[-57.608523,-24.291055],[-57.608877,-24.291695],[-57.610237,-24.29137],[-57.612043,-24.290743],[-57.612795,-24.289798],[-57.613865,-24.290827],[-57.614504,-24.290854],[-57.616026,-24.289829],[-57.617445,-24.289818],[-57.618208,-24.287996],[-57.618744,-24.287722],[-57.619486,-24.287888],[-57.620131,-24.286953],[-57.621071,-24.28752],[-57.62195,-24.287273],[-57.622163,-24.288093],[-57.622645,-24.288496],[-57.625138,-24.289047],[-57.625358,-24.29013],[-57.625756,-24.290267],[-57.626151,-24.290092],[-57.626264,-24.289591],[-57.626359,-24.287292],[-57.627213,-24.286851],[-57.628518,-24.286874],[-57.630878,-24.284945],[-57.630823,-24.283636],[-57.631214,-24.282291],[-57.631058,-24.281453],[-57.632254,-24.280789],[-57.63257,-24.281232],[-57.632118,-24.283086],[-57.632811,-24.282467],[-57.634034,-24.282478],[-57.634884,-24.283985],[-57.634829,-24.28504],[-57.634212,-24.285617],[-57.633943,-24.286614],[-57.635785,-24.288966],[-57.636499,-24.289439],[-57.637167,-24.289499],[-57.637659,-24.288856],[-57.637071,-24.287418],[-57.637158,-24.285682],[-57.639313,-24.285073],[-57.640424,-24.28388],[-57.640128,-24.283237],[-57.637477,-24.281939],[-57.637434,-24.281446],[-57.64043,-24.280517],[-57.640747,-24.280756],[-57.641311,-24.282768],[-57.642533,-24.282916],[-57.643222,-24.282734],[-57.643582,-24.282021],[-57.642341,-24.281355],[-57.641932,-24.280406],[-57.642077,-24.279904],[-57.642864,-24.280309],[-57.643392,-24.279827],[-57.644141,-24.279732],[-57.645065,-24.280659],[-57.647008,-24.280878],[-57.647682,-24.279979],[-57.647571,-24.278635],[-57.64704,-24.278706],[-57.646585,-24.279548],[-57.646098,-24.279718],[-57.644224,-24.278156],[-57.644466,-24.277897],[-57.645214,-24.277945],[-57.644812,-24.276783],[-57.645081,-24.276314],[-57.646456,-24.277331],[-57.64687,-24.277209],[-57.645825,-24.275751],[-57.646006,-24.275432],[-57.646504,-24.275407],[-57.64691,-24.276363],[-57.647601,-24.276614],[-57.647988,-24.27604],[-57.650521,-24.274831],[-57.650699,-24.275042],[-57.649309,-24.275857],[-57.649321,-24.27642],[-57.649897,-24.276556],[-57.651591,-24.275467],[-57.651374,-24.276738],[-57.652081,-24.278887],[-57.653105,-24.279201],[-57.654167,-24.27841],[-57.65416,-24.277985],[-57.652459,-24.277721],[-57.652305,-24.277082],[-57.654282,-24.277194],[-57.654506,-24.277033],[-57.654393,-24.276285],[-57.653595,-24.275638],[-57.652136,-24.275131],[-57.651897,-24.274742],[-57.652761,-24.274147],[-57.653697,-24.275302],[-57.654341,-24.275276],[-57.655116,-24.274742],[-57.655078,-24.274234],[-57.653972,-24.274575],[-57.653293,-24.273353],[-57.654239,-24.272789],[-57.65366,-24.271991],[-57.654782,-24.271793],[-57.655163,-24.271302],[-57.654997,-24.271045],[-57.654049,-24.271036],[-57.654941,-24.270255],[-57.653802,-24.269796],[-57.65451,-24.268816],[-57.653702,-24.268342],[-57.654692,-24.26662],[-57.655162,-24.266323],[-57.655636,-24.266899],[-57.656837,-24.266701],[-57.656791,-24.267985],[-57.658202,-24.267141],[-57.659537,-24.266999],[-57.660415,-24.267473],[-57.66033,-24.268258],[-57.658598,-24.268789],[-57.658298,-24.269337],[-57.658529,-24.269637],[-57.659418,-24.269683],[-57.659758,-24.270396],[-57.660419,-24.269971],[-57.661218,-24.270063],[-57.660976,-24.27064],[-57.659832,-24.271329],[-57.659756,-24.27172],[-57.661818,-24.271763],[-57.662098,-24.272091],[-57.662205,-24.273204],[-57.661172,-24.274138],[-57.661917,-24.275025],[-57.663181,-24.275133],[-57.6641,-24.274362],[-57.664104,-24.273574],[-57.664989,-24.27457],[-57.665364,-24.274514],[-57.664985,-24.27274],[-57.666016,-24.27163],[-57.666563,-24.271527],[-57.668355,-24.273054],[-57.668383,-24.274022],[-57.669045,-24.274371],[-57.669094,-24.275176],[-57.670237,-24.274947],[-57.671109,-24.275164],[-57.671077,-24.275484],[-57.670223,-24.275489],[-57.669988,-24.275744],[-57.670813,-24.276198],[-57.671024,-24.276886],[-57.671405,-24.277097],[-57.672711,-24.277319],[-57.672856,-24.276714],[-57.674107,-24.27612],[-57.674875,-24.276638],[-57.675643,-24.275335],[-57.674634,-24.273904],[-57.674834,-24.273575],[-57.677515,-24.273419],[-57.677649,-24.274173],[-57.677249,-24.275313],[-57.677751,-24.275689],[-57.678128,-24.274299],[-57.67869,-24.274587],[-57.679851,-24.27447],[-57.680196,-24.274176],[-57.679986,-24.273555],[-57.681016,-24.273448],[-57.681326,-24.271489],[-57.680877,-24.270797],[-57.68098,-24.2698],[-57.680283,-24.269253],[-57.68025,-24.268826],[-57.681388,-24.268672],[-57.681834,-24.27006],[-57.683225,-24.269771],[-57.68317,-24.269426],[-57.682475,-24.269171],[-57.68257,-24.268422],[-57.681478,-24.268171],[-57.680574,-24.266956],[-57.680692,-24.26645],[-57.681498,-24.266105],[-57.681385,-24.266814],[-57.682306,-24.267555],[-57.682094,-24.266735],[-57.682967,-24.266507],[-57.682966,-24.265351],[-57.68425,-24.265351],[-57.684822,-24.264821],[-57.686791,-24.264281],[-57.68676,-24.263937],[-57.685971,-24.264014],[-57.685757,-24.263784],[-57.685587,-24.261652],[-57.687915,-24.261809],[-57.688336,-24.262592],[-57.688905,-24.262782],[-57.689944,-24.261451],[-57.690978,-24.261765],[-57.691248,-24.261376],[-57.691182,-24.260529],[-57.692834,-24.260093],[-57.693141,-24.260565],[-57.692495,-24.260741],[-57.692471,-24.261076],[-57.694298,-24.261297],[-57.693814,-24.261698],[-57.693991,-24.262516],[-57.694339,-24.262632],[-57.694983,-24.262095],[-57.695795,-24.262274],[-57.69536,-24.262818],[-57.695608,-24.263732],[-57.696687,-24.262915],[-57.697537,-24.262908],[-57.697844,-24.263533],[-57.699015,-24.262854],[-57.699914,-24.262943],[-57.700296,-24.26233],[-57.699901,-24.261891],[-57.699928,-24.261139],[-57.700853,-24.261299],[-57.701588,-24.260775],[-57.702472,-24.260843],[-57.702943,-24.25987],[-57.703465,-24.259594],[-57.704596,-24.259815],[-57.704357,-24.258702],[-57.704685,-24.25844],[-57.704383,-24.257802],[-57.704635,-24.25714],[-57.704316,-24.256678],[-57.702631,-24.256232],[-57.702065,-24.254969],[-57.702239,-24.254572],[-57.706457,-24.252312],[-57.795218,-24.24376],[-57.793898,-24.242072],[-57.792365,-24.237741],[-57.793161,-24.227283],[-57.793785,-24.223924],[-57.796767,-24.219176],[-57.784273,-23.816744],[-57.784726,-23.816743],[-57.784765,-23.817913],[-57.785591,-23.819434],[-57.786939,-23.819612],[-57.787,-23.818968],[-57.786264,-23.818359],[-57.786188,-23.817708],[-57.788125,-23.816634],[-57.790547,-23.816846],[-57.789057,-23.815362],[-57.789114,-23.814067],[-57.790197,-23.813167],[-57.792466,-23.812721],[-57.793612,-23.812965],[-57.793853,-23.814041],[-57.793603,-23.81439],[-57.79292,-23.814431],[-57.790884,-23.813931],[-57.790617,-23.814539],[-57.791752,-23.814523],[-57.792662,-23.81491],[-57.792667,-23.815714],[-57.791878,-23.81606],[-57.791768,-23.816444],[-57.793368,-23.817128],[-57.796242,-23.817442],[-57.796321,-23.817108],[-57.79505,-23.816571],[-57.794523,-23.814207],[-57.794889,-23.813372],[-57.796147,-23.813647],[-57.795698,-23.812715],[-57.796523,-23.811337],[-57.797395,-23.810758],[-57.798367,-23.810912],[-57.798218,-23.811606],[-57.797568,-23.811985],[-57.797495,-23.812629],[-57.798744,-23.813423],[-57.799716,-23.814956],[-57.80025,-23.815012],[-57.800447,-23.814607],[-57.799436,-23.813643],[-57.799676,-23.812618],[-57.801441,-23.811987],[-57.803432,-23.810284],[-57.804387,-23.810414],[-57.804504,-23.811196],[-57.803818,-23.813441],[-57.807604,-23.814556],[-57.808091,-23.81492],[-57.807258,-23.816792],[-57.805735,-23.818839],[-57.805607,-23.819505],[-57.806998,-23.819912],[-57.808021,-23.820748],[-57.808773,-23.820975],[-57.808722,-23.820453],[-57.807026,-23.819473],[-57.80693,-23.818769],[-57.807594,-23.818158],[-57.808335,-23.819419],[-57.809062,-23.819591],[-57.810215,-23.81802],[-57.810859,-23.818546],[-57.809874,-23.820179],[-57.809739,-23.82098],[-57.812235,-23.821372],[-57.812508,-23.821542],[-57.81256,-23.822467],[-57.813044,-23.822909],[-57.81399,-23.822338],[-57.814557,-23.822343],[-57.814859,-23.822877],[-57.81592,-23.823036],[-57.816381,-23.822544],[-57.816452,-23.820989],[-57.817753,-23.820232],[-57.818856,-23.820707],[-57.81938,-23.821799],[-57.820289,-23.821769],[-57.821494,-23.819366],[-57.822109,-23.819089],[-57.822716,-23.819357],[-57.822607,-23.820155],[-57.822054,-23.820799],[-57.823616,-23.821666],[-57.823739,-23.823257],[-57.826001,-23.822938],[-57.826777,-23.823654],[-57.826236,-23.824093],[-57.824172,-23.824008],[-57.824088,-23.826181],[-57.824758,-23.826347],[-57.827306,-23.824644],[-57.828248,-23.824981],[-57.828421,-23.825379],[-57.827801,-23.826201],[-57.826724,-23.826195],[-57.825008,-23.827295],[-57.824795,-23.8284],[-57.825205,-23.828629],[-57.827143,-23.82671],[-57.827628,-23.826659],[-57.827759,-23.827236],[-57.829905,-23.829222],[-57.830258,-23.82989],[-57.829826,-23.831348],[-57.829995,-23.833094],[-57.830821,-23.83345],[-57.832228,-23.832316],[-57.832906,-23.832298],[-57.83293,-23.83282],[-57.832044,-23.834224],[-57.832393,-23.835798],[-57.83297,-23.836089],[-57.83335,-23.835955],[-57.83411,-23.833015],[-57.834872,-23.832642],[-57.835652,-23.832922],[-57.834789,-23.835591],[-57.834872,-23.837306],[-57.835437,-23.83739],[-57.836655,-23.836575],[-57.838176,-23.834997],[-57.840407,-23.834733],[-57.84035,-23.83517],[-57.839378,-23.835711],[-57.839115,-23.836239],[-57.839234,-23.837907],[-57.839785,-23.83773],[-57.841219,-23.835762],[-57.843825,-23.836657],[-57.843803,-23.837457],[-57.842114,-23.838583],[-57.841995,-23.840419],[-57.842604,-23.841516],[-57.843195,-23.8416],[-57.843477,-23.841616],[-57.843512,-23.841072],[-57.84313,-23.839521],[-57.843327,-23.839117],[-57.845688,-23.836783],[-57.846386,-23.836926],[-57.846338,-23.838165],[-57.846604,-23.838438],[-57.849398,-23.837634],[-57.851534,-23.837794],[-57.851474,-23.838547],[-57.850295,-23.838744],[-57.849588,-23.840597],[-57.848031,-23.840928],[-57.847534,-23.841576],[-57.847589,-23.842487],[-57.848606,-23.843036],[-57.849982,-23.841449],[-57.851963,-23.841609],[-57.851854,-23.842329],[-57.849473,-23.843212],[-57.848729,-23.845093],[-57.849362,-23.845333],[-57.850671,-23.843898],[-57.852331,-23.842848],[-57.852722,-23.842973],[-57.853823,-23.844435],[-57.853727,-23.844947],[-57.852812,-23.845547],[-57.85283,-23.846091],[-57.853198,-23.846112],[-57.85395,-23.845425],[-57.85485,-23.845781],[-57.854497,-23.846102],[-57.85422,-23.847275],[-57.855406,-23.848169],[-57.856507,-23.847347],[-57.85761,-23.847563],[-57.857517,-23.848128],[-57.856166,-23.848366],[-57.855658,-23.848753],[-57.855844,-23.850189],[-57.856162,-23.850544],[-57.856805,-23.850395],[-57.857557,-23.84927],[-57.858247,-23.849048],[-57.858561,-23.849377],[-57.858565,-23.850207],[-57.85777,-23.851487],[-57.857797,-23.85193],[-57.858543,-23.852281],[-57.860592,-23.85076],[-57.861241,-23.851288],[-57.862344,-23.851347],[-57.86415,-23.850615],[-57.864561,-23.850845],[-57.864227,-23.851654],[-57.863124,-23.852476],[-57.862728,-23.853337],[-57.863336,-23.853602],[-57.864571,-23.852915],[-57.865583,-23.854347],[-57.866598,-23.854458],[-57.867807,-23.853744],[-57.868317,-23.851567],[-57.8688,-23.85154],[-57.869542,-23.853129],[-57.870634,-23.85329],[-57.87073,-23.852728],[-57.870266,-23.852057],[-57.869876,-23.850222],[-57.871021,-23.84878],[-57.871528,-23.848834],[-57.872104,-23.849565],[-57.87187,-23.851367],[-57.872103,-23.85169],[-57.872589,-23.851665],[-57.872753,-23.850923],[-57.873305,-23.850305],[-57.875653,-23.850768],[-57.877726,-23.851633],[-57.879019,-23.850588],[-57.879117,-23.849944],[-57.878163,-23.848803],[-57.878293,-23.848499],[-57.879186,-23.84712],[-57.880438,-23.846719],[-57.882057,-23.847102],[-57.88202,-23.847697],[-57.881315,-23.8481],[-57.881157,-23.848766],[-57.881771,-23.849032],[-57.883318,-23.848752],[-57.883559,-23.850295],[-57.883832,-23.85044],[-57.884317,-23.850363],[-57.884421,-23.849643],[-57.885295,-23.8493],[-57.885477,-23.849959],[-57.886012,-23.850456],[-57.888705,-23.850496],[-57.889322,-23.850166],[-57.889299,-23.84923],[-57.888339,-23.849178],[-57.887653,-23.848415],[-57.888156,-23.848105],[-57.889273,-23.848762],[-57.889776,-23.848426],[-57.890368,-23.847163],[-57.890479,-23.845872],[-57.891741,-23.845653],[-57.893422,-23.847741],[-57.89559,-23.847547],[-57.896423,-23.846918],[-57.896475,-23.844254],[-57.898782,-23.844117],[-57.899013,-23.844908],[-57.897838,-23.845595],[-57.897818,-23.846345],[-57.900384,-23.847002],[-57.900688,-23.846215],[-57.90016,-23.845201],[-57.900803,-23.843942],[-57.902392,-23.844414],[-57.902623,-23.84523],[-57.90344,-23.845818],[-57.904873,-23.845533],[-57.906309,-23.845833],[-57.906674,-23.846319],[-57.906628,-23.84707],[-57.906434,-23.847475],[-57.905262,-23.84806],[-57.905018,-23.848693],[-57.90516,-23.849531],[-57.906801,-23.849257],[-57.907601,-23.849974],[-57.908358,-23.850092],[-57.908879,-23.849965],[-57.909372,-23.849369],[-57.909764,-23.849442],[-57.909529,-23.850908],[-57.909855,-23.851133],[-57.91032,-23.85095],[-57.91085,-23.850201],[-57.911429,-23.850906],[-57.911107,-23.853223],[-57.911827,-23.853495],[-57.91253,-23.852313],[-57.914036,-23.852679],[-57.914526,-23.852991],[-57.914502,-23.854235],[-57.91481,-23.854745],[-57.915228,-23.855286],[-57.91584,-23.855475],[-57.9164,-23.8547],[-57.916537,-23.853022],[-57.917289,-23.851922],[-57.917769,-23.851947],[-57.918212,-23.852542],[-57.917411,-23.853095],[-57.917423,-23.853768],[-57.919389,-23.854496],[-57.919696,-23.854124],[-57.919748,-23.852936],[-57.919997,-23.852612],[-57.9212,-23.852365],[-57.921446,-23.85077],[-57.922391,-23.850249],[-57.92292,-23.850797],[-57.923947,-23.850154],[-57.930166,-23.850961],[-57.930585,-23.850595],[-57.930453,-23.849991],[-57.928334,-23.849668],[-57.928357,-23.849332],[-57.929878,-23.848507],[-57.930019,-23.848074],[-57.929176,-23.847173],[-57.929234,-23.846375],[-57.930154,-23.846527],[-57.930877,-23.847213],[-57.93155,-23.846394],[-57.932178,-23.846272],[-57.932558,-23.84738],[-57.933358,-23.848097],[-57.933767,-23.846668],[-57.934966,-23.846965],[-57.93558,-23.846687],[-57.935894,-23.846185],[-57.935975,-23.844477],[-57.936606,-23.844355],[-57.937184,-23.845115],[-57.936827,-23.846649],[-57.937481,-23.847073],[-57.938211,-23.847191],[-57.938513,-23.846483],[-57.93963,-23.847163],[-57.940287,-23.846654],[-57.940192,-23.845483],[-57.940534,-23.845449],[-57.941338,-23.845726],[-57.94231,-23.847384],[-57.943574,-23.847607],[-57.943657,-23.84673],[-57.942498,-23.845738],[-57.941152,-23.845094],[-57.941315,-23.844323],[-57.942541,-23.843768],[-57.943416,-23.845114],[-57.945001,-23.84473],[-57.945948,-23.844938],[-57.946628,-23.845905],[-57.946568,-23.847793],[-57.946978,-23.848049],[-57.947684,-23.848035],[-57.947931,-23.84766],[-57.947961,-23.845432],[-57.948428,-23.845249],[-57.949371,-23.845924],[-57.949967,-23.847328],[-57.952065,-23.846947],[-57.953068,-23.848013],[-57.952588,-23.849828],[-57.953212,-23.850276],[-57.953645,-23.850144],[-57.953747,-23.848879],[-57.954152,-23.848745],[-57.958304,-23.849603],[-57.959924,-23.849428],[-57.960214,-23.850248],[-57.958796,-23.85069],[-57.958597,-23.851587],[-57.959469,-23.851711],[-57.960184,-23.851206],[-57.960941,-23.851324],[-57.962163,-23.85297],[-57.96177,-23.854245],[-57.962353,-23.854432],[-57.963329,-23.85381],[-57.964134,-23.854112],[-57.964065,-23.855146],[-57.964833,-23.855991],[-57.965343,-23.856017],[-57.965445,-23.855348],[-57.965866,-23.854956],[-57.967186,-23.85469],[-57.96693,-23.856467],[-57.967376,-23.857035],[-57.970133,-23.855573],[-57.97097,-23.8558],[-57.970394,-23.857246],[-57.970428,-23.857611],[-57.970816,-23.857762],[-57.972455,-23.856969],[-57.972429,-23.857382],[-57.973165,-23.857863],[-57.974768,-23.85717],[-57.975764,-23.857172],[-57.97626,-23.859972],[-57.976518,-23.860428],[-57.97732,-23.860756],[-57.977575,-23.860743],[-57.977607,-23.860119],[-57.977348,-23.859689],[-57.978097,-23.858694],[-57.978579,-23.858307],[-57.980197,-23.858289],[-57.980441,-23.858846],[-57.979697,-23.859349],[-57.979777,-23.859925],[-57.981464,-23.860145],[-57.981759,-23.860683],[-57.982435,-23.861055],[-57.982861,-23.861078],[-57.983607,-23.860159],[-57.984438,-23.86106],[-57.984405,-23.862353],[-57.983327,-23.863619],[-57.983588,-23.864385],[-57.98477,-23.864136],[-57.985475,-23.862929],[-57.986364,-23.864922],[-57.987233,-23.865097],[-57.987285,-23.863567],[-57.989626,-23.862658],[-57.990644,-23.862687],[-57.990596,-23.862995],[-57.989563,-23.863666],[-57.990604,-23.86424],[-57.990047,-23.865012],[-57.989141,-23.865431],[-57.989977,-23.867076],[-57.991604,-23.866854],[-57.993231,-23.867073],[-57.993468,-23.866464],[-57.992341,-23.865031],[-57.992768,-23.864536],[-57.993309,-23.864513],[-57.994055,-23.865252],[-57.995517,-23.865463],[-57.995836,-23.864908],[-57.995606,-23.864038],[-57.997901,-23.863097],[-58.000122,-23.865265],[-57.999968,-23.865878],[-57.998087,-23.865597],[-57.997972,-23.867874],[-57.998922,-23.86761],[-58.000072,-23.868793],[-58.001606,-23.868662],[-58.002315,-23.867299],[-58.003863,-23.867872],[-58.004703,-23.867554],[-58.005775,-23.867796],[-58.005817,-23.869036],[-58.006447,-23.869357],[-58.007588,-23.869461],[-58.007902,-23.868814],[-58.008608,-23.868451],[-58.008846,-23.869096],[-58.010146,-23.86942],[-58.011163,-23.867323],[-58.011831,-23.866782],[-58.011755,-23.867832],[-58.012625,-23.869416],[-58.012237,-23.871247],[-58.013063,-23.871323],[-58.014791,-23.869662],[-58.016171,-23.869],[-58.016606,-23.871275],[-58.016492,-23.872318],[-58.015666,-23.873114],[-58.01563,-23.874122],[-58.017756,-23.873972],[-58.019136,-23.874833],[-58.020508,-23.873102],[-58.022199,-23.872306],[-58.022158,-23.873532],[-58.021176,-23.87411],[-58.022205,-23.87551],[-58.022676,-23.875509],[-58.023658,-23.873923],[-58.024835,-23.874821],[-58.023344,-23.875832],[-58.023228,-23.876156],[-58.023624,-23.876622],[-58.024453,-23.876908],[-58.026181,-23.875968],[-58.027241,-23.87629],[-58.026227,-23.878919],[-58.02663,-23.879998],[-58.027771,-23.880103],[-58.027843,-23.879563],[-58.027247,-23.878988],[-58.027638,-23.878196],[-58.029409,-23.877184],[-58.029803,-23.877435],[-58.030044,-23.879377],[-58.030827,-23.879519],[-58.031381,-23.879446],[-58.03166,-23.879014],[-58.032411,-23.879084],[-58.032696,-23.880953],[-58.033607,-23.880985],[-58.033897,-23.878253],[-58.033698,-23.876706],[-58.034091,-23.876201],[-58.034525,-23.876164],[-58.036031,-23.877672],[-58.03772,-23.877919],[-58.037469,-23.873782],[-58.038375,-23.873923],[-58.038105,-23.875328],[-58.038975,-23.876981],[-58.040346,-23.874423],[-58.041132,-23.874601],[-58.04094,-23.875609],[-58.040236,-23.876762],[-58.040393,-23.877409],[-58.042751,-23.876611],[-58.043658,-23.876825],[-58.043613,-23.875458],[-58.044203,-23.875205],[-58.045348,-23.876425],[-58.046175,-23.876855],[-58.047039,-23.876097],[-58.045031,-23.875456],[-58.044515,-23.874555],[-58.044514,-23.874159],[-58.044946,-23.87387],[-58.04605,-23.874447],[-58.047111,-23.873866],[-58.048567,-23.874188],[-58.049785,-23.873824],[-58.050415,-23.874219],[-58.049944,-23.874868],[-58.049987,-23.875767],[-58.050576,-23.875838],[-58.051479,-23.875332],[-58.052308,-23.875616],[-58.05125,-23.877166],[-58.051372,-23.877921],[-58.051883,-23.877919],[-58.052781,-23.877162],[-58.053135,-23.875938],[-58.054906,-23.875789],[-58.054835,-23.877192],[-58.053255,-23.877377],[-58.052862,-23.877773],[-58.052919,-23.878861],[-58.05673,-23.879304],[-58.059029,-23.878768],[-58.059031,-23.879876],[-58.057952,-23.880231],[-58.057837,-23.880844],[-58.059144,-23.880572],[-58.060274,-23.880839],[-58.060727,-23.881499],[-58.060233,-23.882079],[-58.060575,-23.883335],[-58.061409,-23.883353],[-58.062155,-23.883742],[-58.062271,-23.884712],[-58.061504,-23.885002],[-58.061192,-23.886115],[-58.062193,-23.888649],[-58.062643,-23.88877],[-58.06325,-23.888172],[-58.064401,-23.888231],[-58.064623,-23.887755],[-58.063967,-23.88685],[-58.06365,-23.885657],[-58.064196,-23.884785],[-58.064896,-23.884763],[-58.065013,-23.885301],[-58.064316,-23.885983],[-58.064457,-23.886602],[-58.065746,-23.88695],[-58.067095,-23.886719],[-58.067237,-23.887914],[-58.067553,-23.88816],[-58.069104,-23.88721],[-58.069577,-23.88725],[-58.069692,-23.888237],[-58.069334,-23.88997],[-58.069763,-23.890009],[-58.07019,-23.888874],[-58.070751,-23.888687],[-58.071091,-23.889324],[-58.070733,-23.889922],[-58.070646,-23.891099],[-58.071142,-23.891118],[-58.07224,-23.889157],[-58.074021,-23.890037],[-58.073733,-23.890822],[-58.072449,-23.890949],[-58.072547,-23.892869],[-58.073358,-23.892926],[-58.073941,-23.892244],[-58.075541,-23.891376],[-58.07633,-23.891517],[-58.076174,-23.892527],[-58.075386,-23.893844],[-58.075368,-23.894506],[-58.075684,-23.894794],[-58.076272,-23.894815],[-58.077594,-23.89279],[-58.078697,-23.892515],[-58.079781,-23.892864],[-58.080961,-23.895108],[-58.081683,-23.895148],[-58.081862,-23.894653],[-58.081027,-23.894408],[-58.081092,-23.893873],[-58.082193,-23.892381],[-58.08296,-23.892153],[-58.083164,-23.892564],[-58.082469,-23.894342],[-58.083099,-23.894259],[-58.08427,-23.893306],[-58.085128,-23.893117],[-58.086252,-23.894188],[-58.086188,-23.894992],[-58.08558,-23.895117],[-58.084631,-23.894776],[-58.084819,-23.895542],[-58.08444,-23.896453],[-58.084713,-23.896603],[-58.086072,-23.896217],[-58.087723,-23.897499],[-58.088426,-23.897466],[-58.0888,-23.896387],[-58.089313,-23.895949],[-58.089154,-23.894809],[-58.089548,-23.894668],[-58.090355,-23.894902],[-58.090561,-23.895743],[-58.091123,-23.896162],[-58.093118,-23.894879],[-58.093716,-23.895469],[-58.094823,-23.895107],[-58.096777,-23.896911],[-58.098178,-23.896345],[-58.099932,-23.896699],[-58.099757,-23.895841],[-58.100269,-23.895403],[-58.100404,-23.894715],[-58.099016,-23.894394],[-58.098742,-23.893207],[-58.099151,-23.892863],[-58.099904,-23.892827],[-58.101309,-23.893525],[-58.101628,-23.893182],[-58.100786,-23.892156],[-58.100955,-23.891719],[-58.101535,-23.891639],[-58.102706,-23.892897],[-58.103532,-23.893214],[-58.105306,-23.892459],[-58.105917,-23.891865],[-58.106343,-23.892004],[-58.106724,-23.892674],[-58.107219,-23.892672],[-58.108561,-23.89156],[-58.10847,-23.890262],[-58.109257,-23.890245],[-58.109362,-23.891199],[-58.109722,-23.891588],[-58.111051,-23.889894],[-58.111631,-23.889768],[-58.11283,-23.890562],[-58.112932,-23.891485],[-58.112675,-23.891626],[-58.112041,-23.891067],[-58.111393,-23.891178],[-58.110135,-23.892336],[-58.110223,-23.893039],[-58.110787,-23.893146],[-58.112265,-23.892143],[-58.113417,-23.892654],[-58.113503,-23.893279],[-58.11267,-23.893859],[-58.112586,-23.894282],[-58.113797,-23.894261],[-58.114451,-23.895743],[-58.115675,-23.89654],[-58.116188,-23.896538],[-58.116198,-23.895675],[-58.114827,-23.894586],[-58.115271,-23.894335],[-58.116125,-23.894847],[-58.11662,-23.894767],[-58.116239,-23.892458],[-58.116908,-23.891771],[-58.118255,-23.891813],[-58.118174,-23.892421],[-58.117122,-23.892627],[-58.117024,-23.892893],[-58.118502,-23.894592],[-58.119442,-23.894573],[-58.119331,-23.893323],[-58.121049,-23.893261],[-58.121426,-23.892947],[-58.121375,-23.892587],[-58.120467,-23.892123],[-58.120221,-23.891452],[-58.120175,-23.888787],[-58.120548,-23.888178],[-58.121892,-23.8885],[-58.12252,-23.889135],[-58.122251,-23.890588],[-58.121551,-23.891214],[-58.12176,-23.891619],[-58.123009,-23.892006],[-58.123454,-23.892035],[-58.124064,-23.891269],[-58.125346,-23.891609],[-58.12662,-23.8897],[-58.128655,-23.889895],[-58.128622,-23.890615],[-58.127801,-23.89043],[-58.127323,-23.890635],[-58.126291,-23.893309],[-58.126993,-23.893758],[-58.127483,-23.892415],[-58.127877,-23.892554],[-58.128016,-23.893224],[-58.12887,-23.89344],[-58.129719,-23.891939],[-58.130743,-23.892029],[-58.132074,-23.891604],[-58.132047,-23.893088],[-58.132768,-23.894381],[-58.132684,-23.894834],[-58.132035,-23.895225],[-58.131898,-23.895831],[-58.134611,-23.896441],[-58.134598,-23.897022],[-58.133934,-23.897447],[-58.134588,-23.89846],[-58.134521,-23.898898],[-58.132885,-23.900027],[-58.133403,-23.900649],[-58.134787,-23.901285],[-58.134738,-23.901737],[-58.133851,-23.902099],[-58.134434,-23.9028],[-58.134035,-23.905134],[-58.134919,-23.90549],[-58.135619,-23.905379],[-58.136079,-23.904457],[-58.13717,-23.904111],[-58.138348,-23.90456],[-58.138926,-23.904308],[-58.139471,-23.904431],[-58.13978,-23.905194],[-58.140548,-23.905098],[-58.140987,-23.903677],[-58.14143,-23.903348],[-58.142967,-23.903451],[-58.142434,-23.902485],[-58.142535,-23.902157],[-58.143349,-23.901049],[-58.144013,-23.900641],[-58.144765,-23.900857],[-58.1446,-23.902183],[-58.147472,-23.902906],[-58.148239,-23.902842],[-58.148665,-23.902059],[-58.148046,-23.902001],[-58.147569,-23.902471],[-58.146836,-23.90241],[-58.146611,-23.901631],[-58.146917,-23.900958],[-58.147895,-23.900795],[-58.150119,-23.901204],[-58.150421,-23.900128],[-58.150249,-23.899564],[-58.149174,-23.899503],[-58.148746,-23.899004],[-58.14864,-23.897865],[-58.148211,-23.897555],[-58.146761,-23.897778],[-58.146021,-23.897124],[-58.14586,-23.896533],[-58.147234,-23.895811],[-58.14755,-23.894513],[-58.149343,-23.895036],[-58.149649,-23.894784],[-58.149456,-23.89369],[-58.148993,-23.892989],[-58.14921,-23.891895],[-58.147155,-23.889948],[-58.148711,-23.889725],[-58.14905,-23.888991],[-58.148166,-23.886089],[-58.150012,-23.886382],[-58.15047,-23.88565],[-58.15039,-23.8845],[-58.151138,-23.884187],[-58.152741,-23.884196],[-58.153216,-23.883807],[-58.15304,-23.882813],[-58.152698,-23.882642],[-58.151678,-23.883173],[-58.150892,-23.882708],[-58.150805,-23.882366],[-58.152128,-23.881145],[-58.15226,-23.879864],[-58.152806,-23.879862],[-58.153903,-23.880734],[-58.154227,-23.88067],[-58.15477,-23.879732],[-58.157105,-23.879132],[-58.157465,-23.878879],[-58.157481,-23.878394],[-58.1564,-23.878262],[-58.156399,-23.87693],[-58.158388,-23.875867],[-58.15926,-23.875735],[-58.159792,-23.875937],[-58.159961,-23.876357],[-58.159208,-23.87689],[-58.159127,-23.877312],[-58.160166,-23.877872],[-58.160888,-23.879244],[-58.16135,-23.879321],[-58.161706,-23.878429],[-58.162801,-23.878643],[-58.164198,-23.878045],[-58.164455,-23.878137],[-58.164153,-23.87956],[-58.167042,-23.880208],[-58.167142,-23.879769],[-58.166336,-23.878944],[-58.166368,-23.878335],[-58.168008,-23.878952],[-58.168538,-23.878826],[-58.16869,-23.878202],[-58.168397,-23.877875],[-58.166981,-23.878082],[-58.167111,-23.876052],[-58.167503,-23.875754],[-58.168083,-23.875862],[-58.16894,-23.876624],[-58.169122,-23.875468],[-58.168387,-23.875221],[-58.168181,-23.874862],[-58.168857,-23.872861],[-58.167424,-23.873444],[-58.166852,-23.871214],[-58.16769,-23.870892],[-58.168594,-23.871045],[-58.16966,-23.87268],[-58.169425,-23.87393],[-58.171151,-23.874375],[-58.171454,-23.873423],[-58.171072,-23.872004],[-58.171361,-23.87166],[-58.172402,-23.871563],[-58.172987,-23.872605],[-58.173293,-23.872604],[-58.173681,-23.871651],[-58.17426,-23.871446],[-58.174653,-23.871741],[-58.17469,-23.872566],[-58.175149,-23.872673],[-58.175455,-23.871536],[-58.176957,-23.871313],[-58.177617,-23.870547],[-58.178672,-23.870231],[-58.17822,-23.869205],[-58.177385,-23.868521],[-58.177428,-23.867884],[-58.178282,-23.867443],[-58.178379,-23.866211],[-58.178992,-23.866084],[-58.179659,-23.866769],[-58.18024,-23.866814],[-58.180796,-23.865376],[-58.182505,-23.865651],[-58.182602,-23.864402],[-58.182875,-23.864182],[-58.185635,-23.863643],[-58.185684,-23.8628],[-58.183722,-23.862648],[-58.183189,-23.861636],[-58.182316,-23.861265],[-58.181646,-23.860281],[-58.182227,-23.860071],[-58.18243,-23.859476],[-58.182754,-23.859382],[-58.183832,-23.859813],[-58.183889,-23.857678],[-58.184607,-23.857846],[-58.185156,-23.858562],[-58.18606,-23.858323],[-58.185986,-23.857484],[-58.184534,-23.85738],[-58.184012,-23.855477],[-58.185107,-23.855037],[-58.184762,-23.854398],[-58.184935,-23.853217],[-58.186158,-23.853225],[-58.186878,-23.854033],[-58.187439,-23.853749],[-58.187567,-23.851843],[-58.188536,-23.850952],[-58.189592,-23.850828],[-58.190019,-23.850495],[-58.190112,-23.849327],[-58.189285,-23.848473],[-58.189657,-23.847816],[-58.190186,-23.847752],[-58.190899,-23.849339],[-58.191429,-23.849383],[-58.191893,-23.84748],[-58.192444,-23.84765],[-58.193131,-23.84852],[-58.193555,-23.848301],[-58.193314,-23.847662],[-58.193973,-23.84674],[-58.196392,-23.846263],[-58.196888,-23.84648],[-58.196771,-23.846995],[-58.195406,-23.846953],[-58.194556,-23.847346],[-58.195926,-23.848948],[-58.196828,-23.848477],[-58.197938,-23.848676],[-58.198583,-23.847582],[-58.199672,-23.84764],[-58.200407,-23.846888],[-58.201041,-23.84698],[-58.201586,-23.847774],[-58.202065,-23.84796],[-58.203232,-23.847113],[-58.204595,-23.847289],[-58.205462,-23.846351],[-58.206475,-23.845879],[-58.20667,-23.846424],[-58.205705,-23.847253],[-58.205347,-23.848081],[-58.205551,-23.848689],[-58.206079,-23.848594],[-58.206111,-23.848079],[-58.206944,-23.847562],[-58.208736,-23.848304],[-58.209603,-23.847474],[-58.211187,-23.847219],[-58.212358,-23.846404],[-58.213057,-23.846744],[-58.213083,-23.848163],[-58.21353,-23.849081],[-58.214111,-23.849189],[-58.214208,-23.848361],[-58.214785,-23.847969],[-58.21505,-23.847126],[-58.2158,-23.846921],[-58.216522,-23.847278]]]}}]}
