{"type":"FeatureCollection","name":"cauces","features":[{"type":"Feature","properties":{"nombre":null},"geometry":{"type":"LineString","coordinates":[[-57.589576,-25.333644],[-57.589918,-25.333333]]}},{"type":"Feature","properties":{"nombre":null},"geometry":{"type":"LineString","coordinates":[[-57.590484,-25.333333],[-57.590555,-25.333392]]}},{"type":"Feature","properties":{"nombre":null},"geometry":{"type":"LineString","coordinates":[[-57.588605,-25.334297],[-57.588514,-25.334337],[-57.58842,-25.334308]]}},{"type":"Feature","properties":{"nombre":null},"geometry":{"type":"LineString","coordinates":[[-57.584607,-25.338889],[-57.584398,-25.338707],[-57.583893,-25.33833]]}},{"type":"Feature","properties":{"nombre":null},"geometry":{"type":"LineString","coordinates":[[-57.58663,-25.339144],[-57.586787,-25.339042]]}},{"type":"Feature","properties":{"nombre":null},"geometry":{"type":"LineString","coordinates":[[-57.570602,-25.323045],[-57.570663,-25.323071],[-57.570934,-25.322986]]}},{"type":"Feature","properties":{"nombre":null},"geometry":{"type":"LineString","coordinates":[[-57.572238,-25.324016],[-57.572221,-25.324011],[-57.572214,-25.324036],[-57.572235,-25.324015]]}},{"type":"Feature","properties":{"nombre":null},"geometry":{"type":"LineString","coordinates":[[-57.565643,-25.320303],[-57.565551,-25.320318],[-57.565499,-25.3203],[-57.565218,-25.320097],[-57.565091,-25.319966],[-57.564766,-25.319712]]}},{"type":"Feature","properties":{"nombre":null},"geometry":{"type":"LineString","coordinates":[[-57.565803,-25.321532],[-57.565791,-25.321488],[-57.565827,-25.321416],[-57.566024,-25.321222],[-57.566113,-25.321096]]}},{"type":"Feature","properties":{"nombre":null},"geometry":{"type":"LineString","coordinates":[[-57.55491,-25.308643],[-57.554848,-25.308905],[-57.554856,-25.309085],[-57.554906,-25.309253],[-57.55499,-25.309416]]}},{"type":"Feature","properties":{"nombre":null},"geometry":{"type":"LineString","coordinates":[[-57.55545,-25.310054],[-57.555213,-25.309996],[-57.555109,-25.309891]]}},{"type":"Feature","properties":{"nombre":null},"geometry":{"type":"LineString","coordinates":[[-57.554758,-25.307732],[-57.55436,-25.307743]]}},{"type":"Feature","properties":{"nombre":null},"geometry":{"type":"LineString","coordinates":[[-57.551917,-25.308522],[-57.551868,-25.308416],[-57.551747,-25.308289],[-57.551725,-25.308213]]}},{"type":"Feature","properties":{"nombre":null},"geometry":{"type":"LineString","coordinates":[[-57.55491,-25.308643],[-57.554893,-25.3085]]}},{"type":"Feature","properties":{"nombre":null},"geometry":{"type":"LineString","coordinates":[[-57.55545,-25.310054],[-57.55558,-25.310087],[-57.555582,-25.31017]]}},{"type":"Feature","properties":{"nombre":null},"geometry":{"type":"LineString","coordinates":[[-57.546041,-25.292651],[-57.546033,-25.29271],[-57.545932,-25.292721]]}},{"type":"Feature","properties":{"nombre":null},"geometry":{"type":"LineString","coordinates":[[-57.545109,-25.294444],[-57.545084,-25.294444]]}},{"type":"Feature","properties":{"nombre":null},"geometry":{"type":"LineString","coordinates":[[-57.545343,-25.294445],[-57.545514,-25.294501],[-57.545599,-25.294648],[-57.54564,-25.294682],[-57.545648,-25.294841],[-57.545687,-25.294892],[-57.545703,-25.295221]]}},{"type":"Feature","properties":{"nombre":null},"geometry":{"type":"LineString","coordinates":[[-57.528322,-25.244759],[-57.528278,-25.244913],[-57.528244,-25.24496],[-57.528249,-25.245007],[-57.528179,-25.245016]]}},{"type":"Feature","properties":{"nombre":null},"geometry":{"type":"LineString","coordinates":[[-57.529825,-25.244876],[-57.529498,-25.245188],[-57.52946,-25.245269]]}},{"type":"Feature","properties":{"nombre":null},"geometry":{"type":"LineString","coordinates":[[-57.545296,-25.27463],[-57.545418,-25.275012],[-57.545581,-25.275263],[-57.545673,-25.275325],[-57.545985,-25.275413]]}},{"type":"Feature","properties":{"nombre":null},"geometry":{"type":"LineString","coordinates":[[-57.548874,-25.273554],[-57.548829,-25.273505]]}},{"type":"Feature","properties":{"nombre":null},"geometry":{"type":"LineString","coordinates":[[-57.548822,-25.273494],[-57.548774,-25.273449]]}},{"type":"Feature","properties":{"nombre":null},"geometry":{"type":"LineString","coordinates":[[-57.549428,-25.273898],[-57.549405,-25.27387]]}},{"type":"Feature","properties":{"nombre":null},"geometry":{"type":"LineString","coordinates":[[-57.546764,-25.275641],[-57.54705,-25.275723]]}},{"type":"Feature","properties":{"nombre":null},"geometry":{"type":"LineString","coordinates":[[-57.546768,-25.275631],[-57.547055,-25.275711]]}},{"type":"Feature","properties":{"nombre":null},"geometry":{"type":"LineString","coordinates":[[-57.548874,-25.273554],[-57.548829,-25.273505]]}},{"type":"Feature","properties":{"nombre":null},"geometry":{"type":"LineString","coordinates":[[-57.548032,-25.276204],[-57.547969,-25.276188],[-57.547964,-25.276204],[-57.548027,-25.27622],[-57.548032,-25.276204]]}},{"type":"Feature","properties":{"nombre":null},"geometry":{"type":"LineString","coordinates":[[-57.547848,-25.27615],[-57.547792,-25.276136],[-57.547788,-25.27615],[-57.547844,-25.276165],[-57.547848,-25.27615]]}},{"type":"Feature","properties":{"nombre":null},"geometry":{"type":"LineString","coordinates":[[-57.55,-25.276754],[-57.549791,-25.276694]]}},{"type":"Feature","properties":{"nombre":null},"geometry":{"type":"LineString","coordinates":[[-57.549205,-25.27653],[-57.549182,-25.276524]]}},{"type":"Feature","properties":{"nombre":null},"geometry":{"type":"LineString","coordinates":[[-57.549024,-25.288772],[-57.548946,-25.288583],[-57.548949,-25.288496]]}},{"type":"Feature","properties":{"nombre":"ARROYO YTAY"},"geometry":{"type":"LineString","coordinates":[[-57.548862,-25.288434],[-57.548815,-25.288243],[-57.54877,-25.288154],[-57.548744,-25.28798],[-57.548545,-25.287417],[-57.548564,-25.287399],[-57.54855,-25.287357],[-57.548521,-25.287353],[-57.548412,-25.286811]]}},{"type":"Feature","properties":{"nombre":null},"geometry":{"type":"LineString","coordinates":[[-57.545343,-25.294445],[-57.545177,-25.294351],[-57.545027,-25.294412],[-57.544978,-25.294406],[-57.544793,-25.294225],[-57.544652,-25.294163],[-57.544567,-25.29401],[-57.544488,-25.293937],[-57.544414,-25.293905],[-57.544334,-25.293904],[-57.544299,-25.293974],[-57.544275,-25.293978],[-57.544161,-25.29391],[-57.544102,-25.293865],[-57.543991,-25.293596],[-57.543947,-25.293583],[-57.543836,-25.293644],[-57.543718,-25.293585],[-57.543478,-25.29325],[-57.543325,-25.293175],[-57.543209,-25.293073],[-57.54301,-25.29276],[-57.542912,-25.292678],[-57.542482,-25.292512]]}},{"type":"Feature","properties":{"nombre":null},"geometry":{"type":"LineString","coordinates":[[-57.549088,-25.289312],[-57.549122,-25.289357],[-57.549124,-25.289489],[-57.549169,-25.289663]]}},{"type":"Feature","properties":{"nombre":null},"geometry":{"type":"LineString","coordinates":[[-57.549109,-25.289176],[-57.549095,-25.289127]]}},{"type":"Feature","properties":{"nombre":"ARROYO YTAY"},"geometry":{"type":"LineString","coordinates":[[-57.539964,-25.262622],[-57.539879,-25.262311],[-57.539956,-25.26209],[-57.53985,-25.261976],[-57.539486,-25.261984],[-57.539193,-25.261833],[-57.538698,-25.261922],[-57.538599,-25.261957],[-57.538523,-25.26205],[-57.538384,-25.262052],[-57.538177,-25.261838],[-57.538169,-25.26178],[-57.538218,-25.261649],[-57.538206,-25.261585],[-57.538181,-25.261568],[-57.538106,-25.261551],[-57.53789,-25.26165],[-57.537759,-25.261648],[-57.53771,-25.261615],[-57.5376,-25.261454],[-57.537381,-25.261265],[-57.537314,-25.261253],[-57.537235,-25.261311],[-57.53714,-25.26132],[-57.537027,-25.261269],[-57.536957,-25.261274],[-57.536769,-25.261228],[-57.536582,-25.261147],[-57.536618,-25.261265],[-57.536867,-25.261611],[-57.537007,-25.261839],[-57.537036,-25.261932],[-57.537305,-25.262344],[-57.537401,-25.262463],[-57.537562,-25.26255],[-57.537599,-25.262648]]}},{"type":"Feature","properties":{"nombre":null},"geometry":{"type":"LineString","coordinates":[[-57.537599,-25.262648],[-57.537613,-25.262692]]}},{"type":"Feature","properties":{"nombre":null},"geometry":{"type":"LineString","coordinates":[[-57.539671,-25.266667],[-57.539583,-25.266498]]}},{"type":"Feature","properties":{"nombre":null},"geometry":{"type":"LineString","coordinates":[[-57.541601,-25.285302],[-57.541564,-25.285208],[-57.541437,-25.285087]]}},{"type":"Feature","properties":{"nombre":"ARROYO YTAY"},"geometry":{"type":"LineString","coordinates":[[-57.533333,-25.25033],[-57.533186,-25.250351],[-57.533091,-25.250391],[-57.532887,-25.250303],[-57.532849,-25.250214],[-57.532879,-25.25]]}},{"type":"Feature","properties":{"nombre":null},"geometry":{"type":"LineString","coordinates":[[-57.668317,-25.286575],[-57.66826,-25.286625],[-57.668269,-25.286696],[-57.668551,-25.287231]]}},{"type":"Feature","properties":{"nombre":null},"geometry":{"type":"LineString","coordinates":[[-57.669392,-25.288757],[-57.669355,-25.288765]]}},{"type":"Feature","properties":{"nombre":null},"geometry":{"type":"LineString","coordinates":[[-57.668138,-25.28869],[-57.668953,-25.288836],[-57.668141,-25.288679]]}},{"type":"Feature","properties":{"nombre":null},"geometry":{"type":"LineString","coordinates":[[-57.667066,-25.286511],[-57.66713,-25.286578],[-57.667389,-25.286699],[-57.667525,-25.286944]]}},{"type":"Feature","properties":{"nombre":null},"geometry":{"type":"LineString","coordinates":[[-57.669411,-25.297536],[-57.669455,-25.297324]]}},{"type":"Feature","properties":{"nombre":null},"geometry":{"type":"LineString","coordinates":[[-57.669496,-25.296845],[-57.669468,-25.297065],[-57.669503,-25.297109]]}},{"type":"Feature","properties":{"nombre":null},"geometry":{"type":"LineString","coordinates":[[-57.669419,-25.296379],[-57.669718,-25.296403]]}},{"type":"Feature","properties":{"nombre":null},"geometry":{"type":"LineString","coordinates":[[-57.658937,-25.277778],[-57.658854,-25.27794],[-57.658812,-25.277903],[-57.65882,-25.277872],[-57.658903,-25.277778]]}},{"type":"Feature","properties":{"nombre":null},"geometry":{"type":"LineString","coordinates":[[-57.655882,-25.275545],[-57.655819,-25.275606],[-57.655806,-25.275664],[-57.655835,-25.27565],[-57.655882,-25.275545]]}},{"type":"Feature","properties":{"nombre":null},"geometry":{"type":"LineString","coordinates":[[-57.656485,-25.281372],[-57.656474,-25.281369],[-57.656444,-25.281471],[-57.656455,-25.281473],[-57.656485,-25.281372]]}},{"type":"Feature","properties":{"nombre":null},"geometry":{"type":"LineString","coordinates":[[-57.668675,-25.305556],[-57.668683,-25.30569],[-57.668712,-25.305724],[-57.668798,-25.305743],[-57.66884,-25.30599],[-57.668787,-25.306185],[-57.668648,-25.306418],[-57.668653,-25.306545],[-57.668813,-25.307017],[-57.669068,-25.307327],[-57.668995,-25.307461],[-57.669026,-25.307804],[-57.668937,-25.307958],[-57.668877,-25.308318],[-57.668995,-25.308486],[-57.669044,-25.308519],[-57.66901,-25.308586],[-57.669128,-25.308662],[-57.669183,-25.308756],[-57.669244,-25.308774],[-57.66923,-25.308966],[-57.669158,-25.309075],[-57.669147,-25.309145],[-57.66918,-25.309204],[-57.669184,-25.309269],[-57.669275,-25.309326],[-57.669384,-25.309471],[-57.669434,-25.309614],[-57.669421,-25.309817],[-57.669454,-25.31006],[-57.669501,-25.310162],[-57.669593,-25.310258]]}},{"type":"Feature","properties":{"nombre":"ARROYO MBURICAO SUR"},"geometry":{"type":"LineString","coordinates":[[-57.665393,-25.300776],[-57.665321,-25.30067],[-57.665178,-25.300541],[-57.664896,-25.300355],[-57.664672,-25.300284],[-57.664523,-25.300211],[-57.664448,-25.300119],[-57.664298,-25.3]]}},{"type":"Feature","properties":{"nombre":null},"geometry":{"type":"LineString","coordinates":[[-57.651813,-25.308491],[-57.651948,-25.308424],[-57.652124,-25.308523],[-57.652272,-25.30853],[-57.652566,-25.308502],[-57.652655,-25.308513],[-57.652758,-25.308566],[-57.652845,-25.308552],[-57.652985,-25.308689],[-57.653153,-25.308801],[-57.653228,-25.308917],[-57.653308,-25.308891],[-57.653365,-25.308897],[-57.653405,-25.308991],[-57.653481,-25.30907],[-57.653441,-25.309183],[-57.653617,-25.309282],[-57.653757,-25.309448]]}},{"type":"Feature","properties":{"nombre":null},"geometry":{"type":"LineString","coordinates":[[-57.657651,-25.306121],[-57.657805,-25.306335],[-57.658117,-25.306887],[-57.658064,-25.307068]]}},{"type":"Feature","properties":{"nombre":null},"geometry":{"type":"LineString","coordinates":[[-57.650661,-25.312734],[-57.651081,-25.312211],[-57.651161,-25.312142]]}},{"type":"Feature","properties":{"nombre":null},"geometry":{"type":"LineString","coordinates":[[-57.651176,-25.312341],[-57.650792,-25.312794]]}},{"type":"Feature","properties":{"nombre":"ARROYO JAEN"},"geometry":{"type":"LineString","coordinates":[[-57.642514,-25.277518],[-57.642728,-25.277204],[-57.642789,-25.277019],[-57.643005,-25.276799],[-57.643218,-25.276667],[-57.643666,-25.276561]]}},{"type":"Feature","properties":{"nombre":"ARROYO JARDIN"},"geometry":{"type":"LineString","coordinates":[[-57.64714,-25.278272],[-57.647064,-25.278148],[-57.64708,-25.277847],[-57.647113,-25.277835],[-57.647103,-25.278104],[-57.647114,-25.278154],[-57.647196,-25.278256]]}},{"type":"Feature","properties":{"nombre":null},"geometry":{"type":"LineString","coordinates":[[-57.634329,-25.268634],[-57.63443,-25.26866],[-57.634531,-25.268811],[-57.634655,-25.268837],[-57.634742,-25.268882],[-57.634807,-25.269013],[-57.634905,-25.269017],[-57.635076,-25.268863],[-57.63521,-25.268856],[-57.635216,-25.268798],[-57.635137,-25.268647],[-57.635202,-25.268556],[-57.635188,-25.268446],[-57.635211,-25.268368],[-57.635233,-25.268345],[-57.635345,-25.268428],[-57.635436,-25.268424],[-57.635502,-25.268402],[-57.635531,-25.268293],[-57.635415,-25.268174],[-57.635325,-25.268041],[-57.635214,-25.267798],[-57.635122,-25.267655],[-57.635124,-25.267555],[-57.63521,-25.267467],[-57.635466,-25.267374],[-57.635629,-25.267121],[-57.635801,-25.267088],[-57.635932,-25.267088],[-57.636089,-25.26715],[-57.636286,-25.26736],[-57.636317,-25.267425],[-57.636285,-25.267511],[-57.6363,-25.26758],[-57.636327,-25.267583],[-57.636377,-25.267492],[-57.636421,-25.267512],[-57.636484,-25.267594],[-57.636542,-25.267751],[-57.636729,-25.267848],[-57.637095,-25.268202],[-57.637304,-25.268483],[-57.637409,-25.268736],[-57.637552,-25.268953],[-57.637621,-25.269124],[-57.638012,-25.26971],[-57.638177,-25.269907],[-57.638266,-25.270005],[-57.638511,-25.270062],[-57.638619,-25.27018],[-57.6387,-25.270216],[-57.638783,-25.270294],[-57.638957,-25.270327],[-57.639157,-25.270279],[-57.639356,-25.270284],[-57.63956,-25.270249],[-57.639606,-25.27017],[-57.639609,-25.26993],[-57.639652,-25.269795],[-57.63972,-25.269765],[-57.639878,-25.269772],[-57.640091,-25.269739],[-57.640354,-25.26967],[-57.640418,-25.269679],[-57.640468,-25.269712],[-57.640517,-25.26988],[-57.64057,-25.269944],[-57.640575,-25.270002],[-57.640542,-25.270072],[-57.640603,-25.270325],[-57.640717,-25.270459],[-57.640834,-25.270526],[-57.640924,-25.270536],[-57.64102,-25.270475],[-57.641076,-25.270395],[-57.641143,-25.269982],[-57.641353,-25.270028],[-57.641399,-25.270084],[-57.64144,-25.270098],[-57.641667,-25.270067]]}},{"type":"Feature","properties":{"nombre":null},"geometry":{"type":"LineString","coordinates":[[-57.628282,-25.261111],[-57.628306,-25.260901],[-57.628346,-25.26074],[-57.628397,-25.260645],[-57.628391,-25.260564],[-57.628413,-25.260515],[-57.628728,-25.260361],[-57.628879,-25.260414],[-57.62896,-25.260418],[-57.628995,-25.260458],[-57.628976,-25.260612],[-57.628834,-25.260816],[-57.628868,-25.261008],[-57.628854,-25.261111]]}},{"type":"Feature","properties":{"nombre":null},"geometry":{"type":"LineString","coordinates":[[-57.633333,-25.261701],[-57.63319,-25.261609],[-57.632892,-25.261502],[-57.632252,-25.261111]]}},{"type":"Feature","properties":{"nombre":null},"geometry":{"type":"LineString","coordinates":[[-57.628066,-25.266667],[-57.628104,-25.266787],[-57.628112,-25.266925],[-57.628088,-25.266978],[-57.628046,-25.266975],[-57.628003,-25.266918],[-57.627947,-25.266966],[-57.627946,-25.267144],[-57.627819,-25.267485],[-57.627866,-25.267816],[-57.627784,-25.267967],[-57.627812,-25.26805],[-57.627941,-25.268206],[-57.627972,-25.268334],[-57.627775,-25.26847],[-57.627627,-25.268515],[-57.627576,-25.268458],[-57.627518,-25.268235],[-57.627528,-25.26809],[-57.627627,-25.267923],[-57.627694,-25.267688],[-57.627607,-25.267504],[-57.627624,-25.267458],[-57.627726,-25.2674],[-57.627702,-25.267239],[-57.627816,-25.266949],[-57.627837,-25.266808],[-57.627915,-25.266736],[-57.627942,-25.266667]]}},{"type":"Feature","properties":{"nombre":null},"geometry":{"type":"LineString","coordinates":[[-57.627102,-25.268361],[-57.627164,-25.268343],[-57.627192,-25.268296],[-57.62723,-25.268338],[-57.627271,-25.268295],[-57.627274,-25.268168],[-57.627231,-25.268113],[-57.627129,-25.268126],[-57.627072,-25.268205],[-57.62689,-25.268257],[-57.626861,-25.268288],[-57.62687,-25.268328],[-57.626942,-25.268385],[-57.627102,-25.268361]]}},{"type":"Feature","properties":{"nombre":null},"geometry":{"type":"LineString","coordinates":[[-57.632929,-25.277778],[-57.632983,-25.277799],[-57.633051,-25.277798],[-57.633049,-25.277778]]}},{"type":"Feature","properties":{"nombre":"ARROYO GUAZU"},"geometry":{"type":"LineString","coordinates":[[-57.627722,-25.283333],[-57.627685,-25.283228],[-57.627658,-25.282941],[-57.627615,-25.282861],[-57.627469,-25.282741],[-57.627,-25.282678],[-57.626852,-25.282624],[-57.626771,-25.282521],[-57.626777,-25.282415],[-57.626685,-25.282176],[-57.626686,-25.282072],[-57.626582,-25.281899],[-57.626604,-25.281813],[-57.626591,-25.281779],[-57.626515,-25.281723],[-57.626209,-25.281662],[-57.626165,-25.281626],[-57.626142,-25.281547],[-57.626165,-25.281332],[-57.626147,-25.281122],[-57.62609,-25.280973],[-57.626003,-25.280853],[-57.626038,-25.280569],[-57.62619,-25.280247],[-57.626503,-25.279797],[-57.626697,-25.279607],[-57.626856,-25.279342]]}},{"type":"Feature","properties":{"nombre":"ARROYO GUAZU"},"geometry":{"type":"LineString","coordinates":[[-57.628375,-25.284106],[-57.628295,-25.283957],[-57.628003,-25.283583],[-57.627791,-25.28346],[-57.627722,-25.283333]]}},{"type":"Feature","properties":{"nombre":null},"geometry":{"type":"LineString","coordinates":[[-57.625,-25.259195],[-57.624927,-25.259181],[-57.62489,-25.259129],[-57.624876,-25.25888],[-57.624818,-25.258826],[-57.624804,-25.258765],[-57.624885,-25.258409],[-57.624844,-25.258247],[-57.624873,-25.258186],[-57.624978,-25.258088],[-57.624996,-25.258],[-57.624936,-25.257908],[-57.624778,-25.257858],[-57.624721,-25.25778],[-57.624681,-25.257817],[-57.624643,-25.257986],[-57.624524,-25.258108],[-57.624455,-25.258229],[-57.624413,-25.258626],[-57.624376,-25.258727],[-57.624425,-25.258798],[-57.624365,-25.25889],[-57.624331,-25.259079],[-57.624394,-25.259166],[-57.624496,-25.259229],[-57.62454,-25.259365],[-57.62452,-25.259503],[-57.624548,-25.259576],[-57.624525,-25.259619],[-57.624432,-25.259691],[-57.624364,-25.259839],[-57.624404,-25.25997],[-57.624219,-25.2601],[-57.624186,-25.260173],[-57.624209,-25.260245],[-57.624292,-25.260317],[-57.624325,-25.260421],[-57.624269,-25.260501],[-57.624305,-25.26061],[-57.624299,-25.260679],[-57.62424,-25.260726],[-57.624222,-25.260793],[-57.624233,-25.260922],[-57.624304,-25.260984],[-57.624347,-25.261111]]}},{"type":"Feature","properties":{"nombre":null},"geometry":{"type":"LineString","coordinates":[[-57.619308,-25.261111],[-57.619308,-25.261003],[-57.619363,-25.26085],[-57.619536,-25.260594],[-57.619555,-25.260499],[-57.619739,-25.260389],[-57.619819,-25.260298],[-57.61991,-25.260266],[-57.620002,-25.260037],[-57.620028,-25.260107],[-57.620087,-25.260084],[-57.620051,-25.26001],[-57.620007,-25.259982],[-57.619929,-25.259975],[-57.619905,-25.259928],[-57.619984,-25.259812],[-57.619985,-25.259741],[-57.620043,-25.259677],[-57.620045,-25.259607],[-57.620095,-25.259557],[-57.620041,-25.259516],[-57.620042,-25.259313],[-57.620067,-25.259274],[-57.620032,-25.259226],[-57.620013,-25.259023],[-57.620031,-25.258767],[-57.6201,-25.258547],[-57.620093,-25.258419],[-57.620134,-25.258334],[-57.620114,-25.258235],[-57.620133,-25.258169],[-57.620201,-25.258089],[-57.620338,-25.258044],[-57.620442,-25.257903],[-57.620499,-25.257876],[-57.620619,-25.258021],[-57.62067,-25.258037],[-57.620719,-25.25802],[-57.620764,-25.257946],[-57.620785,-25.257833],[-57.620851,-25.257773],[-57.620905,-25.257803],[-57.620936,-25.257893],[-57.620955,-25.258148],[-57.620926,-25.258342],[-57.62089,-25.258382],[-57.620661,-25.258342],[-57.620621,-25.258343],[-57.620565,-25.258382],[-57.620525,-25.258665],[-57.62047,-25.258779],[-57.620472,-25.258876],[-57.620522,-25.259011],[-57.620574,-25.259491],[-57.62062,-25.259671],[-57.620644,-25.259687],[-57.6206,-25.259787],[-57.620606,-25.259821],[-57.620672,-25.259791],[-57.620622,-25.259926],[-57.620712,-25.260102],[-57.620733,-25.260129],[-57.620831,-25.260088],[-57.620944,-25.260147],[-57.621121,-25.260179],[-57.621293,-25.260161],[-57.621366,-25.260226],[-57.621362,-25.260377],[-57.621346,-25.260415],[-57.621287,-25.260449],[-57.62128,-25.260539],[-57.621242,-25.260556],[-57.621274,-25.260629],[-57.62127,-25.260768],[-57.621375,-25.260866],[-57.621338,-25.261027],[-57.621268,-25.261111]]}},{"type":"Feature","properties":{"nombre":null},"geometry":{"type":"LineString","coordinates":[[-57.625,-25.260977],[-57.624945,-25.261012],[-57.624958,-25.261069],[-57.624904,-25.261111]]}},{"type":"Feature","properties":{"nombre":null},"geometry":{"type":"LineString","coordinates":[[-57.623608,-25.265718],[-57.623661,-25.265668],[-57.623647,-25.265645],[-57.62358,-25.265663],[-57.623577,-25.265712],[-57.623608,-25.265718]]}},{"type":"Feature","properties":{"nombre":null},"geometry":{"type":"LineString","coordinates":[[-57.619308,-25.261111],[-57.619231,-25.261188],[-57.619263,-25.26136],[-57.619217,-25.261455],[-57.619204,-25.261576],[-57.619154,-25.261638],[-57.619147,-25.261787],[-57.619081,-25.26186],[-57.61907,-25.261932],[-57.618963,-25.262039],[-57.618998,-25.26219],[-57.618986,-25.262288],[-57.619089,-25.262334],[-57.619067,-25.262354],[-57.618988,-25.262354],[-57.618987,-25.262486],[-57.618897,-25.262592],[-57.618794,-25.262921],[-57.618642,-25.26309],[-57.618666,-25.263147],[-57.618559,-25.263215],[-57.618563,-25.263248],[-57.618648,-25.263266],[-57.618671,-25.263317],[-57.618608,-25.263285],[-57.618586,-25.263346],[-57.618501,-25.263414],[-57.618478,-25.26355],[-57.618351,-25.263688],[-57.618272,-25.263852],[-57.618245,-25.264034],[-57.618033,-25.264206],[-57.617975,-25.264228],[-57.61792,-25.264309],[-57.617828,-25.264386],[-57.617785,-25.264492],[-57.617646,-25.264556],[-57.617681,-25.264595],[-57.617682,-25.264642],[-57.617599,-25.264757],[-57.617275,-25.264935],[-57.61719,-25.265044],[-57.617126,-25.265181],[-57.617132,-25.265229],[-57.617068,-25.265319],[-57.616958,-25.265412],[-57.616863,-25.265617],[-57.616806,-25.265686],[-57.616801,-25.265772],[-57.616696,-25.265979],[-57.616667,-25.266241]]}},{"type":"Feature","properties":{"nombre":null},"geometry":{"type":"LineString","coordinates":[[-57.621268,-25.261111],[-57.621263,-25.261155],[-57.621334,-25.261283],[-57.621291,-25.261424],[-57.621274,-25.261442],[-57.621119,-25.261418],[-57.621041,-25.261485],[-57.621009,-25.261732],[-57.621045,-25.261802],[-57.620991,-25.261867],[-57.620966,-25.262],[-57.620928,-25.262025],[-57.620915,-25.262084],[-57.620749,-25.262238],[-57.620693,-25.262329],[-57.620718,-25.26243],[-57.620641,-25.262477],[-57.620591,-25.262474],[-57.620541,-25.262523],[-57.620431,-25.262724],[-57.620217,-25.262894],[-57.620089,-25.263062],[-57.620114,-25.263143],[-57.619999,-25.263221],[-57.620011,-25.263343],[-57.619886,-25.263416],[-57.619868,-25.263648],[-57.619817,-25.263848],[-57.619705,-25.263929],[-57.619674,-25.263983],[-57.619547,-25.264027],[-57.619006,-25.264132],[-57.618634,-25.264434],[-57.618657,-25.264529],[-57.618645,-25.264589],[-57.618677,-25.264615],[-57.618742,-25.264616],[-57.618749,-25.26466],[-57.618612,-25.264826],[-57.618557,-25.264976],[-57.618463,-25.265056],[-57.618453,-25.265136],[-57.618368,-25.265248],[-57.618347,-25.265338],[-57.61824,-25.265443],[-57.618184,-25.265468],[-57.618222,-25.265567],[-57.618088,-25.265645],[-57.618334,-25.265926],[-57.618454,-25.265978],[-57.618575,-25.266066],[-57.618558,-25.266136],[-57.618592,-25.266218],[-57.61858,-25.266322],[-57.618535,-25.266398],[-57.618452,-25.266449],[-57.618445,-25.266622],[-57.618424,-25.266667]]}},{"type":"Feature","properties":{"nombre":null},"geometry":{"type":"LineString","coordinates":[[-57.624382,-25.277778],[-57.624385,-25.278016],[-57.624478,-25.278173],[-57.624418,-25.278244],[-57.624153,-25.278255],[-57.624078,-25.278311],[-57.623981,-25.278469],[-57.623985,-25.278765],[-57.62392,-25.278853],[-57.623838,-25.278857],[-57.623781,-25.278678],[-57.623716,-25.278626],[-57.623657,-25.27863],[-57.623602,-25.278694],[-57.623515,-25.278708],[-57.623486,-25.2787],[-57.623474,-25.27862],[-57.623434,-25.278582],[-57.623329,-25.278628],[-57.623241,-25.278612],[-57.623027,-25.27852],[-57.62267,-25.278493],[-57.622693,-25.278328],[-57.622647,-25.278228],[-57.622555,-25.278163],[-57.62251,-25.278182],[-57.622524,-25.278237],[-57.622429,-25.278387],[-57.622481,-25.27857],[-57.622397,-25.278677],[-57.622339,-25.27888],[-57.622343,-25.279069],[-57.622232,-25.279129],[-57.622068,-25.279072],[-57.621924,-25.279099],[-57.621844,-25.278985],[-57.62165,-25.278817],[-57.621506,-25.278612],[-57.621352,-25.278447],[-57.621201,-25.278315],[-57.6211,-25.278267],[-57.620996,-25.278108],[-57.620984,-25.278054],[-57.620925,-25.277994],[-57.620838,-25.27798],[-57.620753,-25.277904],[-57.620675,-25.277869],[-57.620672,-25.277778]]}},{"type":"Feature","properties":{"nombre":null},"geometry":{"type":"LineString","coordinates":[[-57.613839,-25.272222],[-57.613699,-25.272261],[-57.613595,-25.272222]]}},{"type":"Feature","properties":{"nombre":"ARROYO LAS MERCEDES"},"geometry":{"type":"LineString","coordinates":[[-57.611014,-25.275104],[-57.610709,-25.275221],[-57.610545,-25.275331],[-57.610536,-25.275422],[-57.610509,-25.275458],[-57.610574,-25.275528],[-57.610583,-25.275611],[-57.610569,-25.275663],[-57.610472,-25.275798],[-57.61045,-25.275782],[-57.610521,-25.275653],[-57.610514,-25.275514],[-57.610411,-25.27545],[-57.610358,-25.27538],[-57.610357,-25.275302],[-57.610798,-25.275131],[-57.611014,-25.275104]]}},{"type":"Feature","properties":{"nombre":"ARROYO LAS MERCEDES"},"geometry":{"type":"LineString","coordinates":[[-57.610105,-25.277826],[-57.609962,-25.277999]]}},{"type":"Feature","properties":{"nombre":null},"geometry":{"type":"LineString","coordinates":[[-57.600958,-25.268108],[-57.601151,-25.26784],[-57.601234,-25.267793],[-57.601336,-25.267631],[-57.601485,-25.267599],[-57.601522,-25.267567],[-57.601547,-25.26747],[-57.601729,-25.267249],[-57.601771,-25.267161]]}},{"type":"Feature","properties":{"nombre":null},"geometry":{"type":"LineString","coordinates":[[-57.604298,-25.268186],[-57.604494,-25.267875]]}},{"type":"Feature","properties":{"nombre":null},"geometry":{"type":"LineString","coordinates":[[-57.604297,-25.268187],[-57.604221,-25.26832],[-57.604218,-25.268442],[-57.604177,-25.268578],[-57.604188,-25.268688],[-57.604089,-25.268827],[-57.604123,-25.268961],[-57.603704,-25.269501],[-57.603664,-25.269867]]}},{"type":"Feature","properties":{"nombre":null},"geometry":{"type":"LineString","coordinates":[[-57.603959,-25.271803],[-57.603897,-25.272009],[-57.603829,-25.272126]]}},{"type":"Feature","properties":{"nombre":null},"geometry":{"type":"LineString","coordinates":[[-57.604653,-25.273589],[-57.604273,-25.273279]]}},{"type":"Feature","properties":{"nombre":null},"geometry":{"type":"LineString","coordinates":[[-57.604933,-25.294445],[-57.60451,-25.29343],[-57.604402,-25.293278]]}},{"type":"Feature","properties":{"nombre":null},"geometry":{"type":"LineString","coordinates":[[-57.602561,-25.294444],[-57.602394,-25.294322],[-57.602176,-25.294226],[-57.602069,-25.294135]]}},{"type":"Feature","properties":{"nombre":null},"geometry":{"type":"LineString","coordinates":[[-57.603733,-25.297038],[-57.603358,-25.296369],[-57.603275,-25.296182]]}},{"type":"Feature","properties":{"nombre":null},"geometry":{"type":"LineString","coordinates":[[-57.603032,-25.296304],[-57.603233,-25.296664]]}},{"type":"Feature","properties":{"nombre":null},"geometry":{"type":"LineString","coordinates":[[-57.649203,-25.305556],[-57.649268,-25.305696],[-57.649496,-25.305856],[-57.649698,-25.306057],[-57.649755,-25.306696],[-57.65,-25.307279]]}},{"type":"Feature","properties":{"nombre":"ARROYO SALAMANCA"},"geometry":{"type":"LineString","coordinates":[[-57.643394,-25.305556],[-57.64347,-25.305694],[-57.643513,-25.305854],[-57.64378,-25.306156],[-57.644134,-25.306377],[-57.644411,-25.306494],[-57.64478,-25.306699],[-57.644919,-25.30701],[-57.645008,-25.307051]]}},{"type":"Feature","properties":{"nombre":"ARROYO Z. MOROTI"},"geometry":{"type":"LineString","coordinates":[[-57.647471,-25.316667],[-57.647365,-25.316458],[-57.647186,-25.316212],[-57.647057,-25.316077],[-57.646664,-25.315475],[-57.646564,-25.315181],[-57.646559,-25.314669],[-57.646488,-25.314518],[-57.646255,-25.314177],[-57.646024,-25.313911],[-57.645866,-25.31379],[-57.645807,-25.313791],[-57.645671,-25.313845],[-57.64552,-25.313928],[-57.645484,-25.313969],[-57.64533,-25.31405],[-57.64527,-25.314056],[-57.645528,-25.31387],[-57.64577,-25.313764],[-57.645888,-25.313764],[-57.646085,-25.313927],[-57.646305,-25.314202],[-57.646581,-25.314628],[-57.646592,-25.315168],[-57.646665,-25.315383],[-57.647058,-25.316031],[-57.647358,-25.31637],[-57.6475,-25.316667]]}},{"type":"Feature","properties":{"nombre":null},"geometry":{"type":"LineString","coordinates":[[-57.642679,-25.320727],[-57.642367,-25.320559]]}},{"type":"Feature","properties":{"nombre":null},"geometry":{"type":"LineString","coordinates":[[-57.642852,-25.321629],[-57.643095,-25.321128]]}},{"type":"Feature","properties":{"nombre":null},"geometry":{"type":"LineString","coordinates":[[-57.6426,-25.322222],[-57.642788,-25.321734],[-57.642922,-25.321453]]}},{"type":"Feature","properties":{"nombre":null},"geometry":{"type":"LineString","coordinates":[[-57.643562,-25.326071],[-57.643774,-25.325413],[-57.643841,-25.325379],[-57.643913,-25.32538],[-57.644256,-25.325449],[-57.644278,-25.325448],[-57.644293,-25.325407],[-57.644181,-25.325295],[-57.643993,-25.325184],[-57.64375,-25.32508],[-57.643138,-25.324873]]}},{"type":"Feature","properties":{"nombre":null},"geometry":{"type":"LineString","coordinates":[[-57.641978,-25.324088],[-57.641933,-25.324193]]}},{"type":"Feature","properties":{"nombre":null},"geometry":{"type":"LineString","coordinates":[[-57.643593,-25.326066],[-57.643813,-25.32541],[-57.643911,-25.325403],[-57.644284,-25.325466],[-57.6443,-25.325529],[-57.644397,-25.325659],[-57.6446,-25.325865],[-57.644725,-25.32608],[-57.644901,-25.326218],[-57.645181,-25.326362]]}},{"type":"Feature","properties":{"nombre":null},"geometry":{"type":"LineString","coordinates":[[-57.644063,-25.333333],[-57.64412,-25.333227],[-57.644194,-25.333165],[-57.644333,-25.332976],[-57.644266,-25.332881],[-57.644261,-25.332822],[-57.644406,-25.332969],[-57.644951,-25.333333]]}},{"type":"Feature","properties":{"nombre":null},"geometry":{"type":"LineString","coordinates":[[-57.641667,-25.33719],[-57.642004,-25.337197],[-57.642287,-25.337247],[-57.642629,-25.337353],[-57.643135,-25.33755],[-57.643509,-25.337601],[-57.643936,-25.337738],[-57.644099,-25.337728],[-57.644201,-25.337697],[-57.644634,-25.337669],[-57.644913,-25.337745],[-57.644962,-25.337874],[-57.645041,-25.337945],[-57.645365,-25.337983],[-57.645377,-25.337967],[-57.64516,-25.337818],[-57.645011,-25.337644],[-57.644852,-25.337328],[-57.644502,-25.337038],[-57.644226,-25.336749],[-57.644095,-25.33665],[-57.643929,-25.336604],[-57.643789,-25.336531],[-57.64312,-25.336559],[-57.642649,-25.336648],[-57.642176,-25.336806],[-57.641887,-25.336947],[-57.641667,-25.337087]]}},{"type":"Feature","properties":{"nombre":null},"geometry":{"type":"LineString","coordinates":[[-57.645587,-25.336955],[-57.645622,-25.336675],[-57.645695,-25.336478]]}},{"type":"Feature","properties":{"nombre":null},"geometry":{"type":"LineString","coordinates":[[-57.643742,-25.344444],[-57.64374,-25.344368],[-57.643864,-25.344001],[-57.643829,-25.343874],[-57.643834,-25.343801],[-57.643892,-25.343744],[-57.643924,-25.343675]]}},{"type":"Feature","properties":{"nombre":null},"geometry":{"type":"LineString","coordinates":[[-57.644362,-25.342452],[-57.644446,-25.34215],[-57.644469,-25.341961],[-57.64444,-25.341812],[-57.64433,-25.341717],[-57.644279,-25.341617],[-57.644385,-25.341478],[-57.64444,-25.341227],[-57.64438,-25.340759],[-57.64431,-25.340627],[-57.644342,-25.340587],[-57.644284,-25.340447],[-57.644377,-25.340364],[-57.644369,-25.340315],[-57.644546,-25.340246],[-57.644659,-25.340159],[-57.644754,-25.339961],[-57.644936,-25.339748],[-57.645032,-25.339566],[-57.645089,-25.339502],[-57.645504,-25.339272],[-57.645608,-25.339169],[-57.645628,-25.339109],[-57.645618,-25.339051],[-57.645407,-25.338889]]}},{"type":"Feature","properties":{"nombre":null},"geometry":{"type":"LineString","coordinates":[[-57.64359,-25.344383],[-57.641667,-25.343716]]}},{"type":"Feature","properties":{"nombre":null},"geometry":{"type":"LineString","coordinates":[[-57.642803,-25.349002],[-57.642664,-25.348994],[-57.642555,-25.349029],[-57.642442,-25.349011]]}},{"type":"Feature","properties":{"nombre":"ARROYO Z. MOROTI"},"geometry":{"type":"LineString","coordinates":[[-57.636448,-25.308069],[-57.63653,-25.308134],[-57.636594,-25.308312],[-57.63664,-25.30836]]}},{"type":"Feature","properties":{"nombre":"ARROYO Z. MOROTI"},"geometry":{"type":"LineString","coordinates":[[-57.637423,-25.311111],[-57.63741,-25.31075]]}},{"type":"Feature","properties":{"nombre":"ARROYO Z. MOROTI"},"geometry":{"type":"LineString","coordinates":[[-57.637451,-25.311111],[-57.637422,-25.31113],[-57.637423,-25.311111]]}},{"type":"Feature","properties":{"nombre":"ARROYO FERREIRA"},"geometry":{"type":"LineString","coordinates":[[-57.635652,-25.314732],[-57.635744,-25.314794],[-57.635811,-25.314809],[-57.635948,-25.314942],[-57.636001,-25.314953],[-57.63604,-25.314999],[-57.636056,-25.31518],[-57.636202,-25.315378],[-57.6362,-25.315489],[-57.636234,-25.315608],[-57.636276,-25.315652],[-57.636374,-25.315872],[-57.636524,-25.316065]]}},{"type":"Feature","properties":{"nombre":"ARROYO FERREIRA"},"geometry":{"type":"LineString","coordinates":[[-57.634171,-25.313977],[-57.633724,-25.3139],[-57.63346,-25.313952],[-57.633333,-25.313829]]}},{"type":"Feature","properties":{"nombre":null},"geometry":{"type":"LineString","coordinates":[[-57.635899,-25.321728],[-57.635931,-25.321921],[-57.635981,-25.322034],[-57.636685,-25.321991]]}},{"type":"Feature","properties":{"nombre":null},"geometry":{"type":"LineString","coordinates":[[-57.639685,-25.325321],[-57.639815,-25.325361]]}},{"type":"Feature","properties":{"nombre":null},"geometry":{"type":"LineString","coordinates":[[-57.639225,-25.324583],[-57.639171,-25.325012],[-57.639196,-25.325154],[-57.639416,-25.32525],[-57.639578,-25.325277],[-57.639685,-25.325321]]}},{"type":"Feature","properties":{"nombre":null},"geometry":{"type":"LineString","coordinates":[[-57.635851,-25.325091],[-57.635729,-25.324488]]}},{"type":"Feature","properties":{"nombre":null},"geometry":{"type":"LineString","coordinates":[[-57.641044,-25.324082],[-57.640862,-25.324005]]}},{"type":"Feature","properties":{"nombre":null},"geometry":{"type":"LineString","coordinates":[[-57.63759,-25.323145],[-57.637584,-25.323143],[-57.63746,-25.323409],[-57.63759,-25.323145]]}},{"type":"Feature","properties":{"nombre":null},"geometry":{"type":"LineString","coordinates":[[-57.637254,-25.323828],[-57.637073,-25.32425],[-57.637315,-25.323714]]}},{"type":"Feature","properties":{"nombre":null},"geometry":{"type":"LineString","coordinates":[[-57.634706,-25.330873],[-57.634677,-25.33101]]}},{"type":"Feature","properties":{"nombre":null},"geometry":{"type":"LineString","coordinates":[[-57.636213,-25.329592],[-57.635972,-25.328701],[-57.636069,-25.328582],[-57.636805,-25.328452]]}},{"type":"Feature","properties":{"nombre":null},"geometry":{"type":"LineString","coordinates":[[-57.637928,-25.3298],[-57.637952,-25.329761],[-57.637992,-25.329435]]}},{"type":"Feature","properties":{"nombre":null},"geometry":{"type":"LineString","coordinates":[[-57.637017,-25.328864],[-57.637015,-25.328626],[-57.636937,-25.328516],[-57.636805,-25.328452],[-57.636781,-25.328327]]}},{"type":"Feature","properties":{"nombre":null},"geometry":{"type":"LineString","coordinates":[[-57.639255,-25.329658],[-57.639182,-25.329575],[-57.638948,-25.329496],[-57.638612,-25.329434],[-57.638477,-25.329502],[-57.638334,-25.329414],[-57.638162,-25.329386],[-57.638007,-25.329398],[-57.63786,-25.329359],[-57.637721,-25.329363],[-57.637472,-25.329152],[-57.637177,-25.328964],[-57.637063,-25.328937]]}},{"type":"Feature","properties":{"nombre":"ARROYO SOSA"},"geometry":{"type":"LineString","coordinates":[[-57.633333,-25.338185],[-57.63375,-25.338199],[-57.633992,-25.338138],[-57.634052,-25.3381]]}},{"type":"Feature","properties":{"nombre":null},"geometry":{"type":"LineString","coordinates":[[-57.638496,-25.343024],[-57.638411,-25.343019]]}},{"type":"Feature","properties":{"nombre":null},"geometry":{"type":"LineString","coordinates":[[-57.635773,-25.345067],[-57.635801,-25.344948]]}},{"type":"Feature","properties":{"nombre":"ARROYO FERREIRA"},"geometry":{"type":"LineString","coordinates":[[-57.626047,-25.309641],[-57.62625,-25.309582]]}},{"type":"Feature","properties":{"nombre":"ARROYO FERREIRA"},"geometry":{"type":"LineString","coordinates":[[-57.631949,-25.314193],[-57.632122,-25.314291],[-57.632232,-25.314284],[-57.632403,-25.314322],[-57.632467,-25.314321],[-57.632605,-25.314263],[-57.632608,-25.314228],[-57.632662,-25.31418],[-57.632705,-25.314093],[-57.632729,-25.313923],[-57.632846,-25.313728],[-57.632906,-25.313694],[-57.633018,-25.313698],[-57.633089,-25.313834],[-57.633268,-25.313877],[-57.633333,-25.313922]]}},{"type":"Feature","properties":{"nombre":null},"geometry":{"type":"LineString","coordinates":[[-57.629378,-25.313952],[-57.629466,-25.313817]]}},{"type":"Feature","properties":{"nombre":"ARROYO FERREIRA"},"geometry":{"type":"LineString","coordinates":[[-57.63081,-25.313571],[-57.631089,-25.313656],[-57.631163,-25.313714],[-57.631372,-25.313771],[-57.631657,-25.313946],[-57.631832,-25.314095],[-57.631951,-25.314162]]}},{"type":"Feature","properties":{"nombre":"ARROYO SOSA"},"geometry":{"type":"LineString","coordinates":[[-57.629664,-25.334286],[-57.629832,-25.334453],[-57.629891,-25.334567],[-57.630057,-25.334769],[-57.630313,-25.334858],[-57.630459,-25.334947],[-57.630611,-25.335085],[-57.630713,-25.335224],[-57.631272,-25.335627],[-57.631459,-25.335678],[-57.631766,-25.335826],[-57.631824,-25.335915],[-57.631942,-25.336008],[-57.63213,-25.336223],[-57.63241,-25.336326],[-57.632676,-25.336361],[-57.632741,-25.336391],[-57.632809,-25.336483],[-57.632822,-25.336541],[-57.632847,-25.337228],[-57.632959,-25.337481],[-57.632973,-25.337574],[-57.633088,-25.337679],[-57.633333,-25.337824]]}},{"type":"Feature","properties":{"nombre":null},"geometry":{"type":"LineString","coordinates":[[-57.608631,-25.317982],[-57.608647,-25.318048]]}},{"type":"Feature","properties":{"nombre":null},"geometry":{"type":"LineString","coordinates":[[-57.608333,-25.317183],[-57.608419,-25.317236],[-57.608456,-25.317284],[-57.608496,-25.31755],[-57.608583,-25.317742],[-57.608591,-25.317862],[-57.608631,-25.317982]]}},{"type":"Feature","properties":{"nombre":null},"geometry":{"type":"LineString","coordinates":[[-57.604122,-25.325285],[-57.603945,-25.325419]]}},{"type":"Feature","properties":{"nombre":null},"geometry":{"type":"LineString","coordinates":[[-57.643226,-25.354621],[-57.643346,-25.354526],[-57.643463,-25.354494],[-57.643728,-25.35434],[-57.643937,-25.354467]]}},{"type":"Feature","properties":{"nombre":null},"geometry":{"type":"LineString","coordinates":[[-57.642068,-25.350998],[-57.642541,-25.350809],[-57.642559,-25.350841],[-57.642065,-25.351044]]}},{"type":"Feature","properties":{"nombre":null},"geometry":{"type":"LineString","coordinates":[[-57.643425,-25.352612],[-57.644007,-25.352316],[-57.643998,-25.35213],[-57.643827,-25.352169],[-57.643658,-25.352171],[-57.643621,-25.352004],[-57.643564,-25.351924]]}},{"type":"Feature","properties":{"nombre":null},"geometry":{"type":"LineString","coordinates":[[-57.646606,-25.359302],[-57.646605,-25.359249],[-57.646706,-25.358962],[-57.646773,-25.358608],[-57.646764,-25.358563],[-57.646701,-25.3584],[-57.64627,-25.358215],[-57.646171,-25.358144]]}},{"type":"Feature","properties":{"nombre":null},"geometry":{"type":"LineString","coordinates":[[-57.642753,-25.355976],[-57.642679,-25.356054],[-57.64252,-25.356133],[-57.642324,-25.356181],[-57.642149,-25.356175]]}},{"type":"Feature","properties":{"nombre":null},"geometry":{"type":"LineString","coordinates":[[-57.643457,-25.36078],[-57.643476,-25.360753],[-57.643344,-25.360455],[-57.643161,-25.360155]]}},{"type":"Feature","properties":{"nombre":null},"geometry":{"type":"LineString","coordinates":[[-57.642744,-25.360157],[-57.642976,-25.360058],[-57.64299,-25.360028],[-57.64297,-25.359983]]}},{"type":"Feature","properties":{"nombre":null},"geometry":{"type":"LineString","coordinates":[[-57.643951,-25.359593],[-57.643767,-25.359284],[-57.643736,-25.359194]]}},{"type":"Feature","properties":{"nombre":null},"geometry":{"type":"LineString","coordinates":[[-57.642059,-25.362469],[-57.642265,-25.362733],[-57.642413,-25.362714],[-57.642571,-25.362724],[-57.642748,-25.362793],[-57.643004,-25.362856],[-57.643182,-25.362825],[-57.643297,-25.362896]]}},{"type":"Feature","properties":{"nombre":null},"geometry":{"type":"LineString","coordinates":[[-57.638712,-25.366267],[-57.638754,-25.366163],[-57.63883,-25.366156],[-57.638892,-25.366191],[-57.638766,-25.366304],[-57.638736,-25.366304],[-57.638712,-25.366267]]}},{"type":"Feature","properties":{"nombre":null},"geometry":{"type":"LineString","coordinates":[[-57.639467,-25.365773],[-57.639525,-25.365752],[-57.639567,-25.365776],[-57.639567,-25.365836],[-57.639535,-25.365871],[-57.639477,-25.365857],[-57.63944,-25.365818],[-57.639467,-25.365773]]}},{"type":"Feature","properties":{"nombre":null},"geometry":{"type":"LineString","coordinates":[[-57.6,-25.247732],[-57.59983,-25.247965],[-57.599687,-25.248061],[-57.599514,-25.248096],[-57.599198,-25.248455],[-57.599185,-25.248562],[-57.599232,-25.248682],[-57.599232,-25.249222],[-57.599121,-25.249413],[-57.59895,-25.249635],[-57.598928,-25.249709],[-57.598757,-25.249858],[-57.598765,-25.25]]}},{"type":"Feature","properties":{"nombre":null},"geometry":{"type":"LineString","coordinates":[[-57.583518,-25.238855],[-57.583542,-25.238889]]}},{"type":"Feature","properties":{"nombre":null},"geometry":{"type":"LineString","coordinates":[[-57.583423,-25.238292],[-57.583333,-25.238272]]}},{"type":"Feature","properties":{"nombre":null},"geometry":{"type":"LineString","coordinates":[[-57.585038,-25.239171],[-57.584944,-25.239179],[-57.584856,-25.239134],[-57.584525,-25.239098],[-57.584073,-25.239092],[-57.583936,-25.239154],[-57.583793,-25.239306],[-57.583725,-25.239428],[-57.583565,-25.239451],[-57.583421,-25.239432],[-57.583373,-25.23947],[-57.583333,-25.239588]]}},{"type":"Feature","properties":{"nombre":null},"geometry":{"type":"LineString","coordinates":[[-57.585604,-25.244444],[-57.585709,-25.244244],[-57.58579,-25.244257],[-57.585819,-25.244242]]}},{"type":"Feature","properties":{"nombre":null},"geometry":{"type":"LineString","coordinates":[[-57.583333,-25.240482],[-57.583794,-25.240173]]}},{"type":"Feature","properties":{"nombre":null},"geometry":{"type":"LineString","coordinates":[[-57.584528,-25.243826],[-57.584803,-25.244249],[-57.584856,-25.244298],[-57.584991,-25.244232],[-57.585042,-25.244154],[-57.584961,-25.244077],[-57.584987,-25.244017],[-57.58491,-25.243873],[-57.585024,-25.243728]]}},{"type":"Feature","properties":{"nombre":null},"geometry":{"type":"LineString","coordinates":[[-57.584458,-25.243876],[-57.584111,-25.243363],[-57.583866,-25.243091]]}},{"type":"Feature","properties":{"nombre":null},"geometry":{"type":"LineString","coordinates":[[-57.584708,-25.24501],[-57.584881,-25.245021],[-57.584876,-25.244812]]}},{"type":"Feature","properties":{"nombre":null},"geometry":{"type":"LineString","coordinates":[[-57.583369,-25.247757],[-57.583424,-25.247779],[-57.583762,-25.247695],[-57.583833,-25.247706]]}},{"type":"Feature","properties":{"nombre":null},"geometry":{"type":"LineString","coordinates":[[-57.584049,-25.24599],[-57.584061,-25.245851],[-57.584037,-25.245766]]}},{"type":"Feature","properties":{"nombre":null},"geometry":{"type":"LineString","coordinates":[[-57.583523,-25.245329],[-57.583679,-25.24527],[-57.583722,-25.245345]]}},{"type":"Feature","properties":{"nombre":null},"geometry":{"type":"LineString","coordinates":[[-57.583333,-25.245661],[-57.583411,-25.245613],[-57.583428,-25.245546],[-57.583461,-25.245513],[-57.583499,-25.245484],[-57.583557,-25.24548],[-57.583717,-25.245347],[-57.583837,-25.245406],[-57.583973,-25.24532],[-57.584008,-25.245225],[-57.583992,-25.244963]]}},{"type":"Feature","properties":{"nombre":null},"geometry":{"type":"LineString","coordinates":[[-57.581453,-25.233333],[-57.581164,-25.232874],[-57.580821,-25.2325],[-57.5807,-25.232389],[-57.580398,-25.232193],[-57.580333,-25.232121],[-57.580151,-25.231991],[-57.579995,-25.231755],[-57.579985,-25.231557],[-57.580005,-25.231533],[-57.579769,-25.231282],[-57.579488,-25.231283],[-57.579265,-25.23133],[-57.579012,-25.231284],[-57.578913,-25.231225]]}},{"type":"Feature","properties":{"nombre":null},"geometry":{"type":"LineString","coordinates":[[-57.575944,-25.238773],[-57.576099,-25.238737],[-57.576349,-25.238725],[-57.576441,-25.238677],[-57.576529,-25.238574],[-57.576605,-25.238536],[-57.576835,-25.238532],[-57.576948,-25.238576],[-57.577071,-25.238661]]}},{"type":"Feature","properties":{"nombre":null},"geometry":{"type":"LineString","coordinates":[[-57.580881,-25.238889],[-57.580885,-25.238744],[-57.580834,-25.23864],[-57.580604,-25.238636],[-57.580448,-25.238596],[-57.580347,-25.238642],[-57.580276,-25.238646],[-57.580079,-25.238587],[-57.57985,-25.238689],[-57.579683,-25.238815],[-57.579623,-25.238826],[-57.57954,-25.238889]]}},{"type":"Feature","properties":{"nombre":null},"geometry":{"type":"LineString","coordinates":[[-57.576856,-25.238241],[-57.57681,-25.238249],[-57.576744,-25.238314],[-57.576764,-25.238408],[-57.576733,-25.238481],[-57.576737,-25.238535]]}},{"type":"Feature","properties":{"nombre":null},"geometry":{"type":"LineString","coordinates":[[-57.575433,-25.234415],[-57.575225,-25.234578],[-57.575,-25.234384]]}},{"type":"Feature","properties":{"nombre":null},"geometry":{"type":"LineString","coordinates":[[-57.581207,-25.238179],[-57.58177,-25.237789],[-57.581876,-25.237746]]}},{"type":"Feature","properties":{"nombre":null},"geometry":{"type":"LineString","coordinates":[[-57.579965,-25.237886],[-57.579796,-25.237682],[-57.579807,-25.237631],[-57.57985,-25.237607]]}},{"type":"Feature","properties":{"nombre":null},"geometry":{"type":"LineString","coordinates":[[-57.575745,-25.233384],[-57.576152,-25.233791],[-57.576208,-25.233811],[-57.576269,-25.233758],[-57.576282,-25.233715],[-57.576531,-25.233528],[-57.576559,-25.233422],[-57.5765,-25.233333]]}},{"type":"Feature","properties":{"nombre":null},"geometry":{"type":"LineString","coordinates":[[-57.581088,-25.234903],[-57.581247,-25.234854]]}},{"type":"Feature","properties":{"nombre":null},"geometry":{"type":"LineString","coordinates":[[-57.58127,-25.240208],[-57.581423,-25.240132],[-57.581674,-25.23993]]}},{"type":"Feature","properties":{"nombre":null},"geometry":{"type":"LineString","coordinates":[[-57.582202,-25.242873],[-57.582322,-25.242795]]}},{"type":"Feature","properties":{"nombre":null},"geometry":{"type":"LineString","coordinates":[[-57.583333,-25.240482],[-57.583187,-25.240616],[-57.583047,-25.240659],[-57.582877,-25.240647],[-57.582651,-25.240547],[-57.582274,-25.240555],[-57.582125,-25.240504],[-57.581758,-25.240028],[-57.581568,-25.239844],[-57.581364,-25.239575],[-57.581299,-25.239533],[-57.58119,-25.239396],[-57.581016,-25.239135],[-57.580932,-25.239053],[-57.580881,-25.238889]]}},{"type":"Feature","properties":{"nombre":null},"geometry":{"type":"LineString","coordinates":[[-57.583058,-25.25],[-57.583058,-25.249968],[-57.583141,-25.249849],[-57.583333,-25.249644]]}},{"type":"Feature","properties":{"nombre":null},"geometry":{"type":"LineString","coordinates":[[-57.581882,-25.248544],[-57.581914,-25.248542],[-57.582018,-25.248694]]}},{"type":"Feature","properties":{"nombre":null},"geometry":{"type":"LineString","coordinates":[[-57.581944,-25.248719],[-57.582311,-25.248611],[-57.582399,-25.248687],[-57.582473,-25.248686],[-57.582659,-25.248836],[-57.5827,-25.2489],[-57.582902,-25.248968]]}},{"type":"Feature","properties":{"nombre":null},"geometry":{"type":"LineString","coordinates":[[-57.572182,-25.225473],[-57.574157,-25.22648],[-57.575,-25.227673]]}},{"type":"Feature","properties":{"nombre":null},"geometry":{"type":"LineString","coordinates":[[-57.566667,-25.226857],[-57.566692,-25.226831]]}},{"type":"Feature","properties":{"nombre":null},"geometry":{"type":"LineString","coordinates":[[-57.566834,-25.231903],[-57.566954,-25.231756],[-57.566988,-25.231603],[-57.567204,-25.231493],[-57.56728,-25.231356],[-57.567481,-25.230495],[-57.567484,-25.230187],[-57.567593,-25.230037],[-57.567729,-25.229666],[-57.567763,-25.229631],[-57.567834,-25.229624],[-57.567893,-25.229567],[-57.568066,-25.229259],[-57.568063,-25.229191],[-57.568023,-25.229137],[-57.568027,-25.229085],[-57.568097,-25.229019],[-57.568245,-25.228967],[-57.568347,-25.228811],[-57.568477,-25.228769],[-57.568587,-25.228676],[-57.568678,-25.228649]]}},{"type":"Feature","properties":{"nombre":null},"geometry":{"type":"LineString","coordinates":[[-57.571334,-25.229825],[-57.571452,-25.229794],[-57.571489,-25.229722],[-57.571681,-25.229632]]}},{"type":"Feature","properties":{"nombre":null},"geometry":{"type":"LineString","coordinates":[[-57.570738,-25.232163],[-57.570922,-25.231344]]}},{"type":"Feature","properties":{"nombre":null},"geometry":{"type":"LineString","coordinates":[[-57.572064,-25.227778],[-57.572108,-25.227956]]}},{"type":"Feature","properties":{"nombre":null},"geometry":{"type":"LineString","coordinates":[[-57.567575,-25.233235],[-57.567476,-25.233091]]}},{"type":"Feature","properties":{"nombre":null},"geometry":{"type":"LineString","coordinates":[[-57.567275,-25.232738],[-57.566962,-25.23228]]}},{"type":"Feature","properties":{"nombre":null},"geometry":{"type":"LineString","coordinates":[[-57.566707,-25.23188],[-57.56668,-25.231833]]}},{"type":"Feature","properties":{"nombre":null},"geometry":{"type":"LineString","coordinates":[[-57.572134,-25.230719],[-57.572257,-25.230649]]}},{"type":"Feature","properties":{"nombre":null},"geometry":{"type":"LineString","coordinates":[[-57.573114,-25.233616],[-57.572862,-25.233794],[-57.572792,-25.2338],[-57.572734,-25.233749],[-57.572678,-25.23374],[-57.572547,-25.233751],[-57.572476,-25.233779]]}},{"type":"Feature","properties":{"nombre":null},"geometry":{"type":"LineString","coordinates":[[-57.574935,-25.235459],[-57.575,-25.235411]]}},{"type":"Feature","properties":{"nombre":null},"geometry":{"type":"LineString","coordinates":[[-57.57341,-25.233333],[-57.573114,-25.233616]]}},{"type":"Feature","properties":{"nombre":null},"geometry":{"type":"LineString","coordinates":[[-57.568007,-25.234839],[-57.568027,-25.234862],[-57.571091,-25.234366],[-57.57111,-25.234365],[-57.571149,-25.234426]]}},{"type":"Feature","properties":{"nombre":null},"geometry":{"type":"LineString","coordinates":[[-57.573068,-25.236342],[-57.573674,-25.235882],[-57.573632,-25.235836],[-57.573454,-25.235889]]}},{"type":"Feature","properties":{"nombre":null},"geometry":{"type":"LineString","coordinates":[[-57.568862,-25.237026],[-57.569457,-25.236843]]}},{"type":"Feature","properties":{"nombre":null},"geometry":{"type":"LineString","coordinates":[[-57.571368,-25.248155],[-57.571315,-25.248106],[-57.571024,-25.248407],[-57.571148,-25.248561],[-57.571185,-25.248572],[-57.571241,-25.248553],[-57.571338,-25.248458],[-57.571393,-25.248446],[-57.571432,-25.248371],[-57.571409,-25.248367]]}},{"type":"Feature","properties":{"nombre":null},"geometry":{"type":"LineString","coordinates":[[-57.564636,-25.227778],[-57.564769,-25.227611],[-57.56476,-25.227573],[-57.564862,-25.227453]]}},{"type":"Feature","properties":{"nombre":null},"geometry":{"type":"LineString","coordinates":[[-57.558333,-25.229449],[-57.558451,-25.2295],[-57.558571,-25.229616]]}},{"type":"Feature","properties":{"nombre":null},"geometry":{"type":"LineString","coordinates":[[-57.565012,-25.227886],[-57.56507,-25.227843],[-57.565098,-25.227778]]}},{"type":"Feature","properties":{"nombre":null},"geometry":{"type":"LineString","coordinates":[[-57.564727,-25.229029],[-57.564892,-25.228951]]}},{"type":"Feature","properties":{"nombre":null},"geometry":{"type":"LineString","coordinates":[[-57.566065,-25.230804],[-57.566401,-25.231348]]}},{"type":"Feature","properties":{"nombre":null},"geometry":{"type":"LineString","coordinates":[[-57.566492,-25.231484],[-57.566548,-25.231575]]}},{"type":"Feature","properties":{"nombre":null},"geometry":{"type":"LineString","coordinates":[[-57.564787,-25.230719],[-57.565039,-25.230961]]}},{"type":"Feature","properties":{"nombre":null},"geometry":{"type":"LineString","coordinates":[[-57.560495,-25.233269],[-57.560437,-25.23331],[-57.560396,-25.233291]]}},{"type":"Feature","properties":{"nombre":null},"geometry":{"type":"LineString","coordinates":[[-57.566536,-25.234939],[-57.566667,-25.234872]]}},{"type":"Feature","properties":{"nombre":null},"geometry":{"type":"LineString","coordinates":[[-57.561242,-25.24438],[-57.561092,-25.244445]]}},{"type":"Feature","properties":{"nombre":null},"geometry":{"type":"LineString","coordinates":[[-57.561895,-25.247188],[-57.561404,-25.247213],[-57.561165,-25.247279]]}},{"type":"Feature","properties":{"nombre":null},"geometry":{"type":"LineString","coordinates":[[-57.560583,-25.25],[-57.56043,-25.249578]]}},{"type":"Feature","properties":{"nombre":null},"geometry":{"type":"LineString","coordinates":[[-57.558174,-25.22894],[-57.558216,-25.228798]]}},{"type":"Feature","properties":{"nombre":null},"geometry":{"type":"LineString","coordinates":[[-57.558333,-25.231607],[-57.558168,-25.231578]]}},{"type":"Feature","properties":{"nombre":null},"geometry":{"type":"LineString","coordinates":[[-57.55,-25.248931],[-57.550072,-25.2489]]}},{"type":"Feature","properties":{"nombre":null},"geometry":{"type":"LineString","coordinates":[[-57.557766,-25.231701],[-57.557846,-25.23168],[-57.557952,-25.231696],[-57.558135,-25.231635]]}},{"type":"Feature","properties":{"nombre":null},"geometry":{"type":"LineString","coordinates":[[-57.553454,-25.237283],[-57.553473,-25.237352],[-57.553578,-25.237411],[-57.553571,-25.237503],[-57.553607,-25.237533],[-57.553859,-25.23758],[-57.554231,-25.23756],[-57.554362,-25.237537],[-57.554444,-25.237498],[-57.554484,-25.237446],[-57.554488,-25.237347],[-57.554546,-25.237229],[-57.55463,-25.23716],[-57.554725,-25.237194],[-57.554895,-25.237377],[-57.555003,-25.237395],[-57.555112,-25.23733],[-57.5553,-25.237086],[-57.555369,-25.237034],[-57.555442,-25.237006],[-57.555807,-25.236954],[-57.555943,-25.236865],[-57.556011,-25.236697],[-57.556023,-25.236582],[-57.555964,-25.236235],[-57.555957,-25.235996],[-57.555897,-25.235838],[-57.555765,-25.235644],[-57.555327,-25.23561],[-57.555271,-25.235544],[-57.555275,-25.235461],[-57.555357,-25.235388],[-57.555841,-25.235252],[-57.556224,-25.235226],[-57.55635,-25.235173],[-57.556408,-25.23511],[-57.556435,-25.235027],[-57.556441,-25.234668],[-57.55652,-25.234512],[-57.556595,-25.23442],[-57.556796,-25.234358],[-57.55695,-25.234279],[-57.557056,-25.234186],[-57.557082,-25.234125],[-57.557034,-25.234025],[-57.556829,-25.233877],[-57.556762,-25.233747],[-57.556773,-25.23355],[-57.556846,-25.233422],[-57.556939,-25.233333]]}},{"type":"Feature","properties":{"nombre":null},"geometry":{"type":"LineString","coordinates":[[-57.55,-25.237497],[-57.550008,-25.2375]]}},{"type":"Feature","properties":{"nombre":null},"geometry":{"type":"LineString","coordinates":[[-57.550665,-25.23745],[-57.550662,-25.237522],[-57.550585,-25.237626],[-57.550454,-25.238032]]}},{"type":"Feature","properties":{"nombre":null},"geometry":{"type":"LineString","coordinates":[[-57.557996,-25.233333],[-57.558016,-25.233391]]}},{"type":"Feature","properties":{"nombre":null},"geometry":{"type":"LineString","coordinates":[[-57.557609,-25.233333],[-57.557607,-25.233668],[-57.557673,-25.233798],[-57.557724,-25.23399]]}},{"type":"Feature","properties":{"nombre":null},"geometry":{"type":"LineString","coordinates":[[-57.553308,-25.235995],[-57.553489,-25.236323],[-57.55357,-25.236383],[-57.553651,-25.23649],[-57.553833,-25.236417],[-57.553898,-25.236423]]}},{"type":"Feature","properties":{"nombre":null},"geometry":{"type":"LineString","coordinates":[[-57.552677,-25.236869],[-57.552711,-25.236918],[-57.552714,-25.237045],[-57.552926,-25.237252]]}},{"type":"Feature","properties":{"nombre":null},"geometry":{"type":"LineString","coordinates":[[-57.555249,-25.246614],[-57.555162,-25.246558],[-57.555093,-25.246549],[-57.554781,-25.246579],[-57.554653,-25.246499],[-57.554484,-25.246541],[-57.554422,-25.246588],[-57.554406,-25.246633]]}},{"type":"Feature","properties":{"nombre":null},"geometry":{"type":"LineString","coordinates":[[-57.550162,-25.24698],[-57.55022,-25.24704],[-57.55046,-25.247181],[-57.550652,-25.247383]]}},{"type":"Feature","properties":{"nombre":null},"geometry":{"type":"LineString","coordinates":[[-57.55407,-25.248406],[-57.554007,-25.24821],[-57.553881,-25.248063],[-57.553848,-25.247942],[-57.553757,-25.247888],[-57.553735,-25.247811],[-57.553763,-25.247785],[-57.553649,-25.247449],[-57.553576,-25.247362]]}},{"type":"Feature","properties":{"nombre":null},"geometry":{"type":"LineString","coordinates":[[-57.556798,-25.245525],[-57.556824,-25.24554],[-57.557204,-25.246314],[-57.557221,-25.246393],[-57.557127,-25.246556],[-57.557079,-25.246596]]}},{"type":"Feature","properties":{"nombre":null},"geometry":{"type":"LineString","coordinates":[[-57.592769,-25.250023],[-57.592761,-25.25]]}},{"type":"Feature","properties":{"nombre":null},"geometry":{"type":"LineString","coordinates":[[-57.598123,-25.25],[-57.598144,-25.250155],[-57.598045,-25.250404],[-57.598024,-25.250727],[-57.598048,-25.251015],[-57.598236,-25.251321],[-57.59837,-25.251426],[-57.598422,-25.251608],[-57.598476,-25.251703],[-57.598469,-25.251809],[-57.598529,-25.251815],[-57.598642,-25.251901],[-57.59865,-25.251927],[-57.598577,-25.252009],[-57.598576,-25.252198],[-57.598526,-25.252381],[-57.59858,-25.25259],[-57.598585,-25.252698],[-57.598567,-25.252749],[-57.598485,-25.252727],[-57.598437,-25.252659],[-57.598416,-25.252526],[-57.598386,-25.252521],[-57.598265,-25.252594],[-57.598186,-25.252769],[-57.598155,-25.253037],[-57.598158,-25.253686],[-57.59795,-25.253977],[-57.597933,-25.254084],[-57.597856,-25.254197],[-57.597811,-25.254415],[-57.59768,-25.254625],[-57.597703,-25.255002],[-57.597665,-25.25513],[-57.597525,-25.255365],[-57.597507,-25.255445],[-57.597538,-25.255556]]}},{"type":"Feature","properties":{"nombre":"ARROYO MBURICAO"},"geometry":{"type":"LineString","coordinates":[[-57.593062,-25.261111],[-57.593149,-25.260916],[-57.593616,-25.260675],[-57.593895,-25.260575],[-57.593965,-25.26034],[-57.593792,-25.260303],[-57.593382,-25.260098],[-57.593224,-25.260049],[-57.593032,-25.259899],[-57.593014,-25.259789],[-57.593144,-25.259553],[-57.593225,-25.25952],[-57.593277,-25.25946],[-57.593413,-25.259379],[-57.593581,-25.259353],[-57.593628,-25.259238],[-57.593665,-25.25922],[-57.593705,-25.259156],[-57.593742,-25.259052],[-57.593741,-25.258732],[-57.593734,-25.258695],[-57.593656,-25.258606],[-57.593645,-25.25853],[-57.593679,-25.258508],[-57.593651,-25.258437],[-57.59366,-25.258288],[-57.593724,-25.258105],[-57.593886,-25.257979],[-57.594233,-25.257604],[-57.594525,-25.257382],[-57.59461,-25.257383],[-57.59463,-25.25734]]}},{"type":"Feature","properties":{"nombre":"ARROYO MBURICAO"},"geometry":{"type":"LineString","coordinates":[[-57.593762,-25.258577],[-57.59376,-25.258591],[-57.593757,-25.258645],[-57.593715,-25.258587],[-57.593762,-25.258577]]}},{"type":"Feature","properties":{"nombre":"ARROYO MBURICAO"},"geometry":{"type":"LineString","coordinates":[[-57.594155,-25.256494],[-57.595227,-25.256686],[-57.595453,-25.256756]]}},{"type":"Feature","properties":{"nombre":"ARROYO MBURICAO"},"geometry":{"type":"LineString","coordinates":[[-57.591944,-25.262769],[-57.59194,-25.262651],[-57.591988,-25.262569],[-57.59216,-25.262535],[-57.592226,-25.262566],[-57.592355,-25.262361],[-57.592707,-25.262163],[-57.592872,-25.262027],[-57.593059,-25.261814],[-57.593068,-25.261739],[-57.593049,-25.261666],[-57.592982,-25.261578],[-57.592976,-25.261463],[-57.592983,-25.261425],[-57.593063,-25.261339],[-57.593135,-25.261111]]}},{"type":"Feature","properties":{"nombre":null},"geometry":{"type":"LineString","coordinates":[[-57.591667,-25.263965],[-57.591746,-25.263976]]}},{"type":"Feature","properties":{"nombre":null},"geometry":{"type":"LineString","coordinates":[[-57.592363,-25.277342],[-57.592247,-25.277351]]}},{"type":"Feature","properties":{"nombre":null},"geometry":{"type":"LineString","coordinates":[[-57.592415,-25.277338],[-57.59238,-25.27734]]}},{"type":"Feature","properties":{"nombre":"ARROYO MBURICAO"},"geometry":{"type":"LineString","coordinates":[[-57.591952,-25.289906],[-57.591929,-25.290144],[-57.59213,-25.290277],[-57.592351,-25.29034],[-57.592391,-25.290405],[-57.592513,-25.290492]]}},{"type":"Feature","properties":{"nombre":"ARROYO MBURICAO"},"geometry":{"type":"LineString","coordinates":[[-57.592513,-25.290492],[-57.592706,-25.290567],[-57.592728,-25.290517]]}},{"type":"Feature","properties":{"nombre":"ARROYO MBURICAO"},"geometry":{"type":"LineString","coordinates":[[-57.594971,-25.296331],[-57.595037,-25.29651],[-57.59495,-25.29673],[-57.594943,-25.296812],[-57.59498,-25.297013]]}},{"type":"Feature","properties":{"nombre":"ARROYO MBURICAO"},"geometry":{"type":"LineString","coordinates":[[-57.595345,-25.297784],[-57.595214,-25.297624]]}},{"type":"Feature","properties":{"nombre":"ARROYO MBURICAO"},"geometry":{"type":"LineString","coordinates":[[-57.595529,-25.299946],[-57.595528,-25.299884],[-57.595462,-25.299773],[-57.595327,-25.299077]]}},{"type":"Feature","properties":{"nombre":null},"geometry":{"type":"LineString","coordinates":[[-57.595369,-25.297319],[-57.595103,-25.29738]]}},{"type":"Feature","properties":{"nombre":null},"geometry":{"type":"LineString","coordinates":[[-57.586468,-25.25],[-57.586534,-25.250035],[-57.586584,-25.250121],[-57.586817,-25.250235]]}},{"type":"Feature","properties":{"nombre":"ARROYO YBYRAY"},"geometry":{"type":"LineString","coordinates":[[-57.586669,-25.259735],[-57.586735,-25.259693],[-57.58679,-25.259691],[-57.586926,-25.259806],[-57.586977,-25.259807],[-57.587212,-25.259541],[-57.587306,-25.259501],[-57.587429,-25.259494]]}},{"type":"Feature","properties":{"nombre":null},"geometry":{"type":"LineString","coordinates":[[-57.588657,-25.261111],[-57.58864,-25.260883],[-57.588663,-25.260814],[-57.588697,-25.260818]]}},{"type":"Feature","properties":{"nombre":"ARROYO YBYRAY"},"geometry":{"type":"LineString","coordinates":[[-57.589382,-25.257681],[-57.589168,-25.257489]]}},{"type":"Feature","properties":{"nombre":"ARROYO YBYRAY"},"geometry":{"type":"LineString","coordinates":[[-57.584503,-25.261662],[-57.584638,-25.261542]]}},{"type":"Feature","properties":{"nombre":null},"geometry":{"type":"LineString","coordinates":[[-57.584142,-25.261766],[-57.584252,-25.26177],[-57.584406,-25.261701]]}},{"type":"Feature","properties":{"nombre":null},"geometry":{"type":"LineString","coordinates":[[-57.589507,-25.265503],[-57.589569,-25.265591],[-57.589646,-25.265645],[-57.589755,-25.265675],[-57.589874,-25.265745],[-57.590001,-25.265766],[-57.590041,-25.265863],[-57.590025,-25.265961],[-57.590068,-25.265888],[-57.590063,-25.265817],[-57.590124,-25.265928],[-57.590127,-25.266006],[-57.5901,-25.266048],[-57.589977,-25.266131],[-57.58987,-25.26615],[-57.589708,-25.266233],[-57.58942,-25.266322],[-57.589361,-25.266367],[-57.589319,-25.266427],[-57.589313,-25.2665],[-57.589363,-25.266667]]}},{"type":"Feature","properties":{"nombre":null},"geometry":{"type":"LineString","coordinates":[[-57.586874,-25.262642],[-57.586942,-25.262603]]}},{"type":"Feature","properties":{"nombre":null},"geometry":{"type":"LineString","coordinates":[[-57.587076,-25.262552],[-57.587694,-25.262661],[-57.587805,-25.26264]]}},{"type":"Feature","properties":{"nombre":null},"geometry":{"type":"LineString","coordinates":[[-57.591647,-25.263964],[-57.591667,-25.263965]]}},{"type":"Feature","properties":{"nombre":null},"geometry":{"type":"LineString","coordinates":[[-57.591246,-25.265831],[-57.591152,-25.265837],[-57.591117,-25.265817],[-57.591092,-25.265686]]}},{"type":"Feature","properties":{"nombre":"ARROYO YBYRAY"},"geometry":{"type":"LineString","coordinates":[[-57.583333,-25.261894],[-57.583612,-25.26195],[-57.583698,-25.261682],[-57.583749,-25.261602],[-57.583803,-25.261574],[-57.583951,-25.261579],[-57.584095,-25.261771],[-57.58413,-25.26178]]}},{"type":"Feature","properties":{"nombre":null},"geometry":{"type":"LineString","coordinates":[[-57.586282,-25.267679],[-57.586652,-25.267857]]}},{"type":"Feature","properties":{"nombre":null},"geometry":{"type":"LineString","coordinates":[[-57.583333,-25.269564],[-57.583381,-25.269553],[-57.583793,-25.270925]]}},{"type":"Feature","properties":{"nombre":null},"geometry":{"type":"LineString","coordinates":[[-57.583333,-25.271186],[-57.583839,-25.271068],[-57.583896,-25.271257]]}},{"type":"Feature","properties":{"nombre":null},"geometry":{"type":"LineString","coordinates":[[-57.583818,-25.27107],[-57.583333,-25.271186]]}},{"type":"Feature","properties":{"nombre":null},"geometry":{"type":"LineString","coordinates":[[-57.587434,-25.267957],[-57.588112,-25.266988]]}},{"type":"Feature","properties":{"nombre":"ARROYO SANTO DOMINGO"},"geometry":{"type":"LineString","coordinates":[[-57.58435,-25.276174],[-57.584745,-25.275921],[-57.58482,-25.27591],[-57.584954,-25.275806],[-57.585309,-25.275633]]}},{"type":"Feature","properties":{"nombre":"ARROYO MBURICAO"},"geometry":{"type":"LineString","coordinates":[[-57.589407,-25.282997],[-57.589338,-25.28319],[-57.589348,-25.283333]]}},{"type":"Feature","properties":{"nombre":null},"geometry":{"type":"LineString","coordinates":[[-57.589475,-25.277927],[-57.58946,-25.277877],[-57.589372,-25.277778]]}},{"type":"Feature","properties":{"nombre":null},"geometry":{"type":"LineString","coordinates":[[-57.591075,-25.281919],[-57.591061,-25.281842]]}},{"type":"Feature","properties":{"nombre":null},"geometry":{"type":"LineString","coordinates":[[-57.591231,-25.282499],[-57.591118,-25.282514],[-57.591111,-25.282465],[-57.591088,-25.282469]]}},{"type":"Feature","properties":{"nombre":"ARROYO MBURICAO"},"geometry":{"type":"LineString","coordinates":[[-57.591667,-25.2896],[-57.591624,-25.289601],[-57.591544,-25.289504],[-57.591461,-25.289327],[-57.591421,-25.289155],[-57.591403,-25.288889]]}},{"type":"Feature","properties":{"nombre":null},"geometry":{"type":"LineString","coordinates":[[-57.566667,-25.256397],[-57.567493,-25.256372],[-57.567502,-25.256326],[-57.568265,-25.256369]]}},{"type":"Feature","properties":{"nombre":null},"geometry":{"type":"LineString","coordinates":[[-57.582526,-25.251153],[-57.582349,-25.251369],[-57.58231,-25.251581],[-57.582258,-25.251644],[-57.58217,-25.251699],[-57.582089,-25.251709],[-57.581919,-25.251647],[-57.581865,-25.25165],[-57.581713,-25.251796]]}},{"type":"Feature","properties":{"nombre":null},"geometry":{"type":"LineString","coordinates":[[-57.581704,-25.25179],[-57.581787,-25.251688],[-57.581859,-25.251639],[-57.581927,-25.251627],[-57.582033,-25.251675],[-57.582103,-25.251681],[-57.582235,-25.251622],[-57.582287,-25.251553],[-57.582357,-25.251302],[-57.582508,-25.251137]]}},{"type":"Feature","properties":{"nombre":null},"geometry":{"type":"LineString","coordinates":[[-57.577687,-25.253435],[-57.577939,-25.253558]]}},{"type":"Feature","properties":{"nombre":null},"geometry":{"type":"LineString","coordinates":[[-57.579497,-25.255556],[-57.579596,-25.255481],[-57.579608,-25.255447]]}},{"type":"Feature","properties":{"nombre":null},"geometry":{"type":"LineString","coordinates":[[-57.577647,-25.253263],[-57.577645,-25.253319],[-57.577684,-25.253412]]}},{"type":"Feature","properties":{"nombre":null},"geometry":{"type":"LineString","coordinates":[[-57.581789,-25.25],[-57.581502,-25.250162]]}},{"type":"Feature","properties":{"nombre":null},"geometry":{"type":"LineString","coordinates":[[-57.580641,-25.250062],[-57.58095,-25.250342],[-57.581012,-25.250439]]}},{"type":"Feature","properties":{"nombre":null},"geometry":{"type":"LineString","coordinates":[[-57.581065,-25.2502],[-57.580978,-25.25025],[-57.580931,-25.250167],[-57.580964,-25.250135]]}},{"type":"Feature","properties":{"nombre":null},"geometry":{"type":"LineString","coordinates":[[-57.579615,-25.252186],[-57.579987,-25.252463]]}},{"type":"Feature","properties":{"nombre":null},"geometry":{"type":"LineString","coordinates":[[-57.575321,-25.258286],[-57.575406,-25.258175]]}},{"type":"Feature","properties":{"nombre":null},"geometry":{"type":"LineString","coordinates":[[-57.577842,-25.259505],[-57.577887,-25.259473]]}},{"type":"Feature","properties":{"nombre":null},"geometry":{"type":"LineString","coordinates":[[-57.577321,-25.257066],[-57.57746,-25.257111]]}},{"type":"Feature","properties":{"nombre":null},"geometry":{"type":"LineString","coordinates":[[-57.576173,-25.261032],[-57.576619,-25.260721]]}},{"type":"Feature","properties":{"nombre":"ARROYO YBYRAY"},"geometry":{"type":"LineString","coordinates":[[-57.576865,-25.265488],[-57.576851,-25.26552],[-57.576696,-25.265593],[-57.576608,-25.265607],[-57.576517,-25.265746],[-57.57631,-25.265848],[-57.576143,-25.265999],[-57.576066,-25.266039],[-57.575971,-25.26622],[-57.57554,-25.266474],[-57.57534,-25.266667]]}},{"type":"Feature","properties":{"nombre":"ARROYO YBYRAY"},"geometry":{"type":"LineString","coordinates":[[-57.578265,-25.264098],[-57.578322,-25.264056],[-57.578332,-25.264068],[-57.578275,-25.26411],[-57.578265,-25.264098]]}},{"type":"Feature","properties":{"nombre":null},"geometry":{"type":"LineString","coordinates":[[-57.579779,-25.265714],[-57.57961,-25.265709]]}},{"type":"Feature","properties":{"nombre":"ARROYO YBYRAY"},"geometry":{"type":"LineString","coordinates":[[-57.582972,-25.261674],[-57.583333,-25.261753]]}},{"type":"Feature","properties":{"nombre":null},"geometry":{"type":"LineString","coordinates":[[-57.582749,-25.268779],[-57.582798,-25.268761],[-57.582866,-25.26878],[-57.582944,-25.26886],[-57.583047,-25.26891],[-57.583112,-25.268885],[-57.583262,-25.268743]]}},{"type":"Feature","properties":{"nombre":null},"geometry":{"type":"LineString","coordinates":[[-57.580166,-25.271682],[-57.579957,-25.271732]]}},{"type":"Feature","properties":{"nombre":null},"geometry":{"type":"LineString","coordinates":[[-57.572442,-25.251243],[-57.572325,-25.251212],[-57.572235,-25.251158]]}},{"type":"Feature","properties":{"nombre":null},"geometry":{"type":"LineString","coordinates":[[-57.574341,-25.25376],[-57.574031,-25.253919],[-57.57396,-25.253919],[-57.573884,-25.253889]]}},{"type":"Feature","properties":{"nombre":null},"geometry":{"type":"LineString","coordinates":[[-57.568923,-25.254207],[-57.568642,-25.254627]]}},{"type":"Feature","properties":{"nombre":null},"geometry":{"type":"LineString","coordinates":[[-57.575,-25.258874],[-57.574951,-25.258846],[-57.57497,-25.258825]]}},{"type":"Feature","properties":{"nombre":null},"geometry":{"type":"LineString","coordinates":[[-57.566667,-25.256662],[-57.567238,-25.256954]]}},{"type":"Feature","properties":{"nombre":null},"geometry":{"type":"LineString","coordinates":[[-57.572003,-25.258931],[-57.571469,-25.259359],[-57.57126,-25.259146]]}},{"type":"Feature","properties":{"nombre":null},"geometry":{"type":"LineString","coordinates":[[-57.571437,-25.256938],[-57.571611,-25.257013]]}},{"type":"Feature","properties":{"nombre":null},"geometry":{"type":"LineString","coordinates":[[-57.571242,-25.256867],[-57.571325,-25.256897]]}},{"type":"Feature","properties":{"nombre":null},"geometry":{"type":"LineString","coordinates":[[-57.570935,-25.257654],[-57.570914,-25.257844]]}},{"type":"Feature","properties":{"nombre":null},"geometry":{"type":"LineString","coordinates":[[-57.573303,-25.257489],[-57.573181,-25.257629]]}},{"type":"Feature","properties":{"nombre":"ARROYO YBYRAY"},"geometry":{"type":"LineString","coordinates":[[-57.575,-25.267133],[-57.57493,-25.26723],[-57.574752,-25.267371],[-57.57465,-25.267706],[-57.574281,-25.268144]]}},{"type":"Feature","properties":{"nombre":null},"geometry":{"type":"LineString","coordinates":[[-57.56837,-25.284707],[-57.568495,-25.284787],[-57.568488,-25.284796],[-57.568363,-25.284716],[-57.56837,-25.284707]]}},{"type":"Feature","properties":{"nombre":null},"geometry":{"type":"LineString","coordinates":[[-57.574172,-25.292502],[-57.574085,-25.292514],[-57.573805,-25.292669],[-57.573099,-25.292965]]}},{"type":"Feature","properties":{"nombre":null},"geometry":{"type":"LineString","coordinates":[[-57.560625,-25.25],[-57.560711,-25.250214],[-57.560815,-25.250291]]}},{"type":"Feature","properties":{"nombre":null},"geometry":{"type":"LineString","coordinates":[[-57.559345,-25.250368],[-57.559408,-25.250343],[-57.559389,-25.250314],[-57.559474,-25.250235],[-57.559608,-25.250214],[-57.559669,-25.250268],[-57.559767,-25.250428],[-57.559857,-25.25042],[-57.559946,-25.250379]]}},{"type":"Feature","properties":{"nombre":null},"geometry":{"type":"LineString","coordinates":[[-57.558333,-25.252481],[-57.558404,-25.252492]]}},{"type":"Feature","properties":{"nombre":null},"geometry":{"type":"LineString","coordinates":[[-57.56294,-25.251053],[-57.562865,-25.250977],[-57.562848,-25.250895]]}},{"type":"Feature","properties":{"nombre":null},"geometry":{"type":"LineString","coordinates":[[-57.564319,-25.255556],[-57.564222,-25.255511]]}},{"type":"Feature","properties":{"nombre":null},"geometry":{"type":"LineString","coordinates":[[-57.564204,-25.2555],[-57.56405,-25.25543]]}},{"type":"Feature","properties":{"nombre":null},"geometry":{"type":"LineString","coordinates":[[-57.562092,-25.255342],[-57.562037,-25.255342]]}},{"type":"Feature","properties":{"nombre":null},"geometry":{"type":"LineString","coordinates":[[-57.559811,-25.250332],[-57.55975,-25.250353]]}},{"type":"Feature","properties":{"nombre":null},"geometry":{"type":"LineString","coordinates":[[-57.561249,-25.256669],[-57.561468,-25.256654],[-57.561879,-25.256677],[-57.562046,-25.25666],[-57.562147,-25.256615],[-57.562303,-25.256625],[-57.56235,-25.256573]]}},{"type":"Feature","properties":{"nombre":null},"geometry":{"type":"LineString","coordinates":[[-57.563103,-25.256543],[-57.562916,-25.256561],[-57.562764,-25.256619],[-57.562691,-25.256624],[-57.562354,-25.256585]]}},{"type":"Feature","properties":{"nombre":null},"geometry":{"type":"LineString","coordinates":[[-57.566056,-25.255998],[-57.566667,-25.256039]]}},{"type":"Feature","properties":{"nombre":null},"geometry":{"type":"LineString","coordinates":[[-57.566127,-25.256246],[-57.566448,-25.256399],[-57.566667,-25.256397]]}},{"type":"Feature","properties":{"nombre":null},"geometry":{"type":"LineString","coordinates":[[-57.564405,-25.283562],[-57.564103,-25.283509],[-57.564089,-25.28352],[-57.564384,-25.283569],[-57.564405,-25.283562]]}},{"type":"Feature","properties":{"nombre":null},"geometry":{"type":"LineString","coordinates":[[-57.564676,-25.283618],[-57.564624,-25.28361],[-57.564679,-25.283606],[-57.564676,-25.283618]]}},{"type":"Feature","properties":{"nombre":null},"geometry":{"type":"LineString","coordinates":[[-57.550962,-25.253718],[-57.550851,-25.253146],[-57.550798,-25.25263],[-57.550779,-25.252706],[-57.550914,-25.253571]]}},{"type":"Feature","properties":{"nombre":null},"geometry":{"type":"LineString","coordinates":[[-57.557032,-25.251611],[-57.556291,-25.251331]]}},{"type":"Feature","properties":{"nombre":null},"geometry":{"type":"LineString","coordinates":[[-57.55,-25.250227],[-57.550011,-25.250275],[-57.550142,-25.250273],[-57.550262,-25.250335]]}},{"type":"Feature","properties":{"nombre":null},"geometry":{"type":"LineString","coordinates":[[-57.555362,-25.250974],[-57.554789,-25.250747]]}},{"type":"Feature","properties":{"nombre":null},"geometry":{"type":"LineString","coordinates":[[-57.550356,-25.251168],[-57.550512,-25.251154]]}},{"type":"Feature","properties":{"nombre":null},"geometry":{"type":"LineString","coordinates":[[-57.556527,-25.251297],[-57.556461,-25.251388]]}},{"type":"Feature","properties":{"nombre":null},"geometry":{"type":"LineString","coordinates":[[-57.55752,-25.252024],[-57.556827,-25.251768]]}},{"type":"Feature","properties":{"nombre":null},"geometry":{"type":"LineString","coordinates":[[-57.556054,-25.251497],[-57.555706,-25.251376]]}},{"type":"Feature","properties":{"nombre":null},"geometry":{"type":"LineString","coordinates":[[-57.552221,-25.25774],[-57.551849,-25.256882]]}},{"type":"Feature","properties":{"nombre":null},"geometry":{"type":"LineString","coordinates":[[-57.55,-25.256794],[-57.550767,-25.256657]]}},{"type":"Feature","properties":{"nombre":null},"geometry":{"type":"LineString","coordinates":[[-57.55,-25.237456],[-57.549988,-25.237426],[-57.549969,-25.237431],[-57.549887,-25.23737],[-57.549808,-25.237233],[-57.549688,-25.23717]]}},{"type":"Feature","properties":{"nombre":null},"geometry":{"type":"LineString","coordinates":[[-57.557349,-25.260645],[-57.557355,-25.260651],[-57.557349,-25.260656],[-57.557343,-25.260651],[-57.557349,-25.260645]]}},{"type":"Feature","properties":{"nombre":null},"geometry":{"type":"LineString","coordinates":[[-57.553273,-25.27643],[-57.553408,-25.276556]]}},{"type":"Feature","properties":{"nombre":null},"geometry":{"type":"LineString","coordinates":[[-57.553411,-25.276551],[-57.553279,-25.276424]]}},{"type":"Feature","properties":{"nombre":null},"geometry":{"type":"LineString","coordinates":[[-57.554539,-25.27664],[-57.554951,-25.276596]]}},{"type":"Feature","properties":{"nombre":null},"geometry":{"type":"LineString","coordinates":[[-57.550825,-25.276998],[-57.550719,-25.276969]]}},{"type":"Feature","properties":{"nombre":null},"geometry":{"type":"LineString","coordinates":[[-57.552067,-25.277333],[-57.552124,-25.277348]]}},{"type":"Feature","properties":{"nombre":null},"geometry":{"type":"LineString","coordinates":[[-57.552409,-25.27743],[-57.552491,-25.277456]]}},{"type":"Feature","properties":{"nombre":null},"geometry":{"type":"LineString","coordinates":[[-57.555334,-25.27691],[-57.555253,-25.276785]]}},{"type":"Feature","properties":{"nombre":null},"geometry":{"type":"LineString","coordinates":[[-57.553877,-25.275758],[-57.553735,-25.275811]]}},{"type":"Feature","properties":{"nombre":null},"geometry":{"type":"LineString","coordinates":[[-57.553735,-25.275811],[-57.553464,-25.275914]]}},{"type":"Feature","properties":{"nombre":null},"geometry":{"type":"LineString","coordinates":[[-57.550201,-25.276828],[-57.550371,-25.276876]]}},{"type":"Feature","properties":{"nombre":null},"geometry":{"type":"LineString","coordinates":[[-57.550884,-25.276774],[-57.550658,-25.276711]]}},{"type":"Feature","properties":{"nombre":null},"geometry":{"type":"LineString","coordinates":[[-57.551779,-25.282203],[-57.551693,-25.282244],[-57.551517,-25.28228]]}},{"type":"Feature","properties":{"nombre":null},"geometry":{"type":"LineString","coordinates":[[-57.552402,-25.28046],[-57.552397,-25.28042]]}},{"type":"Feature","properties":{"nombre":null},"geometry":{"type":"LineString","coordinates":[[-57.55714,-25.28113],[-57.557199,-25.280997],[-57.557068,-25.280919],[-57.556873,-25.280842],[-57.556788,-25.280772],[-57.55674,-25.280684],[-57.556656,-25.280619],[-57.556591,-25.280518],[-57.5565,-25.280222],[-57.556324,-25.280027],[-57.55628,-25.280014],[-57.556137,-25.280075]]}},{"type":"Feature","properties":{"nombre":null},"geometry":{"type":"LineString","coordinates":[[-57.556296,-25.280012],[-57.556291,-25.279963]]}},{"type":"Feature","properties":{"nombre":null},"geometry":{"type":"LineString","coordinates":[[-57.555962,-25.281005],[-57.555956,-25.280839],[-57.555562,-25.280773]]}},{"type":"Feature","properties":{"nombre":null},"geometry":{"type":"LineString","coordinates":[[-57.558263,-25.279797],[-57.558237,-25.279789]]}},{"type":"Feature","properties":{"nombre":null},"geometry":{"type":"LineString","coordinates":[[-57.556447,-25.281581],[-57.556473,-25.281443]]}},{"type":"Feature","properties":{"nombre":null},"geometry":{"type":"LineString","coordinates":[[-57.558333,-25.280092],[-57.557458,-25.279676],[-57.557107,-25.279486],[-57.556576,-25.279119],[-57.555752,-25.278596],[-57.555519,-25.278508]]}},{"type":"Feature","properties":{"nombre":null},"geometry":{"type":"LineString","coordinates":[[-57.554829,-25.288769],[-57.55495,-25.288669]]}},{"type":"Feature","properties":{"nombre":null},"geometry":{"type":"LineString","coordinates":[[-57.550591,-25.292955],[-57.550769,-25.292775],[-57.550778,-25.29278],[-57.550597,-25.292964],[-57.550591,-25.292955]]}},{"type":"Feature","properties":{"nombre":null},"geometry":{"type":"LineString","coordinates":[[-57.552707,-25.294976],[-57.552549,-25.294795]]}},{"type":"Feature","properties":{"nombre":"ARROYO MBURICAO"},"geometry":{"type":"LineString","coordinates":[[-57.59552,-25.303026],[-57.595595,-25.302959]]}},{"type":"Feature","properties":{"nombre":null},"geometry":{"type":"LineString","coordinates":[[-57.597352,-25.303962],[-57.597397,-25.303954],[-57.597436,-25.303976],[-57.597643,-25.30441],[-57.59733,-25.304578],[-57.597677,-25.304404],[-57.597654,-25.304404],[-57.597434,-25.303954],[-57.597399,-25.303946],[-57.597352,-25.303962]]}},{"type":"Feature","properties":{"nombre":"ARROYO MBURICAO"},"geometry":{"type":"LineString","coordinates":[[-57.59552,-25.303026],[-57.595471,-25.303082],[-57.595399,-25.303379]]}},{"type":"Feature","properties":{"nombre":"ARROYO MBURICAO"},"geometry":{"type":"LineString","coordinates":[[-57.595539,-25.303033],[-57.595467,-25.303122]]}},{"type":"Feature","properties":{"nombre":null},"geometry":{"type":"LineString","coordinates":[[-57.594142,-25.323859],[-57.594162,-25.323944],[-57.594167,-25.323943],[-57.594147,-25.323858],[-57.594142,-25.323859]]}},{"type":"Feature","properties":{"nombre":null},"geometry":{"type":"LineString","coordinates":[[-57.591667,-25.330364],[-57.591724,-25.330277]]}},{"type":"Feature","properties":{"nombre":null},"geometry":{"type":"LineString","coordinates":[[-57.591552,-25.30569],[-57.591461,-25.305728]]}},{"type":"Feature","properties":{"nombre":null},"geometry":{"type":"LineString","coordinates":[[-57.58527,-25.315392],[-57.587077,-25.316667]]}},{"type":"Feature","properties":{"nombre":null},"geometry":{"type":"LineString","coordinates":[[-57.585282,-25.313244],[-57.585213,-25.313073],[-57.585232,-25.312908],[-57.585186,-25.312794],[-57.585183,-25.312689]]}},{"type":"Feature","properties":{"nombre":null},"geometry":{"type":"LineString","coordinates":[[-57.587885,-25.317245],[-57.587954,-25.317291]]}},{"type":"Feature","properties":{"nombre":null},"geometry":{"type":"LineString","coordinates":[[-57.544785,-25.238709],[-57.544754,-25.238619],[-57.544535,-25.23828]]}},{"type":"Feature","properties":{"nombre":null},"geometry":{"type":"LineString","coordinates":[[-57.591667,-25.325294],[-57.591578,-25.325259],[-57.59135,-25.325101],[-57.591234,-25.325078],[-57.5909,-25.325473],[-57.590899,-25.325525]]}},{"type":"Feature","properties":{"nombre":null},"geometry":{"type":"LineString","coordinates":[[-57.581892,-25.308162],[-57.582022,-25.308379]]}},{"type":"Feature","properties":{"nombre":null},"geometry":{"type":"LineString","coordinates":[[-57.5786,-25.322222],[-57.578599,-25.322247],[-57.578535,-25.322285],[-57.578499,-25.322372],[-57.578269,-25.322557],[-57.578238,-25.322608]]}},{"type":"Feature","properties":{"nombre":null},"geometry":{"type":"LineString","coordinates":[[-57.566961,-25.320545],[-57.566786,-25.320592]]}},{"type":"Feature","properties":{"nombre":null},"geometry":{"type":"LineString","coordinates":[[-57.572202,-25.324192],[-57.572136,-25.32431],[-57.572149,-25.324316],[-57.572217,-25.324199],[-57.572202,-25.324192]]}},{"type":"Feature","properties":{"nombre":null},"geometry":{"type":"LineString","coordinates":[[-57.570433,-25.326988],[-57.570668,-25.326732]]}},{"type":"Feature","properties":{"nombre":null},"geometry":{"type":"LineString","coordinates":[[-57.572238,-25.324016],[-57.572221,-25.324011],[-57.572214,-25.324036],[-57.572235,-25.324015]]}},{"type":"Feature","properties":{"nombre":null},"geometry":{"type":"LineString","coordinates":[[-57.572137,-25.32437],[-57.572132,-25.324629],[-57.572118,-25.324629],[-57.572123,-25.32437],[-57.572137,-25.32437]]}},{"type":"Feature","properties":{"nombre":null},"geometry":{"type":"LineString","coordinates":[[-57.572244,-25.32398],[-57.572253,-25.323866],[-57.572177,-25.323825],[-57.57224,-25.323879],[-57.572228,-25.323976],[-57.572244,-25.32398]]}},{"type":"Feature","properties":{"nombre":null},"geometry":{"type":"LineString","coordinates":[[-57.558753,-25.314118],[-57.558841,-25.314271],[-57.558936,-25.314519],[-57.559007,-25.314617],[-57.559144,-25.31464],[-57.559388,-25.314556],[-57.559657,-25.314516]]}},{"type":"Feature","properties":{"nombre":null},"geometry":{"type":"LineString","coordinates":[[-57.558613,-25.314108],[-57.558489,-25.314154]]}},{"type":"Feature","properties":{"nombre":null},"geometry":{"type":"LineString","coordinates":[[-57.566534,-25.321603],[-57.566593,-25.321523]]}},{"type":"Feature","properties":{"nombre":null},"geometry":{"type":"LineString","coordinates":[[-57.563396,-25.317868],[-57.563316,-25.317776],[-57.563242,-25.317588]]}},{"type":"Feature","properties":{"nombre":null},"geometry":{"type":"LineString","coordinates":[[-57.55543,-25.303946],[-57.555146,-25.303741]]}},{"type":"Feature","properties":{"nombre":null},"geometry":{"type":"LineString","coordinates":[[-57.554558,-25.305556],[-57.55458,-25.3053],[-57.554476,-25.304974],[-57.554448,-25.304697],[-57.554354,-25.304474],[-57.554352,-25.304289],[-57.554322,-25.304256],[-57.554281,-25.304268]]}},{"type":"Feature","properties":{"nombre":null},"geometry":{"type":"LineString","coordinates":[[-57.55491,-25.30864],[-57.554848,-25.308905],[-57.554856,-25.309085],[-57.554906,-25.309253],[-57.55499,-25.309416]]}},{"type":"Feature","properties":{"nombre":null},"geometry":{"type":"LineString","coordinates":[[-57.555242,-25.306409],[-57.554883,-25.306618]]}},{"type":"Feature","properties":{"nombre":null},"geometry":{"type":"LineString","coordinates":[[-57.558333,-25.314822],[-57.558308,-25.314786]]}},{"type":"Feature","properties":{"nombre":null},"geometry":{"type":"LineString","coordinates":[[-57.533333,-25.248172],[-57.533461,-25.248282],[-57.533557,-25.248402],[-57.533748,-25.248821]]}},{"type":"Feature","properties":{"nombre":null},"geometry":{"type":"LineString","coordinates":[[-57.548758,-25.239236],[-57.548851,-25.239252],[-57.548886,-25.239238],[-57.548919,-25.239008],[-57.549011,-25.238889]]}},{"type":"Feature","properties":{"nombre":null},"geometry":{"type":"LineString","coordinates":[[-57.546017,-25.239492],[-57.546054,-25.23945],[-57.545902,-25.239096]]}},{"type":"Feature","properties":{"nombre":null},"geometry":{"type":"LineString","coordinates":[[-57.548361,-25.240773],[-57.547879,-25.241095],[-57.547705,-25.24117],[-57.547433,-25.241393],[-57.547283,-25.241487],[-57.547322,-25.241718],[-57.547051,-25.241956]]}},{"type":"Feature","properties":{"nombre":null},"geometry":{"type":"LineString","coordinates":[[-57.54495,-25.247022],[-57.544851,-25.247242]]}},{"type":"Feature","properties":{"nombre":null},"geometry":{"type":"LineString","coordinates":[[-57.544327,-25.245706],[-57.544146,-25.245925],[-57.544079,-25.246143],[-57.544038,-25.24639]]}},{"type":"Feature","properties":{"nombre":null},"geometry":{"type":"LineString","coordinates":[[-57.544038,-25.2464],[-57.544028,-25.246609],[-57.544047,-25.246753],[-57.544136,-25.247195],[-57.544188,-25.247283],[-57.54428,-25.247334],[-57.544444,-25.247344],[-57.545534,-25.247725]]}},{"type":"Feature","properties":{"nombre":null},"geometry":{"type":"LineString","coordinates":[[-57.54924,-25.248698],[-57.549876,-25.248459]]}},{"type":"Feature","properties":{"nombre":null},"geometry":{"type":"LineString","coordinates":[[-57.549822,-25.249827],[-57.549531,-25.249889],[-57.549515,-25.249819]]}},{"type":"Feature","properties":{"nombre":null},"geometry":{"type":"LineString","coordinates":[[-57.55,-25.248777],[-57.549726,-25.248896]]}},{"type":"Feature","properties":{"nombre":null},"geometry":{"type":"LineString","coordinates":[[-57.544235,-25.245591],[-57.545092,-25.244949]]}},{"type":"Feature","properties":{"nombre":null},"geometry":{"type":"LineString","coordinates":[[-57.548635,-25.246068],[-57.549114,-25.246501]]}},{"type":"Feature","properties":{"nombre":null},"geometry":{"type":"LineString","coordinates":[[-57.542592,-25.247368],[-57.542558,-25.247386]]}},{"type":"Feature","properties":{"nombre":null},"geometry":{"type":"LineString","coordinates":[[-57.539136,-25.237382],[-57.538919,-25.237102],[-57.538912,-25.23704],[-57.53937,-25.236727]]}},{"type":"Feature","properties":{"nombre":null},"geometry":{"type":"LineString","coordinates":[[-57.539131,-25.236799],[-57.538856,-25.236999]]}},{"type":"Feature","properties":{"nombre":null},"geometry":{"type":"LineString","coordinates":[[-57.5411,-25.238814],[-57.540828,-25.238397]]}},{"type":"Feature","properties":{"nombre":null},"geometry":{"type":"LineString","coordinates":[[-57.540628,-25.239138],[-57.54042,-25.238903]]}},{"type":"Feature","properties":{"nombre":null},"geometry":{"type":"LineString","coordinates":[[-57.539228,-25.243653],[-57.539093,-25.243574],[-57.538828,-25.243732],[-57.538644,-25.243811],[-57.538613,-25.243857],[-57.538535,-25.243904],[-57.538283,-25.244015],[-57.53753,-25.244445]]}},{"type":"Feature","properties":{"nombre":null},"geometry":{"type":"LineString","coordinates":[[-57.53379,-25.244008],[-57.533733,-25.244052],[-57.533341,-25.244179]]}},{"type":"Feature","properties":{"nombre":null},"geometry":{"type":"LineString","coordinates":[[-57.534897,-25.249005],[-57.53489,-25.249013]]}},{"type":"Feature","properties":{"nombre":null},"geometry":{"type":"LineString","coordinates":[[-57.537484,-25.244649],[-57.537445,-25.244502]]}},{"type":"Feature","properties":{"nombre":null},"geometry":{"type":"LineString","coordinates":[[-57.539033,-25.24966],[-57.538502,-25.25]]}},{"type":"Feature","properties":{"nombre":null},"geometry":{"type":"LineString","coordinates":[[-57.541449,-25.24839],[-57.541471,-25.248435]]}},{"type":"Feature","properties":{"nombre":null},"geometry":{"type":"LineString","coordinates":[[-57.532918,-25.244111],[-57.532846,-25.244015],[-57.532802,-25.244007],[-57.53275,-25.244039]]}},{"type":"Feature","properties":{"nombre":null},"geometry":{"type":"LineString","coordinates":[[-57.53217,-25.242837],[-57.532056,-25.242769],[-57.532003,-25.242702],[-57.531863,-25.242663],[-57.531442,-25.242797],[-57.531374,-25.242837]]}},{"type":"Feature","properties":{"nombre":null},"geometry":{"type":"LineString","coordinates":[[-57.528322,-25.24395],[-57.52794,-25.243399],[-57.528009,-25.243361]]}},{"type":"Feature","properties":{"nombre":null},"geometry":{"type":"LineString","coordinates":[[-57.530417,-25.239998],[-57.530211,-25.239889]]}},{"type":"Feature","properties":{"nombre":null},"geometry":{"type":"LineString","coordinates":[[-57.527807,-25.241674],[-57.527874,-25.241634]]}},{"type":"Feature","properties":{"nombre":null},"geometry":{"type":"LineString","coordinates":[[-57.527447,-25.244444],[-57.52732,-25.244514]]}},{"type":"Feature","properties":{"nombre":null},"geometry":{"type":"LineString","coordinates":[[-57.542783,-25.254373],[-57.542356,-25.254545]]}},{"type":"Feature","properties":{"nombre":null},"geometry":{"type":"LineString","coordinates":[[-57.542237,-25.254295],[-57.542466,-25.254206]]}},{"type":"Feature","properties":{"nombre":null},"geometry":{"type":"LineString","coordinates":[[-57.541837,-25.253711],[-57.541696,-25.253774]]}},{"type":"Feature","properties":{"nombre":null},"geometry":{"type":"LineString","coordinates":[[-57.549426,-25.250007],[-57.549427,-25.250039],[-57.549362,-25.250048]]}},{"type":"Feature","properties":{"nombre":null},"geometry":{"type":"LineString","coordinates":[[-57.55,-25.256794],[-57.549552,-25.256871],[-57.549293,-25.256939],[-57.549291,-25.256921],[-57.549542,-25.256852],[-57.55,-25.256774]]}},{"type":"Feature","properties":{"nombre":null},"geometry":{"type":"LineString","coordinates":[[-57.55,-25.256986],[-57.54941,-25.257086]]}},{"type":"Feature","properties":{"nombre":null},"geometry":{"type":"LineString","coordinates":[[-57.549508,-25.256505],[-57.549539,-25.25656],[-57.549543,-25.256619],[-57.549499,-25.256504]]}},{"type":"Feature","properties":{"nombre":null},"geometry":{"type":"LineString","coordinates":[[-57.546465,-25.266667],[-57.545821,-25.266555]]}},{"type":"Feature","properties":{"nombre":null},"geometry":{"type":"LineString","coordinates":[[-57.548381,-25.264471],[-57.548262,-25.26338]]}},{"type":"Feature","properties":{"nombre":null},"geometry":{"type":"LineString","coordinates":[[-57.548048,-25.261985],[-57.548058,-25.262017],[-57.548624,-25.262113]]}},{"type":"Feature","properties":{"nombre":null},"geometry":{"type":"LineString","coordinates":[[-57.638373,-25.366304],[-57.638325,-25.366271],[-57.638342,-25.36625],[-57.63839,-25.366283],[-57.638373,-25.366304]]}},{"type":"Feature","properties":{"nombre":null},"geometry":{"type":"LineString","coordinates":[[-57.546429,-25.263034],[-57.546228,-25.262301],[-57.546116,-25.262214],[-57.54601,-25.262211],[-57.545854,-25.262171],[-57.545586,-25.262167],[-57.545382,-25.261853]]}},{"type":"Feature","properties":{"nombre":null},"geometry":{"type":"LineString","coordinates":[[-57.544875,-25.263282],[-57.544854,-25.263243],[-57.544769,-25.263281],[-57.544735,-25.263268],[-57.544731,-25.263237],[-57.544656,-25.263216],[-57.544568,-25.263113],[-57.544516,-25.262955],[-57.54447,-25.262602],[-57.544362,-25.262163],[-57.544377,-25.261977],[-57.544322,-25.261882],[-57.544296,-25.261771]]}},{"type":"Feature","properties":{"nombre":null},"geometry":{"type":"LineString","coordinates":[[-57.542618,-25.265944],[-57.542393,-25.265356],[-57.542334,-25.26524],[-57.542289,-25.265224]]}},{"type":"Feature","properties":{"nombre":null},"geometry":{"type":"LineString","coordinates":[[-57.546093,-25.270078],[-57.545888,-25.270114],[-57.545592,-25.270113],[-57.544907,-25.269821]]}},{"type":"Feature","properties":{"nombre":null},"geometry":{"type":"LineString","coordinates":[[-57.546508,-25.271179],[-57.546232,-25.271072],[-57.546202,-25.271054],[-57.546424,-25.271127],[-57.546508,-25.271179]]}},{"type":"Feature","properties":{"nombre":null},"geometry":{"type":"LineString","coordinates":[[-57.545831,-25.271324],[-57.54567,-25.271316]]}},{"type":"Feature","properties":{"nombre":null},"geometry":{"type":"LineString","coordinates":[[-57.543812,-25.294682],[-57.543701,-25.294444]]}},{"type":"Feature","properties":{"nombre":null},"geometry":{"type":"LineString","coordinates":[[-57.544296,-25.267899],[-57.544338,-25.268001],[-57.544357,-25.268153],[-57.544249,-25.268305],[-57.544218,-25.268393]]}},{"type":"Feature","properties":{"nombre":null},"geometry":{"type":"LineString","coordinates":[[-57.545152,-25.268089],[-57.54508,-25.267986]]}},{"type":"Feature","properties":{"nombre":null},"geometry":{"type":"LineString","coordinates":[[-57.54519,-25.268072],[-57.54608,-25.269302]]}},{"type":"Feature","properties":{"nombre":null},"geometry":{"type":"LineString","coordinates":[[-57.545766,-25.271489],[-57.545395,-25.271391],[-57.545372,-25.271365],[-57.54537,-25.271286]]}},{"type":"Feature","properties":{"nombre":null},"geometry":{"type":"LineString","coordinates":[[-57.546169,-25.268939],[-57.546133,-25.268937],[-57.546055,-25.269267]]}},{"type":"Feature","properties":{"nombre":null},"geometry":{"type":"LineString","coordinates":[[-57.546099,-25.271359],[-57.545917,-25.272154],[-57.545943,-25.272151],[-57.545949,-25.272113]]}},{"type":"Feature","properties":{"nombre":null},"geometry":{"type":"LineString","coordinates":[[-57.546576,-25.266857],[-57.546264,-25.268342]]}},{"type":"Feature","properties":{"nombre":null},"geometry":{"type":"LineString","coordinates":[[-57.547916,-25.272222],[-57.547706,-25.271981],[-57.547622,-25.271922],[-57.547471,-25.271685]]}},{"type":"Feature","properties":{"nombre":null},"geometry":{"type":"LineString","coordinates":[[-57.547462,-25.274746],[-57.546468,-25.274483],[-57.546674,-25.273563]]}},{"type":"Feature","properties":{"nombre":null},"geometry":{"type":"LineString","coordinates":[[-57.548401,-25.276302],[-57.54836,-25.276292],[-57.548355,-25.276311],[-57.548396,-25.276321],[-57.548401,-25.276302]]}},{"type":"Feature","properties":{"nombre":null},"geometry":{"type":"LineString","coordinates":[[-57.548032,-25.276204],[-57.547969,-25.276188],[-57.547964,-25.276204],[-57.548027,-25.27622],[-57.548032,-25.276204]]}},{"type":"Feature","properties":{"nombre":null},"geometry":{"type":"LineString","coordinates":[[-57.547969,-25.276188],[-57.547848,-25.27615],[-57.547844,-25.276165],[-57.547964,-25.276204],[-57.547969,-25.276188]]}},{"type":"Feature","properties":{"nombre":null},"geometry":{"type":"LineString","coordinates":[[-57.548927,-25.273603],[-57.548822,-25.273494]]}},{"type":"Feature","properties":{"nombre":null},"geometry":{"type":"LineString","coordinates":[[-57.54316,-25.281316],[-57.54309,-25.281324]]}},{"type":"Feature","properties":{"nombre":"ARROYO YTAY"},"geometry":{"type":"LineString","coordinates":[[-57.542853,-25.277778],[-57.542898,-25.277909],[-57.542898,-25.278227],[-57.542937,-25.278302],[-57.543165,-25.278574],[-57.543462,-25.2787],[-57.543742,-25.278717],[-57.543928,-25.278682],[-57.544831,-25.278482],[-57.54519,-25.278374],[-57.545313,-25.278365],[-57.545485,-25.278292],[-57.545657,-25.278254],[-57.545912,-25.278254],[-57.546116,-25.278375],[-57.546185,-25.278546],[-57.546269,-25.278663],[-57.546322,-25.278859],[-57.54633,-25.279102],[-57.546378,-25.27927],[-57.546426,-25.279361],[-57.546463,-25.279381],[-57.546469,-25.279441],[-57.546566,-25.279656],[-57.546605,-25.279835],[-57.546654,-25.279891],[-57.546645,-25.279986],[-57.546606,-25.280029],[-57.546656,-25.280415],[-57.546719,-25.2806],[-57.546744,-25.280617],[-57.546912,-25.281139],[-57.546989,-25.281599],[-57.54702,-25.281628],[-57.547064,-25.281755],[-57.547064,-25.281817],[-57.547169,-25.28215],[-57.547253,-25.282548],[-57.547392,-25.282989],[-57.547481,-25.283145],[-57.54753,-25.283333]]}},{"type":"Feature","properties":{"nombre":null},"geometry":{"type":"LineString","coordinates":[[-57.549016,-25.28886],[-57.548988,-25.28878]]}},{"type":"Feature","properties":{"nombre":null},"geometry":{"type":"LineString","coordinates":[[-57.543011,-25.286402],[-57.542877,-25.28591],[-57.543102,-25.285857]]}},{"type":"Feature","properties":{"nombre":null},"geometry":{"type":"LineString","coordinates":[[-57.542472,-25.292498],[-57.542416,-25.292446],[-57.542235,-25.292169],[-57.541938,-25.291965],[-57.541861,-25.291805]]}},{"type":"Feature","properties":{"nombre":null},"geometry":{"type":"LineString","coordinates":[[-57.544278,-25.292802],[-57.544055,-25.292702],[-57.543874,-25.292673],[-57.543661,-25.292565],[-57.543368,-25.292572],[-57.543307,-25.29254],[-57.543233,-25.292464],[-57.543211,-25.292365],[-57.543123,-25.29219],[-57.54307,-25.292142],[-57.542996,-25.292125],[-57.542968,-25.29208],[-57.542782,-25.291936],[-57.542751,-25.291799],[-57.5426,-25.291459],[-57.542489,-25.29146],[-57.542363,-25.291555],[-57.542322,-25.29155],[-57.542265,-25.291492]]}},{"type":"Feature","properties":{"nombre":null},"geometry":{"type":"LineString","coordinates":[[-57.542259,-25.291484],[-57.542164,-25.291403]]}},{"type":"Feature","properties":{"nombre":null},"geometry":{"type":"LineString","coordinates":[[-57.5446,-25.293101],[-57.544548,-25.293018],[-57.544556,-25.292894]]}},{"type":"Feature","properties":{"nombre":null},"geometry":{"type":"LineString","coordinates":[[-57.545109,-25.294444],[-57.545084,-25.294444]]}},{"type":"Feature","properties":{"nombre":null},"geometry":{"type":"LineString","coordinates":[[-57.543968,-25.295021],[-57.543824,-25.294726],[-57.543743,-25.294701]]}},{"type":"Feature","properties":{"nombre":null},"geometry":{"type":"LineString","coordinates":[[-57.638152,-25.366569],[-57.638284,-25.36645],[-57.638331,-25.366493],[-57.638199,-25.366612],[-57.638152,-25.366569]]}},{"type":"Feature","properties":{"nombre":null},"geometry":{"type":"LineString","coordinates":[[-57.540777,-25.253242],[-57.541099,-25.253119],[-57.541368,-25.253567],[-57.541612,-25.253511]]}},{"type":"Feature","properties":{"nombre":null},"geometry":{"type":"LineString","coordinates":[[-57.535776,-25.25372],[-57.535428,-25.253832],[-57.53533,-25.25384],[-57.535222,-25.253908],[-57.534001,-25.25426]]}},{"type":"Feature","properties":{"nombre":null},"geometry":{"type":"LineString","coordinates":[[-57.537303,-25.253909],[-57.537395,-25.254226],[-57.537648,-25.254747]]}},{"type":"Feature","properties":{"nombre":null},"geometry":{"type":"LineString","coordinates":[[-57.536301,-25.254539],[-57.53573,-25.254765]]}},{"type":"Feature","properties":{"nombre":null},"geometry":{"type":"LineString","coordinates":[[-57.536313,-25.254859],[-57.535663,-25.254866],[-57.535612,-25.254857],[-57.53557,-25.254817],[-57.535114,-25.2549],[-57.534904,-25.254908],[-57.534716,-25.254886],[-57.534272,-25.254917]]}},{"type":"Feature","properties":{"nombre":null},"geometry":{"type":"LineString","coordinates":[[-57.53829,-25.255556],[-57.538248,-25.256245],[-57.538205,-25.256548],[-57.538207,-25.256744]]}},{"type":"Feature","properties":{"nombre":null},"geometry":{"type":"LineString","coordinates":[[-57.53928,-25.256548],[-57.538393,-25.256496]]}},{"type":"Feature","properties":{"nombre":null},"geometry":{"type":"LineString","coordinates":[[-57.540205,-25.255556],[-57.54012,-25.256606]]}},{"type":"Feature","properties":{"nombre":null},"geometry":{"type":"LineString","coordinates":[[-57.537665,-25.258724],[-57.537015,-25.258839]]}},{"type":"Feature","properties":{"nombre":null},"geometry":{"type":"LineString","coordinates":[[-57.537015,-25.258839],[-57.536685,-25.258886],[-57.536258,-25.258906]]}},{"type":"Feature","properties":{"nombre":null},"geometry":{"type":"LineString","coordinates":[[-57.541461,-25.258518],[-57.541273,-25.258589],[-57.540889,-25.258642],[-57.54032,-25.258762],[-57.539249,-25.258906],[-57.538745,-25.259004],[-57.538308,-25.259003],[-57.537988,-25.259053],[-57.537894,-25.259094],[-57.537777,-25.259102],[-57.537716,-25.259127]]}},{"type":"Feature","properties":{"nombre":null},"geometry":{"type":"LineString","coordinates":[[-57.586829,-25.339014],[-57.586911,-25.338963],[-57.58722,-25.339152],[-57.587267,-25.339092]]}},{"type":"Feature","properties":{"nombre":null},"geometry":{"type":"LineString","coordinates":[[-57.570333,-25.326938],[-57.570635,-25.326637]]}},{"type":"Feature","properties":{"nombre":null},"geometry":{"type":"LineString","coordinates":[[-57.571965,-25.32836],[-57.571578,-25.328399]]}},{"type":"Feature","properties":{"nombre":null},"geometry":{"type":"LineString","coordinates":[[-57.564766,-25.319712],[-57.564691,-25.319646],[-57.564477,-25.319546],[-57.564172,-25.319282]]}},{"type":"Feature","properties":{"nombre":null},"geometry":{"type":"LineString","coordinates":[[-57.566646,-25.321685],[-57.566663,-25.321648],[-57.566581,-25.321569],[-57.566614,-25.321539]]}},{"type":"Feature","properties":{"nombre":null},"geometry":{"type":"LineString","coordinates":[[-57.566577,-25.32164],[-57.566605,-25.321601]]}},{"type":"Feature","properties":{"nombre":null},"geometry":{"type":"LineString","coordinates":[[-57.566072,-25.320978],[-57.566201,-25.320849],[-57.566218,-25.3208]]}},{"type":"Feature","properties":{"nombre":null},"geometry":{"type":"LineString","coordinates":[[-57.561897,-25.319136],[-57.561898,-25.319117],[-57.561771,-25.31905],[-57.56172,-25.318831]]}},{"type":"Feature","properties":{"nombre":null},"geometry":{"type":"LineString","coordinates":[[-57.667767,-25.285951],[-57.667732,-25.285901],[-57.667734,-25.2858],[-57.667634,-25.285636],[-57.66757,-25.28543],[-57.667418,-25.28517]]}},{"type":"Feature","properties":{"nombre":"ARROYO YTAY"},"geometry":{"type":"LineString","coordinates":[[-57.55367,-25.309356],[-57.553673,-25.309263],[-57.55363,-25.309154],[-57.553617,-25.309009],[-57.553553,-25.308946],[-57.553594,-25.308859],[-57.553589,-25.308808],[-57.553528,-25.308618],[-57.553522,-25.308431],[-57.553384,-25.307709]]}},{"type":"Feature","properties":{"nombre":"ARROYO YTAY"},"geometry":{"type":"LineString","coordinates":[[-57.553632,-25.309346],[-57.553603,-25.309308],[-57.55359,-25.309159],[-57.553467,-25.308704],[-57.553471,-25.308422],[-57.553328,-25.307717]]}},{"type":"Feature","properties":{"nombre":null},"geometry":{"type":"LineString","coordinates":[[-57.553328,-25.307717],[-57.553234,-25.307181]]}},{"type":"Feature","properties":{"nombre":null},"geometry":{"type":"LineString","coordinates":[[-57.55503,-25.309848],[-57.555098,-25.309905]]}},{"type":"Feature","properties":{"nombre":null},"geometry":{"type":"LineString","coordinates":[[-57.556773,-25.314841],[-57.556725,-25.314879]]}},{"type":"Feature","properties":{"nombre":null},"geometry":{"type":"LineString","coordinates":[[-57.558288,-25.314223],[-57.557567,-25.314476]]}},{"type":"Feature","properties":{"nombre":null},"geometry":{"type":"LineString","coordinates":[[-57.557405,-25.311643],[-57.556157,-25.312169]]}},{"type":"Feature","properties":{"nombre":null},"geometry":{"type":"LineString","coordinates":[[-57.545084,-25.294444],[-57.545091,-25.294411],[-57.545116,-25.294419],[-57.545109,-25.294444]]}},{"type":"Feature","properties":{"nombre":null},"geometry":{"type":"LineString","coordinates":[[-57.549205,-25.289797],[-57.549124,-25.289489],[-57.549122,-25.289357],[-57.549079,-25.289292],[-57.549114,-25.289194],[-57.549044,-25.288945]]}},{"type":"Feature","properties":{"nombre":null},"geometry":{"type":"LineString","coordinates":[[-57.542259,-25.291484],[-57.542164,-25.291403]]}},{"type":"Feature","properties":{"nombre":null},"geometry":{"type":"LineString","coordinates":[[-57.5453,-25.293181],[-57.545364,-25.293022],[-57.545342,-25.292935],[-57.545286,-25.292889],[-57.545135,-25.292852],[-57.545,-25.29288],[-57.544883,-25.292933],[-57.544769,-25.292945],[-57.544644,-25.292912],[-57.544568,-25.292837]]}},{"type":"Feature","properties":{"nombre":null},"geometry":{"type":"LineString","coordinates":[[-57.543701,-25.294444],[-57.543663,-25.294366],[-57.543655,-25.294279],[-57.543718,-25.294115]]}},{"type":"Feature","properties":{"nombre":"ARROYO YTAY"},"geometry":{"type":"LineString","coordinates":[[-57.55,-25.292143],[-57.54982,-25.291922],[-57.54982,-25.291272],[-57.549774,-25.291212],[-57.549626,-25.291164],[-57.549535,-25.290785],[-57.549537,-25.290664],[-57.549448,-25.290515],[-57.549403,-25.290389],[-57.549415,-25.290239],[-57.549283,-25.29002],[-57.549205,-25.289797]]}},{"type":"Feature","properties":{"nombre":null},"geometry":{"type":"LineString","coordinates":[[-57.53331,-25.248153],[-57.533333,-25.248172]]}},{"type":"Feature","properties":{"nombre":null},"geometry":{"type":"LineString","coordinates":[[-57.667318,-25.285966],[-57.66712,-25.285965],[-57.666667,-25.285904]]}},{"type":"Feature","properties":{"nombre":null},"geometry":{"type":"LineString","coordinates":[[-57.549734,-25.274516],[-57.549493,-25.274209],[-57.548916,-25.273612]]}},{"type":"Feature","properties":{"nombre":null},"geometry":{"type":"LineString","coordinates":[[-57.544348,-25.273831],[-57.544356,-25.273521],[-57.543444,-25.273341],[-57.543288,-25.273641],[-57.5433,-25.27394]]}},{"type":"Feature","properties":{"nombre":null},"geometry":{"type":"LineString","coordinates":[[-57.549446,-25.273095],[-57.549186,-25.273266]]}},{"type":"Feature","properties":{"nombre":null},"geometry":{"type":"LineString","coordinates":[[-57.545684,-25.273309],[-57.54564,-25.27352],[-57.545591,-25.273534],[-57.54564,-25.273317],[-57.545684,-25.273309]]}},{"type":"Feature","properties":{"nombre":null},"geometry":{"type":"LineString","coordinates":[[-57.545323,-25.274638],[-57.545374,-25.274624],[-57.545394,-25.27459],[-57.545446,-25.274329]]}},{"type":"Feature","properties":{"nombre":null},"geometry":{"type":"LineString","coordinates":[[-57.549743,-25.274508],[-57.5495,-25.274203],[-57.549337,-25.27404]]}},{"type":"Feature","properties":{"nombre":null},"geometry":{"type":"LineString","coordinates":[[-57.548814,-25.273501],[-57.548769,-25.273453]]}},{"type":"Feature","properties":{"nombre":null},"geometry":{"type":"LineString","coordinates":[[-57.548442,-25.276086],[-57.548474,-25.276094]]}},{"type":"Feature","properties":{"nombre":null},"geometry":{"type":"LineString","coordinates":[[-57.54761,-25.27586],[-57.547579,-25.275851]]}},{"type":"Feature","properties":{"nombre":null},"geometry":{"type":"LineString","coordinates":[[-57.547471,-25.276048],[-57.547459,-25.276045],[-57.547457,-25.276054],[-57.547469,-25.276057],[-57.547471,-25.276048]]}},{"type":"Feature","properties":{"nombre":null},"geometry":{"type":"LineString","coordinates":[[-57.54733,-25.275792],[-57.547376,-25.275805]]}},{"type":"Feature","properties":{"nombre":null},"geometry":{"type":"LineString","coordinates":[[-57.547332,-25.275784],[-57.547378,-25.275796]]}},{"type":"Feature","properties":{"nombre":null},"geometry":{"type":"LineString","coordinates":[[-57.547702,-25.275889],[-57.547675,-25.275881]]}},{"type":"Feature","properties":{"nombre":null},"geometry":{"type":"LineString","coordinates":[[-57.544683,-25.275363],[-57.544577,-25.275324],[-57.544569,-25.27527]]}},{"type":"Feature","properties":{"nombre":null},"geometry":{"type":"LineString","coordinates":[[-57.544672,-25.274914],[-57.544673,-25.274889]]}},{"type":"Feature","properties":{"nombre":null},"geometry":{"type":"LineString","coordinates":[[-57.547278,-25.276089],[-57.547305,-25.27622]]}},{"type":"Feature","properties":{"nombre":null},"geometry":{"type":"LineString","coordinates":[[-57.549092,-25.276502],[-57.549057,-25.276491]]}},{"type":"Feature","properties":{"nombre":null},"geometry":{"type":"LineString","coordinates":[[-57.544379,-25.284605],[-57.545516,-25.284376],[-57.545542,-25.284415],[-57.545655,-25.284418],[-57.546349,-25.284226],[-57.546719,-25.284151]]}},{"type":"Feature","properties":{"nombre":null},"geometry":{"type":"LineString","coordinates":[[-57.549044,-25.288854],[-57.549035,-25.288822]]}},{"type":"Feature","properties":{"nombre":null},"geometry":{"type":"LineString","coordinates":[[-57.542785,-25.284942],[-57.542311,-25.284988],[-57.542247,-25.28497]]}},{"type":"Feature","properties":{"nombre":null},"geometry":{"type":"LineString","coordinates":[[-57.548795,-25.28392],[-57.548585,-25.283959]]}},{"type":"Feature","properties":{"nombre":null},"geometry":{"type":"LineString","coordinates":[[-57.54338,-25.294444],[-57.543383,-25.294438]]}},{"type":"Feature","properties":{"nombre":null},"geometry":{"type":"LineString","coordinates":[[-57.549083,-25.289094],[-57.549044,-25.288945]]}},{"type":"Feature","properties":{"nombre":null},"geometry":{"type":"LineString","coordinates":[[-57.546041,-25.292651],[-57.546033,-25.29271],[-57.545932,-25.292721]]}},{"type":"Feature","properties":{"nombre":null},"geometry":{"type":"LineString","coordinates":[[-57.5446,-25.293101],[-57.544548,-25.293018],[-57.544556,-25.292894]]}},{"type":"Feature","properties":{"nombre":null},"geometry":{"type":"LineString","coordinates":[[-57.547442,-25.290284],[-57.547543,-25.290214],[-57.547533,-25.290114]]}},{"type":"Feature","properties":{"nombre":"ARROYO YTAY"},"geometry":{"type":"LineString","coordinates":[[-57.538845,-25.261888],[-57.538794,-25.261871],[-57.538698,-25.261922]]}},{"type":"Feature","properties":{"nombre":"ARROYO MBURICAO"},"geometry":{"type":"LineString","coordinates":[[-57.591941,-25.289481],[-57.591894,-25.289391]]}},{"type":"Feature","properties":{"nombre":"ARROYO MBURICAO"},"geometry":{"type":"LineString","coordinates":[[-57.591972,-25.289907],[-57.591983,-25.289643],[-57.591957,-25.289494],[-57.591848,-25.289477],[-57.591667,-25.28955]]}},{"type":"Feature","properties":{"nombre":"ARROYO MBURICAO"},"geometry":{"type":"LineString","coordinates":[[-57.591952,-25.289906],[-57.591929,-25.290144],[-57.59213,-25.290277],[-57.592351,-25.29034],[-57.592391,-25.290405],[-57.592513,-25.290492]]}},{"type":"Feature","properties":{"nombre":"ARROYO MBURICAO"},"geometry":{"type":"LineString","coordinates":[[-57.592513,-25.290492],[-57.592706,-25.290567],[-57.592728,-25.290517]]}},{"type":"Feature","properties":{"nombre":null},"geometry":{"type":"LineString","coordinates":[[-57.670341,-25.292539],[-57.670325,-25.292429],[-57.67026,-25.292321],[-57.670278,-25.29225],[-57.670232,-25.292167],[-57.670305,-25.291923]]}},{"type":"Feature","properties":{"nombre":null},"geometry":{"type":"LineString","coordinates":[[-57.669827,-25.294161],[-57.669958,-25.294173],[-57.670047,-25.294039],[-57.670112,-25.293982],[-57.670266,-25.293933],[-57.670267,-25.29391],[-57.670152,-25.293861],[-57.670156,-25.29375],[-57.670113,-25.29366],[-57.670191,-25.293516],[-57.670191,-25.293382],[-57.670154,-25.293362],[-57.670232,-25.293273]]}},{"type":"Feature","properties":{"nombre":null},"geometry":{"type":"LineString","coordinates":[[-57.669937,-25.295978],[-57.669957,-25.295891]]}},{"type":"Feature","properties":{"nombre":null},"geometry":{"type":"LineString","coordinates":[[-57.66883,-25.297878],[-57.66889,-25.297875],[-57.668941,-25.297827],[-57.669008,-25.297826],[-57.669129,-25.297876],[-57.669179,-25.297875]]}},{"type":"Feature","properties":{"nombre":null},"geometry":{"type":"LineString","coordinates":[[-57.660376,-25.277778],[-57.660432,-25.277949],[-57.660558,-25.277991],[-57.660636,-25.278078],[-57.66081,-25.278104],[-57.660908,-25.278154],[-57.661011,-25.278236],[-57.661002,-25.278265],[-57.661091,-25.278263],[-57.661253,-25.278339],[-57.661365,-25.278417],[-57.661522,-25.278583],[-57.661615,-25.278623],[-57.661734,-25.278915],[-57.661836,-25.278924],[-57.662044,-25.279033],[-57.662219,-25.279335],[-57.662322,-25.279463],[-57.662506,-25.279633],[-57.662647,-25.279738],[-57.662703,-25.279723],[-57.66274,-25.279678],[-57.662772,-25.27968],[-57.662828,-25.279732],[-57.662855,-25.279787],[-57.66286,-25.279881],[-57.662803,-25.279958],[-57.662827,-25.279977],[-57.6629,-25.27999],[-57.663009,-25.280089],[-57.66313,-25.280147],[-57.663263,-25.280159],[-57.663287,-25.280177],[-57.663267,-25.280226],[-57.663397,-25.280262],[-57.66344,-25.280337],[-57.663614,-25.280398],[-57.663693,-25.280461],[-57.663872,-25.280516],[-57.663916,-25.280564],[-57.663927,-25.280623],[-57.663984,-25.280661],[-57.66398,-25.280688],[-57.664011,-25.280682],[-57.664141,-25.280734],[-57.66431,-25.280939],[-57.664422,-25.281003],[-57.664439,-25.28107],[-57.66472,-25.281299],[-57.664855,-25.281337],[-57.665066,-25.281495],[-57.665164,-25.2815],[-57.665219,-25.281545],[-57.665313,-25.281523],[-57.665415,-25.281541],[-57.665503,-25.281645],[-57.665527,-25.28177],[-57.665566,-25.281823],[-57.665599,-25.281835],[-57.665738,-25.281811],[-57.665951,-25.281896],[-57.665999,-25.28196],[-57.665838,-25.282054],[-57.665817,-25.282121],[-57.665838,-25.282182],[-57.666259,-25.282729],[-57.666335,-25.282863],[-57.666372,-25.283001],[-57.666473,-25.283138],[-57.666523,-25.283249],[-57.666621,-25.283333]]}},{"type":"Feature","properties":{"nombre":null},"geometry":{"type":"LineString","coordinates":[[-57.664912,-25.286051],[-57.665257,-25.286086],[-57.665377,-25.286128],[-57.665492,-25.286113]]}},{"type":"Feature","properties":{"nombre":null},"geometry":{"type":"LineString","coordinates":[[-57.658333,-25.277053],[-57.657981,-25.277002]]}},{"type":"Feature","properties":{"nombre":null},"geometry":{"type":"LineString","coordinates":[[-57.656032,-25.282571],[-57.656055,-25.282266]]}},{"type":"Feature","properties":{"nombre":null},"geometry":{"type":"LineString","coordinates":[[-57.656409,-25.281733],[-57.65645,-25.281488]]}},{"type":"Feature","properties":{"nombre":"ARROYO MBURICAO SUR"},"geometry":{"type":"LineString","coordinates":[[-57.656137,-25.298185],[-57.656355,-25.298039],[-57.656433,-25.298027],[-57.656509,-25.298058],[-57.65663,-25.298185],[-57.656714,-25.298229],[-57.656966,-25.298275],[-57.657022,-25.298253],[-57.657177,-25.29811]]}},{"type":"Feature","properties":{"nombre":null},"geometry":{"type":"LineString","coordinates":[[-57.66969,-25.3181],[-57.669693,-25.318231],[-57.669626,-25.318354],[-57.669504,-25.318484],[-57.669397,-25.318671],[-57.66924,-25.318867],[-57.668972,-25.319131],[-57.668868,-25.319333],[-57.668774,-25.319422],[-57.668517,-25.319579],[-57.668408,-25.31955],[-57.668371,-25.319488],[-57.668305,-25.319441],[-57.668296,-25.319369],[-57.668368,-25.319295],[-57.668377,-25.31924],[-57.668251,-25.318997],[-57.668254,-25.318775],[-57.668188,-25.318712],[-57.668085,-25.31897],[-57.66814,-25.319036],[-57.668133,-25.319091],[-57.667918,-25.319243],[-57.667727,-25.319338],[-57.667596,-25.319453],[-57.667486,-25.31963],[-57.667415,-25.319702]]}},{"type":"Feature","properties":{"nombre":"ARROYO MBURICAO SUR"},"geometry":{"type":"LineString","coordinates":[[-57.664263,-25.3],[-57.664322,-25.300071],[-57.664391,-25.300109],[-57.664417,-25.30018],[-57.664655,-25.300304]]}},{"type":"Feature","properties":{"nombre":null},"geometry":{"type":"LineString","coordinates":[[-57.663298,-25.300224],[-57.663264,-25.30026],[-57.663296,-25.300287]]}},{"type":"Feature","properties":{"nombre":null},"geometry":{"type":"LineString","coordinates":[[-57.662988,-25.300301],[-57.663055,-25.300367],[-57.663047,-25.300403],[-57.663198,-25.300642]]}},{"type":"Feature","properties":{"nombre":null},"geometry":{"type":"LineString","coordinates":[[-57.663273,-25.312239],[-57.663151,-25.312537],[-57.663888,-25.312818]]}},{"type":"Feature","properties":{"nombre":null},"geometry":{"type":"LineString","coordinates":[[-57.662731,-25.322222],[-57.662729,-25.322263],[-57.662775,-25.322276],[-57.662993,-25.322293],[-57.663088,-25.322265],[-57.663155,-25.322341],[-57.663309,-25.322404],[-57.663444,-25.322335],[-57.663469,-25.322337],[-57.663484,-25.322396],[-57.663576,-25.322435],[-57.663711,-25.322394],[-57.663883,-25.322509],[-57.663915,-25.322564],[-57.664076,-25.322618],[-57.664311,-25.322484],[-57.664634,-25.322222]]}},{"type":"Feature","properties":{"nombre":null},"geometry":{"type":"LineString","coordinates":[[-57.65,-25.307279],[-57.650035,-25.307403],[-57.65009,-25.307468],[-57.650426,-25.307641],[-57.650568,-25.30774],[-57.650697,-25.307851],[-57.650868,-25.308071],[-57.650994,-25.308143],[-57.651077,-25.308118],[-57.651165,-25.308124],[-57.651209,-25.30816],[-57.651222,-25.30821],[-57.651296,-25.308256],[-57.651441,-25.30828],[-57.651501,-25.308372],[-57.651524,-25.308505],[-57.651648,-25.308576],[-57.651727,-25.308581],[-57.651726,-25.308554],[-57.651813,-25.308491]]}},{"type":"Feature","properties":{"nombre":null},"geometry":{"type":"LineString","coordinates":[[-57.651076,-25.311668],[-57.651149,-25.311756],[-57.651293,-25.311827],[-57.651391,-25.311971]]}},{"type":"Feature","properties":{"nombre":"ARROYO Z. MOROTI"},"geometry":{"type":"LineString","coordinates":[[-57.65,-25.318699],[-57.650096,-25.318675],[-57.650224,-25.318682],[-57.650537,-25.318757],[-57.650588,-25.318749],[-57.650602,-25.318729],[-57.650551,-25.318635],[-57.650565,-25.318584],[-57.650651,-25.318548],[-57.650824,-25.318572],[-57.650853,-25.318515],[-57.650849,-25.318392],[-57.650878,-25.318353]]}},{"type":"Feature","properties":{"nombre":null},"geometry":{"type":"LineString","coordinates":[[-57.65441,-25.327778],[-57.654449,-25.327757],[-57.654626,-25.327768],[-57.654784,-25.327607],[-57.654906,-25.327588],[-57.65494,-25.327552],[-57.654976,-25.327559],[-57.654995,-25.327602],[-57.654963,-25.327612],[-57.654945,-25.327669],[-57.654878,-25.32764],[-57.654891,-25.327743],[-57.654977,-25.327746],[-57.655039,-25.32769],[-57.655114,-25.327695],[-57.655174,-25.327618],[-57.655173,-25.327516],[-57.655028,-25.327502],[-57.655196,-25.327412],[-57.655235,-25.327295],[-57.655285,-25.327307],[-57.655299,-25.327363],[-57.65519,-25.327463],[-57.655265,-25.327549],[-57.655403,-25.327473],[-57.65549,-25.327503],[-57.655524,-25.327448],[-57.655624,-25.327406],[-57.655578,-25.327315],[-57.655612,-25.327267],[-57.655592,-25.327135],[-57.655674,-25.327014],[-57.655663,-25.326934],[-57.655594,-25.326907],[-57.655597,-25.326874],[-57.65564,-25.326832],[-57.655765,-25.326839],[-57.655776,-25.326879],[-57.655819,-25.326898],[-57.65597,-25.326769],[-57.656136,-25.32676],[-57.656158,-25.326722],[-57.656141,-25.326586],[-57.65617,-25.326573],[-57.656264,-25.326638],[-57.656381,-25.326672],[-57.656437,-25.32662],[-57.656479,-25.326639],[-57.656559,-25.326731],[-57.656567,-25.326678],[-57.656609,-25.326661],[-57.656662,-25.326524],[-57.656618,-25.32647],[-57.656821,-25.326463],[-57.656847,-25.326435],[-57.656839,-25.326375],[-57.656882,-25.326333],[-57.656916,-25.326231],[-57.656931,-25.326224],[-57.656989,-25.326306],[-57.657055,-25.326347],[-57.657114,-25.326354],[-57.657137,-25.326343],[-57.657138,-25.326276],[-57.657181,-25.326218],[-57.657262,-25.326139],[-57.657298,-25.32613],[-57.657337,-25.32621],[-57.657345,-25.326296],[-57.6574,-25.326304],[-57.657513,-25.326234],[-57.657558,-25.326257],[-57.657587,-25.326185],[-57.657713,-25.326109],[-57.657785,-25.326148],[-57.657911,-25.326146],[-57.657988,-25.326096],[-57.657949,-25.326052],[-57.657984,-25.326015],[-57.658047,-25.326023],[-57.658079,-25.326055],[-57.658209,-25.325987],[-57.658224,-25.325954],[-57.658194,-25.325916],[-57.658101,-25.325905],[-57.658018,-25.325861],[-57.658028,-25.325815],[-57.657988,-25.325774],[-57.657986,-25.325722],[-57.658094,-25.325716],[-57.658118,-25.325677],[-57.658147,-25.325677],[-57.658188,-25.325745],[-57.658273,-25.325767],[-57.658283,-25.325811],[-57.658333,-25.325809]]}},{"type":"Feature","properties":{"nombre":"ARROYO JARDIN"},"geometry":{"type":"LineString","coordinates":[[-57.646955,-25.276196],[-57.646815,-25.276209]]}},{"type":"Feature","properties":{"nombre":"ARROYO JAEN"},"geometry":{"type":"LineString","coordinates":[[-57.65,-25.275793],[-57.649791,-25.275763],[-57.649659,-25.275815],[-57.649482,-25.275777],[-57.649261,-25.275692],[-57.649041,-25.275678],[-57.64897,-25.275648],[-57.648837,-25.275528],[-57.648724,-25.275477],[-57.648495,-25.275499],[-57.648331,-25.275539],[-57.648119,-25.275529],[-57.647753,-25.275575],[-57.64758,-25.275543],[-57.647502,-25.27555],[-57.647426,-25.275596],[-57.647279,-25.275606],[-57.646753,-25.275729],[-57.644404,-25.276095],[-57.644131,-25.276153],[-57.643896,-25.276267],[-57.643855,-25.276202],[-57.644196,-25.276069],[-57.644749,-25.275964],[-57.645323,-25.275889],[-57.647458,-25.275531],[-57.647642,-25.275524],[-57.6481,-25.275452],[-57.648198,-25.27538],[-57.648346,-25.275363],[-57.648442,-25.275291],[-57.649404,-25.275126],[-57.649461,-25.27495],[-57.649414,-25.27479],[-57.649419,-25.274732],[-57.649607,-25.274603],[-57.649759,-25.274604],[-57.649855,-25.27457],[-57.649907,-25.274454],[-57.65,-25.274427]]}},{"type":"Feature","properties":{"nombre":null},"geometry":{"type":"LineString","coordinates":[[-57.640121,-25.266667],[-57.640231,-25.266765],[-57.640336,-25.266797],[-57.640528,-25.266962],[-57.64063,-25.266999],[-57.640961,-25.267241],[-57.64115,-25.267433],[-57.641357,-25.267503],[-57.641457,-25.2676],[-57.641667,-25.267732]]}},{"type":"Feature","properties":{"nombre":null},"geometry":{"type":"LineString","coordinates":[[-57.625,-25.256872],[-57.62507,-25.256924],[-57.625189,-25.257193],[-57.625364,-25.257268],[-57.625458,-25.25737],[-57.626307,-25.257685],[-57.62666,-25.257778],[-57.627422,-25.25831],[-57.627792,-25.258643],[-57.628112,-25.258744],[-57.628368,-25.258919],[-57.628662,-25.259081],[-57.628842,-25.259155],[-57.629313,-25.259429],[-57.629629,-25.259529],[-57.630013,-25.259865],[-57.630513,-25.260083],[-57.630715,-25.260231],[-57.631211,-25.260535],[-57.631664,-25.26073],[-57.631702,-25.260773],[-57.631701,-25.260833],[-57.631748,-25.260878],[-57.63206,-25.260994],[-57.632125,-25.261052],[-57.632252,-25.261111]]}},{"type":"Feature","properties":{"nombre":null},"geometry":{"type":"LineString","coordinates":[[-57.626708,-25.267656],[-57.62666,-25.267671],[-57.626627,-25.267641],[-57.626721,-25.267586],[-57.62673,-25.267622],[-57.626708,-25.267656]]}},{"type":"Feature","properties":{"nombre":"ARROYO GUAZU"},"geometry":{"type":"LineString","coordinates":[[-57.627783,-25.283333],[-57.627711,-25.28318],[-57.627677,-25.282894],[-57.627554,-25.282741],[-57.627466,-25.282701],[-57.626942,-25.282619],[-57.626862,-25.282542],[-57.626822,-25.282384],[-57.626757,-25.282273],[-57.626749,-25.282148],[-57.626687,-25.281977],[-57.626699,-25.281782],[-57.626627,-25.281654],[-57.626573,-25.281635],[-57.626286,-25.281648],[-57.626201,-25.281606],[-57.626201,-25.281032],[-57.626064,-25.280688],[-57.626217,-25.280305],[-57.62638,-25.28015],[-57.626555,-25.279847],[-57.626746,-25.279657],[-57.626859,-25.279456]]}},{"type":"Feature","properties":{"nombre":"ARROYO GUAZU"},"geometry":{"type":"LineString","coordinates":[[-57.628388,-25.284102],[-57.628311,-25.283954],[-57.628016,-25.283564],[-57.627865,-25.283483],[-57.627783,-25.283333]]}},{"type":"Feature","properties":{"nombre":null},"geometry":{"type":"LineString","coordinates":[[-57.625,-25.262072],[-57.624928,-25.262107],[-57.624949,-25.262199],[-57.624897,-25.26234],[-57.624898,-25.262555],[-57.624833,-25.262626],[-57.62482,-25.262684],[-57.624761,-25.262701],[-57.62475,-25.262785],[-57.624709,-25.262838],[-57.624712,-25.262892],[-57.624671,-25.26292],[-57.624644,-25.262993],[-57.624667,-25.263264],[-57.62463,-25.263321],[-57.624626,-25.263426],[-57.624588,-25.26349],[-57.62463,-25.263628],[-57.62458,-25.263728],[-57.62449,-25.263803],[-57.624504,-25.263888],[-57.624425,-25.263996],[-57.624389,-25.264157],[-57.624281,-25.264346],[-57.624269,-25.264418],[-57.624113,-25.264548],[-57.624073,-25.264713],[-57.62396,-25.264856],[-57.623971,-25.265047],[-57.623946,-25.265106],[-57.62396,-25.265145],[-57.624048,-25.265186],[-57.624104,-25.265274],[-57.624139,-25.265282],[-57.624218,-25.265254],[-57.624219,-25.265174],[-57.624378,-25.265175],[-57.624481,-25.265195],[-57.624706,-25.265303],[-57.624823,-25.265311],[-57.62489,-25.265296],[-57.625,-25.265181]]}},{"type":"Feature","properties":{"nombre":null},"geometry":{"type":"LineString","coordinates":[[-57.610602,-25.274037],[-57.610669,-25.273764]]}},{"type":"Feature","properties":{"nombre":null},"geometry":{"type":"LineString","coordinates":[[-57.640734,-25.343392],[-57.640793,-25.343391],[-57.641667,-25.343698]]}},{"type":"Feature","properties":{"nombre":"ARROYO LAS MERCEDES"},"geometry":{"type":"LineString","coordinates":[[-57.611014,-25.275104],[-57.611168,-25.275126],[-57.61128,-25.2752],[-57.611369,-25.275206],[-57.611541,-25.275097],[-57.611776,-25.274807],[-57.611972,-25.27468],[-57.612078,-25.274674],[-57.612552,-25.274771],[-57.612811,-25.274749],[-57.612966,-25.274702],[-57.613206,-25.274522],[-57.613524,-25.274422],[-57.614031,-25.274436],[-57.614276,-25.274391],[-57.614476,-25.274408],[-57.614637,-25.274596],[-57.6147,-25.274749]]}},{"type":"Feature","properties":{"nombre":null},"geometry":{"type":"LineString","coordinates":[[-57.614113,-25.278445],[-57.614051,-25.278274],[-57.614066,-25.278095],[-57.614012,-25.277904],[-57.614021,-25.277873],[-57.614104,-25.277819],[-57.614129,-25.277778]]}},{"type":"Feature","properties":{"nombre":null},"geometry":{"type":"LineString","coordinates":[[-57.609302,-25.281579],[-57.609301,-25.281531],[-57.609411,-25.281227],[-57.609421,-25.281114],[-57.609488,-25.281117],[-57.609472,-25.281272],[-57.609421,-25.281305],[-57.609345,-25.281571],[-57.609302,-25.281579]]}},{"type":"Feature","properties":{"nombre":null},"geometry":{"type":"LineString","coordinates":[[-57.608069,-25.266841],[-57.608173,-25.267053],[-57.608208,-25.26719],[-57.60832,-25.267318],[-57.608326,-25.267398],[-57.608291,-25.267516],[-57.608318,-25.267627]]}},{"type":"Feature","properties":{"nombre":null},"geometry":{"type":"LineString","coordinates":[[-57.602402,-25.294444],[-57.602282,-25.294371],[-57.602122,-25.29433],[-57.602022,-25.294367],[-57.601976,-25.294429]]}},{"type":"Feature","properties":{"nombre":null},"geometry":{"type":"LineString","coordinates":[[-57.605,-25.296316],[-57.605193,-25.296211],[-57.605314,-25.296077],[-57.605394,-25.295849],[-57.60539,-25.29573],[-57.605357,-25.29556],[-57.604918,-25.294444]]}},{"type":"Feature","properties":{"nombre":"ARROYO SALAMANCA"},"geometry":{"type":"LineString","coordinates":[[-57.65,-25.312784],[-57.649878,-25.312738],[-57.649771,-25.312643],[-57.649386,-25.312452],[-57.649027,-25.312167],[-57.64841,-25.311776],[-57.648179,-25.311531],[-57.64786,-25.311466],[-57.647495,-25.311353],[-57.647451,-25.311317],[-57.647455,-25.311263],[-57.64757,-25.311111]]}},{"type":"Feature","properties":{"nombre":null},"geometry":{"type":"LineString","coordinates":[[-57.642151,-25.318167],[-57.642112,-25.318158],[-57.641874,-25.318283]]}},{"type":"Feature","properties":{"nombre":null},"geometry":{"type":"LineString","coordinates":[[-57.642852,-25.321629],[-57.642612,-25.322222]]}},{"type":"Feature","properties":{"nombre":"ARROYO FERREIRA"},"geometry":{"type":"LineString","coordinates":[[-57.641667,-25.318973],[-57.641766,-25.319014],[-57.641885,-25.319029],[-57.642151,-25.319018],[-57.642506,-25.319141],[-57.642558,-25.319204]]}},{"type":"Feature","properties":{"nombre":null},"geometry":{"type":"LineString","coordinates":[[-57.642292,-25.322988],[-57.642384,-25.32271],[-57.6426,-25.322222]]}},{"type":"Feature","properties":{"nombre":null},"geometry":{"type":"LineString","coordinates":[[-57.643153,-25.324838],[-57.643866,-25.32509],[-57.644172,-25.325264],[-57.644309,-25.325377],[-57.644307,-25.325509],[-57.644493,-25.325733],[-57.644593,-25.32582],[-57.644748,-25.326041],[-57.644905,-25.326186],[-57.64518,-25.326339]]}},{"type":"Feature","properties":{"nombre":null},"geometry":{"type":"LineString","coordinates":[[-57.642013,-25.324007],[-57.641981,-25.32408]]}},{"type":"Feature","properties":{"nombre":null},"geometry":{"type":"LineString","coordinates":[[-57.643413,-25.32612],[-57.642977,-25.327498],[-57.642937,-25.327538],[-57.642792,-25.327557],[-57.642361,-25.32745],[-57.642795,-25.327537],[-57.64294,-25.327518],[-57.6434,-25.326091]]}},{"type":"Feature","properties":{"nombre":null},"geometry":{"type":"LineString","coordinates":[[-57.641914,-25.324186],[-57.641945,-25.32408]]}},{"type":"Feature","properties":{"nombre":null},"geometry":{"type":"LineString","coordinates":[[-57.643014,-25.327778],[-57.643038,-25.327687],[-57.642997,-25.327778]]}},{"type":"Feature","properties":{"nombre":null},"geometry":{"type":"LineString","coordinates":[[-57.645931,-25.322434],[-57.645647,-25.322769],[-57.645618,-25.322881],[-57.645597,-25.322896],[-57.645418,-25.322851],[-57.645374,-25.322873],[-57.645309,-25.322976],[-57.645216,-25.322968]]}},{"type":"Feature","properties":{"nombre":null},"geometry":{"type":"LineString","coordinates":[[-57.642708,-25.332873],[-57.64202,-25.332826]]}},{"type":"Feature","properties":{"nombre":null},"geometry":{"type":"LineString","coordinates":[[-57.644468,-25.328121],[-57.642995,-25.327915],[-57.643014,-25.327778]]}},{"type":"Feature","properties":{"nombre":null},"geometry":{"type":"LineString","coordinates":[[-57.644897,-25.333333],[-57.644452,-25.33303],[-57.644399,-25.33305],[-57.644238,-25.333193],[-57.644149,-25.333333]]}},{"type":"Feature","properties":{"nombre":null},"geometry":{"type":"LineString","coordinates":[[-57.642454,-25.331091],[-57.64233,-25.331186],[-57.64224,-25.331214],[-57.642189,-25.331335]]}},{"type":"Feature","properties":{"nombre":null},"geometry":{"type":"LineString","coordinates":[[-57.644149,-25.333333],[-57.643867,-25.333818]]}},{"type":"Feature","properties":{"nombre":null},"geometry":{"type":"LineString","coordinates":[[-57.643597,-25.344381],[-57.643747,-25.344358]]}},{"type":"Feature","properties":{"nombre":null},"geometry":{"type":"LineString","coordinates":[[-57.643012,-25.34357],[-57.641818,-25.34347],[-57.64182,-25.343462],[-57.643012,-25.34357]]}},{"type":"Feature","properties":{"nombre":null},"geometry":{"type":"LineString","coordinates":[[-57.64303,-25.345541],[-57.643046,-25.345748],[-57.643128,-25.34575]]}},{"type":"Feature","properties":{"nombre":"ARROYO SALAMANCA"},"geometry":{"type":"LineString","coordinates":[[-57.641667,-25.302543],[-57.641649,-25.302528]]}},{"type":"Feature","properties":{"nombre":"ARROYO Z. MOROTI"},"geometry":{"type":"LineString","coordinates":[[-57.639062,-25.313188],[-57.639007,-25.313153],[-57.638801,-25.312918],[-57.638556,-25.312522],[-57.638433,-25.3124],[-57.638227,-25.312113]]}},{"type":"Feature","properties":{"nombre":null},"geometry":{"type":"LineString","coordinates":[[-57.638407,-25.343027],[-57.638061,-25.342993],[-57.63806,-25.342982],[-57.638407,-25.343019],[-57.638407,-25.343027]]}},{"type":"Feature","properties":{"nombre":null},"geometry":{"type":"LineString","coordinates":[[-57.639059,-25.345516],[-57.639176,-25.345444],[-57.639336,-25.345408],[-57.639456,-25.345345],[-57.639528,-25.345239],[-57.639651,-25.345165],[-57.639704,-25.345172],[-57.639856,-25.345254],[-57.639998,-25.345252],[-57.640164,-25.345321],[-57.640378,-25.345267],[-57.640508,-25.345312],[-57.640563,-25.345311],[-57.640616,-25.345296],[-57.640715,-25.345217],[-57.640811,-25.345248],[-57.640905,-25.345213],[-57.640969,-25.345249]]}},{"type":"Feature","properties":{"nombre":"ARROYO FERREIRA"},"geometry":{"type":"LineString","coordinates":[[-57.634691,-25.314972],[-57.634779,-25.314966],[-57.634881,-25.314891],[-57.634991,-25.314847],[-57.635086,-25.314888],[-57.635378,-25.314842],[-57.635576,-25.314669],[-57.635696,-25.314694],[-57.635785,-25.314764],[-57.635887,-25.314804]]}},{"type":"Feature","properties":{"nombre":null},"geometry":{"type":"LineString","coordinates":[[-57.641295,-25.324165],[-57.641219,-25.324134]]}},{"type":"Feature","properties":{"nombre":null},"geometry":{"type":"LineString","coordinates":[[-57.635662,-25.324153],[-57.635643,-25.324171],[-57.635677,-25.324341],[-57.635702,-25.324373],[-57.636024,-25.324343]]}},{"type":"Feature","properties":{"nombre":null},"geometry":{"type":"LineString","coordinates":[[-57.635583,-25.323349],[-57.635523,-25.323528]]}},{"type":"Feature","properties":{"nombre":null},"geometry":{"type":"LineString","coordinates":[[-57.636123,-25.326185],[-57.636009,-25.326109],[-57.635909,-25.326004],[-57.635799,-25.325968],[-57.63576,-25.325795]]}},{"type":"Feature","properties":{"nombre":null},"geometry":{"type":"LineString","coordinates":[[-57.635526,-25.323639],[-57.63565,-25.324259],[-57.635693,-25.32438]]}},{"type":"Feature","properties":{"nombre":null},"geometry":{"type":"LineString","coordinates":[[-57.640388,-25.326131],[-57.639995,-25.326976],[-57.639801,-25.327488]]}},{"type":"Feature","properties":{"nombre":null},"geometry":{"type":"LineString","coordinates":[[-57.633333,-25.325675],[-57.633632,-25.325646]]}},{"type":"Feature","properties":{"nombre":null},"geometry":{"type":"LineString","coordinates":[[-57.640596,-25.32498],[-57.640815,-25.325048]]}},{"type":"Feature","properties":{"nombre":null},"geometry":{"type":"LineString","coordinates":[[-57.636089,-25.327778],[-57.636159,-25.327721],[-57.636173,-25.327677],[-57.636019,-25.327483]]}},{"type":"Feature","properties":{"nombre":null},"geometry":{"type":"LineString","coordinates":[[-57.633635,-25.328006],[-57.633804,-25.328178],[-57.633869,-25.328318],[-57.633963,-25.328406],[-57.63474,-25.328412],[-57.634805,-25.328433]]}},{"type":"Feature","properties":{"nombre":null},"geometry":{"type":"LineString","coordinates":[[-57.634828,-25.329806],[-57.634479,-25.329731],[-57.634455,-25.330031],[-57.634843,-25.330072]]}},{"type":"Feature","properties":{"nombre":null},"geometry":{"type":"LineString","coordinates":[[-57.634463,-25.32993],[-57.634814,-25.330004],[-57.634848,-25.329973],[-57.634851,-25.329922],[-57.634469,-25.32985]]}},{"type":"Feature","properties":{"nombre":null},"geometry":{"type":"LineString","coordinates":[[-57.639598,-25.327811],[-57.639768,-25.327814]]}},{"type":"Feature","properties":{"nombre":null},"geometry":{"type":"LineString","coordinates":[[-57.636791,-25.328307],[-57.636822,-25.328407],[-57.636972,-25.328498],[-57.637054,-25.328633],[-57.637037,-25.328859]]}},{"type":"Feature","properties":{"nombre":null},"geometry":{"type":"LineString","coordinates":[[-57.637278,-25.330084],[-57.637318,-25.330269],[-57.63738,-25.330335],[-57.637484,-25.330606]]}},{"type":"Feature","properties":{"nombre":null},"geometry":{"type":"LineString","coordinates":[[-57.637063,-25.328937],[-57.637037,-25.328859]]}},{"type":"Feature","properties":{"nombre":null},"geometry":{"type":"LineString","coordinates":[[-57.635693,-25.330669],[-57.635727,-25.330674]]}},{"type":"Feature","properties":{"nombre":null},"geometry":{"type":"LineString","coordinates":[[-57.641667,-25.337087],[-57.641618,-25.337118]]}},{"type":"Feature","properties":{"nombre":null},"geometry":{"type":"LineString","coordinates":[[-57.635725,-25.338045],[-57.635745,-25.338026],[-57.635614,-25.338006],[-57.635412,-25.338068],[-57.635433,-25.338088],[-57.635505,-25.338087],[-57.635725,-25.338045]]}},{"type":"Feature","properties":{"nombre":null},"geometry":{"type":"LineString","coordinates":[[-57.637353,-25.335883],[-57.637456,-25.336055],[-57.637598,-25.336208],[-57.637798,-25.336479],[-57.638038,-25.336705],[-57.638195,-25.336811]]}},{"type":"Feature","properties":{"nombre":"ARROYO FERREIRA"},"geometry":{"type":"LineString","coordinates":[[-57.626401,-25.31021],[-57.626535,-25.310239],[-57.626685,-25.310423],[-57.626772,-25.310476],[-57.626987,-25.310544],[-57.627278,-25.310542],[-57.627597,-25.310587],[-57.627721,-25.31062],[-57.627773,-25.310668],[-57.627786,-25.310728]]}},{"type":"Feature","properties":{"nombre":"ARROYO FERREIRA"},"geometry":{"type":"LineString","coordinates":[[-57.631951,-25.314162],[-57.632159,-25.314262],[-57.632452,-25.314293],[-57.632556,-25.314264],[-57.632671,-25.314089],[-57.63271,-25.313949],[-57.63271,-25.313804],[-57.632834,-25.313662],[-57.633027,-25.313661],[-57.633198,-25.313721],[-57.633333,-25.313829]]}},{"type":"Feature","properties":{"nombre":null},"geometry":{"type":"LineString","coordinates":[[-57.632616,-25.325789],[-57.630312,-25.325656],[-57.630212,-25.325673],[-57.630001,-25.325635],[-57.629311,-25.325623]]}},{"type":"Feature","properties":{"nombre":null},"geometry":{"type":"LineString","coordinates":[[-57.621224,-25.325597],[-57.621086,-25.32579],[-57.621072,-25.325863]]}},{"type":"Feature","properties":{"nombre":null},"geometry":{"type":"LineString","coordinates":[[-57.622314,-25.323471],[-57.622146,-25.323633],[-57.622198,-25.323702]]}},{"type":"Feature","properties":{"nombre":null},"geometry":{"type":"LineString","coordinates":[[-57.622276,-25.323658],[-57.621971,-25.323831]]}},{"type":"Feature","properties":{"nombre":null},"geometry":{"type":"LineString","coordinates":[[-57.606141,-25.317854],[-57.60665,-25.318086],[-57.606704,-25.318081]]}},{"type":"Feature","properties":{"nombre":null},"geometry":{"type":"LineString","coordinates":[[-57.607666,-25.317186],[-57.607903,-25.317125],[-57.608062,-25.317117],[-57.608182,-25.317196]]}},{"type":"Feature","properties":{"nombre":null},"geometry":{"type":"LineString","coordinates":[[-57.64358,-25.350985],[-57.643709,-25.351019]]}},{"type":"Feature","properties":{"nombre":null},"geometry":{"type":"LineString","coordinates":[[-57.643281,-25.355556],[-57.643236,-25.355462]]}},{"type":"Feature","properties":{"nombre":null},"geometry":{"type":"LineString","coordinates":[[-57.645272,-25.35683],[-57.645194,-25.356586]]}},{"type":"Feature","properties":{"nombre":null},"geometry":{"type":"LineString","coordinates":[[-57.642306,-25.356523],[-57.642356,-25.356459],[-57.642529,-25.356401],[-57.642681,-25.356275],[-57.642793,-25.356233],[-57.642797,-25.356068],[-57.642833,-25.355974]]}},{"type":"Feature","properties":{"nombre":null},"geometry":{"type":"LineString","coordinates":[[-57.644632,-25.355556],[-57.64442,-25.355694],[-57.644283,-25.355737],[-57.644231,-25.355732],[-57.644201,-25.355692],[-57.644206,-25.355556]]}},{"type":"Feature","properties":{"nombre":null},"geometry":{"type":"LineString","coordinates":[[-57.642358,-25.36061],[-57.642323,-25.360563]]}},{"type":"Feature","properties":{"nombre":null},"geometry":{"type":"LineString","coordinates":[[-57.639944,-25.352117],[-57.63934,-25.352414],[-57.639178,-25.352445],[-57.639051,-25.352501],[-57.638873,-25.352524],[-57.638739,-25.35265],[-57.638556,-25.352672],[-57.638496,-25.352711],[-57.638417,-25.352724],[-57.638395,-25.35263],[-57.638346,-25.352606],[-57.638134,-25.352649],[-57.638048,-25.35271],[-57.637909,-25.352886],[-57.637837,-25.352921],[-57.63773,-25.352911],[-57.637605,-25.352949],[-57.637465,-25.352953],[-57.637262,-25.352927],[-57.637134,-25.353012],[-57.63698,-25.353075],[-57.636861,-25.35307],[-57.636725,-25.353032],[-57.636465,-25.35302]]}},{"type":"Feature","properties":{"nombre":null},"geometry":{"type":"LineString","coordinates":[[-57.639134,-25.354803],[-57.639099,-25.35519],[-57.638881,-25.35525],[-57.638887,-25.35504]]}},{"type":"Feature","properties":{"nombre":null},"geometry":{"type":"LineString","coordinates":[[-57.638896,-25.360852],[-57.639006,-25.360955],[-57.639382,-25.361012],[-57.639437,-25.361032],[-57.639516,-25.361111]]}},{"type":"Feature","properties":{"nombre":null},"geometry":{"type":"LineString","coordinates":[[-57.640321,-25.36205],[-57.640861,-25.361859],[-57.64097,-25.361847],[-57.641401,-25.361711]]}},{"type":"Feature","properties":{"nombre":null},"geometry":{"type":"LineString","coordinates":[[-57.592827,-25.246746],[-57.592861,-25.246778],[-57.592834,-25.246825],[-57.59289,-25.246837],[-57.592892,-25.246937],[-57.592916,-25.246965],[-57.593011,-25.246943],[-57.593179,-25.247077],[-57.593275,-25.247071],[-57.593313,-25.247042],[-57.59356,-25.247046],[-57.5936,-25.247019],[-57.593609,-25.246974],[-57.593654,-25.246956],[-57.59394,-25.247028],[-57.593879,-25.247097],[-57.593869,-25.247141],[-57.593917,-25.247266],[-57.593894,-25.247353],[-57.593824,-25.247417],[-57.593797,-25.247503],[-57.59388,-25.247615],[-57.593949,-25.247831],[-57.594038,-25.24787],[-57.594084,-25.247997],[-57.594301,-25.248181],[-57.594347,-25.248309],[-57.594485,-25.248495],[-57.59455,-25.248804],[-57.594637,-25.249013],[-57.594687,-25.24946],[-57.594634,-25.249582],[-57.594648,-25.249654],[-57.594757,-25.249745],[-57.594754,-25.24979],[-57.594708,-25.249806],[-57.594712,-25.249851],[-57.59475,-25.249981],[-57.59478,-25.25]]}},{"type":"Feature","properties":{"nombre":null},"geometry":{"type":"LineString","coordinates":[[-57.589529,-25.242634],[-57.58947,-25.242623],[-57.589472,-25.242581],[-57.589496,-25.242571],[-57.589541,-25.242597],[-57.589529,-25.242634]]}},{"type":"Feature","properties":{"nombre":null},"geometry":{"type":"LineString","coordinates":[[-57.586362,-25.241584],[-57.586541,-25.241928],[-57.586228,-25.242081]]}},{"type":"Feature","properties":{"nombre":null},"geometry":{"type":"LineString","coordinates":[[-57.583359,-25.242271],[-57.583333,-25.242263]]}},{"type":"Feature","properties":{"nombre":null},"geometry":{"type":"LineString","coordinates":[[-57.571105,-25.250468],[-57.571425,-25.250679],[-57.571485,-25.250631]]}},{"type":"Feature","properties":{"nombre":null},"geometry":{"type":"LineString","coordinates":[[-57.571435,-25.2509],[-57.571401,-25.250952]]}},{"type":"Feature","properties":{"nombre":null},"geometry":{"type":"LineString","coordinates":[[-57.584843,-25.244444],[-57.584801,-25.244338]]}},{"type":"Feature","properties":{"nombre":null},"geometry":{"type":"LineString","coordinates":[[-57.583542,-25.238889],[-57.583581,-25.238978],[-57.583711,-25.239121],[-57.583967,-25.239139]]}},{"type":"Feature","properties":{"nombre":null},"geometry":{"type":"LineString","coordinates":[[-57.583488,-25.2465],[-57.583518,-25.246469]]}},{"type":"Feature","properties":{"nombre":null},"geometry":{"type":"LineString","coordinates":[[-57.583688,-25.244452],[-57.583686,-25.2445],[-57.583756,-25.244554],[-57.583824,-25.244655],[-57.584381,-25.245704],[-57.584058,-25.245947]]}},{"type":"Feature","properties":{"nombre":null},"geometry":{"type":"LineString","coordinates":[[-57.584439,-25.246778],[-57.584516,-25.246748]]}},{"type":"Feature","properties":{"nombre":null},"geometry":{"type":"LineString","coordinates":[[-57.575959,-25.23198],[-57.575993,-25.231919]]}},{"type":"Feature","properties":{"nombre":null},"geometry":{"type":"LineString","coordinates":[[-57.577652,-25.233333],[-57.578112,-25.232732]]}},{"type":"Feature","properties":{"nombre":null},"geometry":{"type":"LineString","coordinates":[[-57.578112,-25.232732],[-57.578565,-25.23213],[-57.578877,-25.231931],[-57.579363,-25.231726]]}},{"type":"Feature","properties":{"nombre":null},"geometry":{"type":"LineString","coordinates":[[-57.577704,-25.238889],[-57.577553,-25.238654],[-57.577511,-25.238632],[-57.577381,-25.238709],[-57.577181,-25.238712]]}},{"type":"Feature","properties":{"nombre":null},"geometry":{"type":"LineString","coordinates":[[-57.577758,-25.238889],[-57.577538,-25.238604],[-57.57747,-25.238608],[-57.577385,-25.238669],[-57.577313,-25.238688],[-57.577178,-25.238682]]}},{"type":"Feature","properties":{"nombre":null},"geometry":{"type":"LineString","coordinates":[[-57.581862,-25.237592],[-57.581857,-25.237705],[-57.581894,-25.23775]]}},{"type":"Feature","properties":{"nombre":null},"geometry":{"type":"LineString","coordinates":[[-57.566031,-25.234545],[-57.566015,-25.234713]]}},{"type":"Feature","properties":{"nombre":null},"geometry":{"type":"LineString","coordinates":[[-57.56572,-25.2431],[-57.565786,-25.243194],[-57.565959,-25.243324],[-57.566124,-25.243588],[-57.566308,-25.243803]]}},{"type":"Feature","properties":{"nombre":null},"geometry":{"type":"LineString","coordinates":[[-57.581402,-25.239551],[-57.581563,-25.239769],[-57.581768,-25.239952],[-57.582146,-25.240463],[-57.582212,-25.240504],[-57.582439,-25.240524]]}},{"type":"Feature","properties":{"nombre":null},"geometry":{"type":"LineString","coordinates":[[-57.580664,-25.238889],[-57.580679,-25.238889]]}},{"type":"Feature","properties":{"nombre":null},"geometry":{"type":"LineString","coordinates":[[-57.580733,-25.238889],[-57.580812,-25.238993],[-57.581071,-25.239224]]}},{"type":"Feature","properties":{"nombre":null},"geometry":{"type":"LineString","coordinates":[[-57.583333,-25.249126],[-57.582845,-25.249421],[-57.582639,-25.249522]]}},{"type":"Feature","properties":{"nombre":null},"geometry":{"type":"LineString","coordinates":[[-57.580565,-25.249514],[-57.580723,-25.249397],[-57.580816,-25.24948],[-57.580997,-25.249348]]}},{"type":"Feature","properties":{"nombre":null},"geometry":{"type":"LineString","coordinates":[[-57.573142,-25.231075],[-57.573154,-25.231136],[-57.573123,-25.231252],[-57.573238,-25.231521],[-57.573404,-25.231781],[-57.573436,-25.231805],[-57.573508,-25.231813]]}},{"type":"Feature","properties":{"nombre":null},"geometry":{"type":"LineString","coordinates":[[-57.570309,-25.232458],[-57.570797,-25.231495]]}},{"type":"Feature","properties":{"nombre":null},"geometry":{"type":"LineString","coordinates":[[-57.566931,-25.227996],[-57.566667,-25.228138]]}},{"type":"Feature","properties":{"nombre":null},"geometry":{"type":"LineString","coordinates":[[-57.569053,-25.23292],[-57.5692,-25.233183]]}},{"type":"Feature","properties":{"nombre":null},"geometry":{"type":"LineString","coordinates":[[-57.566667,-25.231662],[-57.566706,-25.23163]]}},{"type":"Feature","properties":{"nombre":null},"geometry":{"type":"LineString","coordinates":[[-57.57178,-25.230925],[-57.571884,-25.230864]]}},{"type":"Feature","properties":{"nombre":null},"geometry":{"type":"LineString","coordinates":[[-57.571899,-25.230856],[-57.572004,-25.230798]]}},{"type":"Feature","properties":{"nombre":null},"geometry":{"type":"LineString","coordinates":[[-57.571729,-25.238787],[-57.571631,-25.238869],[-57.571544,-25.238889]]}},{"type":"Feature","properties":{"nombre":null},"geometry":{"type":"LineString","coordinates":[[-57.574269,-25.23607],[-57.574285,-25.236085]]}},{"type":"Feature","properties":{"nombre":null},"geometry":{"type":"LineString","coordinates":[[-57.574428,-25.236241],[-57.574498,-25.236313]]}},{"type":"Feature","properties":{"nombre":null},"geometry":{"type":"LineString","coordinates":[[-57.573163,-25.236622],[-57.573999,-25.237537],[-57.574062,-25.237528],[-57.574982,-25.236825]]}},{"type":"Feature","properties":{"nombre":null},"geometry":{"type":"LineString","coordinates":[[-57.572521,-25.235903],[-57.573163,-25.236622]]}},{"type":"Feature","properties":{"nombre":null},"geometry":{"type":"LineString","coordinates":[[-57.57413,-25.236279],[-57.574318,-25.236138],[-57.574424,-25.236232],[-57.574419,-25.236261],[-57.574336,-25.236326],[-57.573591,-25.236884]]}},{"type":"Feature","properties":{"nombre":null},"geometry":{"type":"LineString","coordinates":[[-57.571965,-25.24034],[-57.572278,-25.240198],[-57.572402,-25.240011],[-57.572573,-25.239899],[-57.572745,-25.23986],[-57.573034,-25.239836],[-57.573086,-25.23972],[-57.573118,-25.2397],[-57.573216,-25.239753],[-57.573395,-25.239673],[-57.573586,-25.23973],[-57.573708,-25.239669],[-57.57385,-25.239481],[-57.57393,-25.23948],[-57.574105,-25.239556],[-57.574238,-25.239514],[-57.574392,-25.239422],[-57.574675,-25.239163],[-57.574913,-25.238889]]}},{"type":"Feature","properties":{"nombre":null},"geometry":{"type":"LineString","coordinates":[[-57.563033,-25.244322],[-57.562815,-25.244116],[-57.562235,-25.243825],[-57.561981,-25.243546],[-57.561911,-25.243551],[-57.561869,-25.243529],[-57.561747,-25.243328],[-57.56159,-25.243211],[-57.561386,-25.24312],[-57.561328,-25.243057],[-57.561292,-25.242913],[-57.560976,-25.242612],[-57.560916,-25.242492]]}},{"type":"Feature","properties":{"nombre":null},"geometry":{"type":"LineString","coordinates":[[-57.559356,-25.238954],[-57.559362,-25.239457]]}},{"type":"Feature","properties":{"nombre":null},"geometry":{"type":"LineString","coordinates":[[-57.568606,-25.242225],[-57.568614,-25.242285],[-57.568731,-25.242444],[-57.568823,-25.242528],[-57.568835,-25.242622],[-57.568923,-25.242633],[-57.569026,-25.242717],[-57.569244,-25.242755],[-57.569367,-25.242815],[-57.569459,-25.242824],[-57.569582,-25.242905],[-57.569729,-25.242946],[-57.569827,-25.242921],[-57.569899,-25.242875],[-57.570007,-25.242691],[-57.570039,-25.242588],[-57.570124,-25.242522],[-57.570149,-25.242326],[-57.570074,-25.242235],[-57.570037,-25.242101],[-57.570126,-25.241918],[-57.570191,-25.241888],[-57.570276,-25.2419],[-57.57044,-25.242145]]}},{"type":"Feature","properties":{"nombre":null},"geometry":{"type":"LineString","coordinates":[[-57.565274,-25.227778],[-57.56574,-25.227317],[-57.565862,-25.227233],[-57.56596,-25.227199],[-57.566002,-25.227139]]}},{"type":"Feature","properties":{"nombre":null},"geometry":{"type":"LineString","coordinates":[[-57.564289,-25.227778],[-57.564237,-25.227695],[-57.564228,-25.227631],[-57.564316,-25.227469],[-57.565401,-25.227172]]}},{"type":"Feature","properties":{"nombre":null},"geometry":{"type":"LineString","coordinates":[[-57.565834,-25.227655],[-57.566086,-25.227414],[-57.566243,-25.22721],[-57.566667,-25.226857]]}},{"type":"Feature","properties":{"nombre":null},"geometry":{"type":"LineString","coordinates":[[-57.559077,-25.229384],[-57.559044,-25.229435],[-57.559077,-25.229498]]}},{"type":"Feature","properties":{"nombre":null},"geometry":{"type":"LineString","coordinates":[[-57.558521,-25.229797],[-57.558518,-25.229875],[-57.558551,-25.229924]]}},{"type":"Feature","properties":{"nombre":null},"geometry":{"type":"LineString","coordinates":[[-57.565512,-25.230266],[-57.565601,-25.230237]]}},{"type":"Feature","properties":{"nombre":null},"geometry":{"type":"LineString","coordinates":[[-57.56487,-25.22916],[-57.564813,-25.22919]]}},{"type":"Feature","properties":{"nombre":null},"geometry":{"type":"LineString","coordinates":[[-57.562951,-25.228067],[-57.563082,-25.228033]]}},{"type":"Feature","properties":{"nombre":null},"geometry":{"type":"LineString","coordinates":[[-57.560803,-25.229459],[-57.560467,-25.229574],[-57.560303,-25.229656],[-57.559923,-25.230039]]}},{"type":"Feature","properties":{"nombre":null},"geometry":{"type":"LineString","coordinates":[[-57.56087,-25.232939],[-57.560627,-25.233157],[-57.560545,-25.233142]]}},{"type":"Feature","properties":{"nombre":null},"geometry":{"type":"LineString","coordinates":[[-57.559472,-25.236972],[-57.558886,-25.237275],[-57.558575,-25.237297],[-57.558407,-25.237373],[-57.558333,-25.237349]]}},{"type":"Feature","properties":{"nombre":null},"geometry":{"type":"LineString","coordinates":[[-57.566651,-25.235676],[-57.566667,-25.235668]]}},{"type":"Feature","properties":{"nombre":null},"geometry":{"type":"LineString","coordinates":[[-57.566218,-25.23445],[-57.56625,-25.234603],[-57.566395,-25.234705],[-57.566496,-25.234865]]}},{"type":"Feature","properties":{"nombre":null},"geometry":{"type":"LineString","coordinates":[[-57.560579,-25.249118],[-57.560455,-25.248942],[-57.56037,-25.248866],[-57.560304,-25.248741],[-57.560257,-25.248711],[-57.56016,-25.248696],[-57.560081,-25.248632],[-57.56004,-25.248561],[-57.560039,-25.248486],[-57.560225,-25.248253],[-57.560287,-25.247967],[-57.56041,-25.24787],[-57.560511,-25.247696],[-57.560868,-25.247477],[-57.560885,-25.24731],[-57.560992,-25.247266],[-57.561163,-25.247246]]}},{"type":"Feature","properties":{"nombre":null},"geometry":{"type":"LineString","coordinates":[[-57.561163,-25.247246],[-57.561295,-25.247236],[-57.561385,-25.247194],[-57.56162,-25.247177],[-57.561651,-25.247136],[-57.56157,-25.247019],[-57.56134,-25.24699],[-57.561215,-25.246887],[-57.561095,-25.246849]]}},{"type":"Feature","properties":{"nombre":null},"geometry":{"type":"LineString","coordinates":[[-57.560817,-25.248909],[-57.560566,-25.248835],[-57.560408,-25.248816],[-57.56037,-25.248779]]}},{"type":"Feature","properties":{"nombre":null},"geometry":{"type":"LineString","coordinates":[[-57.56001,-25.248144],[-57.560276,-25.248017]]}},{"type":"Feature","properties":{"nombre":null},"geometry":{"type":"LineString","coordinates":[[-57.561229,-25.246806],[-57.561204,-25.246853]]}},{"type":"Feature","properties":{"nombre":null},"geometry":{"type":"LineString","coordinates":[[-57.561603,-25.247265],[-57.56179,-25.247232],[-57.56184,-25.247196]]}},{"type":"Feature","properties":{"nombre":null},"geometry":{"type":"LineString","coordinates":[[-57.562717,-25.247369],[-57.562786,-25.247306]]}},{"type":"Feature","properties":{"nombre":null},"geometry":{"type":"LineString","coordinates":[[-57.55715,-25.233134],[-57.556939,-25.233333]]}},{"type":"Feature","properties":{"nombre":null},"geometry":{"type":"LineString","coordinates":[[-57.555625,-25.231707],[-57.555659,-25.231647],[-57.555745,-25.231585],[-57.556139,-25.231378],[-57.556231,-25.231307],[-57.556439,-25.231234],[-57.556652,-25.231118],[-57.557046,-25.230575]]}},{"type":"Feature","properties":{"nombre":null},"geometry":{"type":"LineString","coordinates":[[-57.556105,-25.239458],[-57.556402,-25.239341],[-57.556678,-25.239291],[-57.556837,-25.239342],[-57.556982,-25.239306],[-57.557171,-25.239339],[-57.557331,-25.239461],[-57.557386,-25.239477],[-57.557444,-25.23946],[-57.557587,-25.239345],[-57.557786,-25.239253]]}},{"type":"Feature","properties":{"nombre":null},"geometry":{"type":"LineString","coordinates":[[-57.554831,-25.241661],[-57.554754,-25.241605],[-57.55466,-25.241395],[-57.554388,-25.241052]]}},{"type":"Feature","properties":{"nombre":null},"geometry":{"type":"LineString","coordinates":[[-57.553807,-25.241923],[-57.553897,-25.241805],[-57.554027,-25.241495],[-57.554151,-25.241273],[-57.554378,-25.241072],[-57.55447,-25.24081],[-57.55455,-25.24069],[-57.554785,-25.240465],[-57.555118,-25.240205],[-57.555328,-25.240008],[-57.555347,-25.239873],[-57.55532,-25.239745],[-57.555504,-25.239467],[-57.55551,-25.2394],[-57.555341,-25.239098],[-57.55529,-25.238889]]}},{"type":"Feature","properties":{"nombre":null},"geometry":{"type":"LineString","coordinates":[[-57.552536,-25.241087],[-57.55264,-25.241313]]}},{"type":"Feature","properties":{"nombre":null},"geometry":{"type":"LineString","coordinates":[[-57.553609,-25.247103],[-57.553458,-25.24728]]}},{"type":"Feature","properties":{"nombre":null},"geometry":{"type":"LineString","coordinates":[[-57.591123,-25.282669],[-57.591145,-25.28275]]}},{"type":"Feature","properties":{"nombre":null},"geometry":{"type":"LineString","coordinates":[[-57.550926,-25.247649],[-57.551215,-25.247895]]}},{"type":"Feature","properties":{"nombre":null},"geometry":{"type":"LineString","coordinates":[[-57.55559,-25.247259],[-57.555985,-25.247116],[-57.556036,-25.247081],[-57.556095,-25.24698]]}},{"type":"Feature","properties":{"nombre":null},"geometry":{"type":"LineString","coordinates":[[-57.550147,-25.249298],[-57.55,-25.248587]]}},{"type":"Feature","properties":{"nombre":null},"geometry":{"type":"LineString","coordinates":[[-57.591667,-25.251497],[-57.591687,-25.251522],[-57.591686,-25.251613],[-57.59179,-25.251684],[-57.59179,-25.25171],[-57.591716,-25.25176],[-57.591787,-25.251814],[-57.591776,-25.251909],[-57.591837,-25.252049],[-57.591817,-25.25209],[-57.591724,-25.25212],[-57.591696,-25.252175],[-57.591667,-25.252166]]}},{"type":"Feature","properties":{"nombre":null},"geometry":{"type":"LineString","coordinates":[[-57.596972,-25.256161],[-57.596992,-25.256141],[-57.597017,-25.255953],[-57.597032,-25.255556]]}},{"type":"Feature","properties":{"nombre":null},"geometry":{"type":"LineString","coordinates":[[-57.591667,-25.264405],[-57.591757,-25.264165],[-57.591743,-25.263751],[-57.591767,-25.263687]]}},{"type":"Feature","properties":{"nombre":"ARROYO MBURICAO"},"geometry":{"type":"LineString","coordinates":[[-57.591846,-25.262764],[-57.591885,-25.262643],[-57.591939,-25.262561],[-57.592036,-25.262513],[-57.592141,-25.262503],[-57.592403,-25.262227],[-57.592626,-25.262126],[-57.592882,-25.261909],[-57.59302,-25.26176],[-57.592914,-25.26159],[-57.592908,-25.261467],[-57.592927,-25.261396],[-57.592983,-25.261347],[-57.593062,-25.261111]]}},{"type":"Feature","properties":{"nombre":null},"geometry":{"type":"LineString","coordinates":[[-57.6,-25.265121],[-57.599693,-25.265379],[-57.599431,-25.265739]]}},{"type":"Feature","properties":{"nombre":null},"geometry":{"type":"LineString","coordinates":[[-57.592155,-25.263761],[-57.592029,-25.263811],[-57.591809,-25.263734]]}},{"type":"Feature","properties":{"nombre":null},"geometry":{"type":"LineString","coordinates":[[-57.598262,-25.263234],[-57.598147,-25.263388]]}},{"type":"Feature","properties":{"nombre":null},"geometry":{"type":"LineString","coordinates":[[-57.592453,-25.277565],[-57.592187,-25.277587]]}},{"type":"Feature","properties":{"nombre":null},"geometry":{"type":"LineString","coordinates":[[-57.593114,-25.277686],[-57.592971,-25.277695]]}},{"type":"Feature","properties":{"nombre":null},"geometry":{"type":"LineString","coordinates":[[-57.592971,-25.277695],[-57.592676,-25.277719],[-57.592658,-25.277677],[-57.592506,-25.27769]]}},{"type":"Feature","properties":{"nombre":null},"geometry":{"type":"LineString","coordinates":[[-57.592542,-25.277387],[-57.592516,-25.277389]]}},{"type":"Feature","properties":{"nombre":"ARROYO MBURICAO"},"geometry":{"type":"LineString","coordinates":[[-57.592512,-25.290435],[-57.592441,-25.290397],[-57.592351,-25.290301],[-57.592112,-25.290227],[-57.591977,-25.290144],[-57.591958,-25.290101],[-57.591972,-25.289907]]}},{"type":"Feature","properties":{"nombre":"ARROYO MBURICAO"},"geometry":{"type":"LineString","coordinates":[[-57.594382,-25.295018],[-57.594535,-25.295192],[-57.59466,-25.295493],[-57.594811,-25.295908],[-57.594785,-25.295995],[-57.594796,-25.296082],[-57.594927,-25.296361]]}},{"type":"Feature","properties":{"nombre":"ARROYO MBURICAO"},"geometry":{"type":"LineString","coordinates":[[-57.5953,-25.298984],[-57.595268,-25.298839],[-57.595291,-25.298748],[-57.595106,-25.298476]]}},{"type":"Feature","properties":{"nombre":null},"geometry":{"type":"LineString","coordinates":[[-57.595613,-25.296703],[-57.595388,-25.296663],[-57.595285,-25.296664],[-57.595249,-25.296697]]}},{"type":"Feature","properties":{"nombre":null},"geometry":{"type":"LineString","coordinates":[[-57.590239,-25.277965],[-57.590259,-25.277924],[-57.590248,-25.277778]]}},{"type":"Feature","properties":{"nombre":"ARROYO YBYRAY"},"geometry":{"type":"LineString","coordinates":[[-57.588953,-25.256977],[-57.58885,-25.25675],[-57.588761,-25.25618],[-57.588712,-25.256135],[-57.588546,-25.25611],[-57.588518,-25.256073],[-57.588538,-25.255952],[-57.588461,-25.255642],[-57.588483,-25.255556]]}},{"type":"Feature","properties":{"nombre":null},"geometry":{"type":"LineString","coordinates":[[-57.586019,-25.259262],[-57.586901,-25.258616]]}},{"type":"Feature","properties":{"nombre":null},"geometry":{"type":"LineString","coordinates":[[-57.586242,-25.258474],[-57.586474,-25.258304]]}},{"type":"Feature","properties":{"nombre":null},"geometry":{"type":"LineString","coordinates":[[-57.58385,-25.257168],[-57.583944,-25.257118],[-57.583982,-25.257045]]}},{"type":"Feature","properties":{"nombre":"ARROYO YBYRAY"},"geometry":{"type":"LineString","coordinates":[[-57.584597,-25.261536],[-57.584689,-25.261482],[-57.584877,-25.261451],[-57.585206,-25.261487],[-57.5854,-25.26142],[-57.585416,-25.261389]]}},{"type":"Feature","properties":{"nombre":null},"geometry":{"type":"LineString","coordinates":[[-57.588704,-25.261111],[-57.588746,-25.261139],[-57.588739,-25.26116],[-57.588662,-25.261176],[-57.588613,-25.261214],[-57.588657,-25.261111]]}},{"type":"Feature","properties":{"nombre":null},"geometry":{"type":"LineString","coordinates":[[-57.58708,-25.262632],[-57.587808,-25.262801],[-57.588002,-25.262808]]}},{"type":"Feature","properties":{"nombre":null},"geometry":{"type":"LineString","coordinates":[[-57.588577,-25.266315],[-57.588725,-25.266106],[-57.588766,-25.266108]]}},{"type":"Feature","properties":{"nombre":"ARROYO YBYRAY"},"geometry":{"type":"LineString","coordinates":[[-57.583333,-25.261862],[-57.583571,-25.261908],[-57.583696,-25.261615],[-57.583786,-25.26155],[-57.58399,-25.261555],[-57.584077,-25.2617],[-57.584142,-25.261766]]}},{"type":"Feature","properties":{"nombre":null},"geometry":{"type":"LineString","coordinates":[[-57.587269,-25.267991],[-57.587434,-25.267957]]}},{"type":"Feature","properties":{"nombre":null},"geometry":{"type":"LineString","coordinates":[[-57.587014,-25.268004],[-57.587078,-25.268024],[-57.587269,-25.267991]]}},{"type":"Feature","properties":{"nombre":"ARROYO MBURICAO"},"geometry":{"type":"LineString","coordinates":[[-57.590483,-25.267797],[-57.590511,-25.268266]]}},{"type":"Feature","properties":{"nombre":null},"geometry":{"type":"LineString","coordinates":[[-57.589911,-25.276624],[-57.589838,-25.27656],[-57.589811,-25.276468],[-57.58976,-25.276451],[-57.589754,-25.276428],[-57.589847,-25.276217],[-57.589852,-25.276081],[-57.589797,-25.275951],[-57.589774,-25.275941],[-57.589658,-25.275979],[-57.589532,-25.275899],[-57.589288,-25.275832],[-57.589074,-25.275823],[-57.588926,-25.27587]]}},{"type":"Feature","properties":{"nombre":null},"geometry":{"type":"LineString","coordinates":[[-57.589349,-25.277664],[-57.589096,-25.277512],[-57.589082,-25.277419],[-57.589142,-25.277389],[-57.58918,-25.277309],[-57.589198,-25.276948],[-57.589108,-25.276862],[-57.588896,-25.276476],[-57.588858,-25.276367],[-57.588891,-25.276062],[-57.588875,-25.275931],[-57.588978,-25.275804],[-57.589048,-25.275666],[-57.588994,-25.275534],[-57.58903,-25.275483],[-57.589039,-25.27541]]}},{"type":"Feature","properties":{"nombre":null},"geometry":{"type":"LineString","coordinates":[[-57.590274,-25.281716],[-57.590555,-25.281657],[-57.590601,-25.281833],[-57.591161,-25.281704]]}},{"type":"Feature","properties":{"nombre":null},"geometry":{"type":"LineString","coordinates":[[-57.590342,-25.281965],[-57.590725,-25.281865]]}},{"type":"Feature","properties":{"nombre":null},"geometry":{"type":"LineString","coordinates":[[-57.583333,-25.29152],[-57.583494,-25.291467],[-57.58367,-25.291441],[-57.583857,-25.29131],[-57.584027,-25.291235],[-57.584453,-25.291114],[-57.584917,-25.290894],[-57.584988,-25.290771],[-57.585032,-25.29078],[-57.584987,-25.290875]]}},{"type":"Feature","properties":{"nombre":null},"geometry":{"type":"LineString","coordinates":[[-57.577607,-25.253422],[-57.577468,-25.253586]]}},{"type":"Feature","properties":{"nombre":null},"geometry":{"type":"LineString","coordinates":[[-57.583035,-25.250145],[-57.583111,-25.250323],[-57.583133,-25.250615],[-57.58302,-25.250735],[-57.582771,-25.250887],[-57.582526,-25.251153]]}},{"type":"Feature","properties":{"nombre":null},"geometry":{"type":"LineString","coordinates":[[-57.577675,-25.253414],[-57.577853,-25.253469]]}},{"type":"Feature","properties":{"nombre":null},"geometry":{"type":"LineString","coordinates":[[-57.577581,-25.253424],[-57.577634,-25.253415]]}},{"type":"Feature","properties":{"nombre":null},"geometry":{"type":"LineString","coordinates":[[-57.579708,-25.25533],[-57.579776,-25.255238]]}},{"type":"Feature","properties":{"nombre":null},"geometry":{"type":"LineString","coordinates":[[-57.581303,-25.252494],[-57.581363,-25.252358],[-57.581436,-25.252312],[-57.581622,-25.252304],[-57.581791,-25.252234],[-57.581826,-25.252198],[-57.581834,-25.252032],[-57.581696,-25.251855],[-57.581714,-25.251821]]}},{"type":"Feature","properties":{"nombre":null},"geometry":{"type":"LineString","coordinates":[[-57.580683,-25.25],[-57.580782,-25.250062],[-57.580825,-25.250019]]}},{"type":"Feature","properties":{"nombre":null},"geometry":{"type":"LineString","coordinates":[[-57.580177,-25.252342],[-57.580374,-25.252478],[-57.580482,-25.252372]]}},{"type":"Feature","properties":{"nombre":null},"geometry":{"type":"LineString","coordinates":[[-57.578907,-25.254271],[-57.579083,-25.254492]]}},{"type":"Feature","properties":{"nombre":null},"geometry":{"type":"LineString","coordinates":[[-57.581997,-25.252066],[-57.581934,-25.252036],[-57.581882,-25.252111],[-57.581836,-25.252116]]}},{"type":"Feature","properties":{"nombre":null},"geometry":{"type":"LineString","coordinates":[[-57.579427,-25.255665],[-57.579429,-25.255621],[-57.579497,-25.255556]]}},{"type":"Feature","properties":{"nombre":null},"geometry":{"type":"LineString","coordinates":[[-57.577961,-25.257259],[-57.578471,-25.257421]]}},{"type":"Feature","properties":{"nombre":null},"geometry":{"type":"LineString","coordinates":[[-57.577887,-25.257226],[-57.577967,-25.25725]]}},{"type":"Feature","properties":{"nombre":null},"geometry":{"type":"LineString","coordinates":[[-57.57649,-25.257368],[-57.576859,-25.257545]]}},{"type":"Feature","properties":{"nombre":null},"geometry":{"type":"LineString","coordinates":[[-57.575778,-25.260761],[-57.575808,-25.260577],[-57.576032,-25.260427]]}},{"type":"Feature","properties":{"nombre":null},"geometry":{"type":"LineString","coordinates":[[-57.578204,-25.260615],[-57.578268,-25.260569]]}},{"type":"Feature","properties":{"nombre":null},"geometry":{"type":"LineString","coordinates":[[-57.578288,-25.26058],[-57.578605,-25.260703],[-57.578658,-25.260693]]}},{"type":"Feature","properties":{"nombre":null},"geometry":{"type":"LineString","coordinates":[[-57.578909,-25.256362],[-57.578885,-25.256309],[-57.578891,-25.256249],[-57.57894,-25.256195]]}},{"type":"Feature","properties":{"nombre":null},"geometry":{"type":"LineString","coordinates":[[-57.580134,-25.270173],[-57.580078,-25.269872],[-57.579992,-25.269577]]}},{"type":"Feature","properties":{"nombre":null},"geometry":{"type":"LineString","coordinates":[[-57.580078,-25.269872],[-57.580377,-25.269637]]}},{"type":"Feature","properties":{"nombre":null},"geometry":{"type":"LineString","coordinates":[[-57.581444,-25.271143],[-57.581235,-25.270472],[-57.581247,-25.270445],[-57.58204,-25.269871]]}},{"type":"Feature","properties":{"nombre":"ARROYO SANTO DOMINGO"},"geometry":{"type":"LineString","coordinates":[[-57.582587,-25.27707],[-57.582671,-25.276995],[-57.582881,-25.276894],[-57.583333,-25.276731]]}},{"type":"Feature","properties":{"nombre":null},"geometry":{"type":"LineString","coordinates":[[-57.577607,-25.292526],[-57.577731,-25.292516]]}},{"type":"Feature","properties":{"nombre":null},"geometry":{"type":"LineString","coordinates":[[-57.570064,-25.256525],[-57.569706,-25.256464],[-57.568265,-25.256369]]}},{"type":"Feature","properties":{"nombre":null},"geometry":{"type":"LineString","coordinates":[[-57.571168,-25.257558],[-57.571049,-25.257612],[-57.570978,-25.257619]]}},{"type":"Feature","properties":{"nombre":null},"geometry":{"type":"LineString","coordinates":[[-57.571996,-25.257301],[-57.572118,-25.257359]]}},{"type":"Feature","properties":{"nombre":null},"geometry":{"type":"LineString","coordinates":[[-57.572124,-25.257363],[-57.572283,-25.257449]]}},{"type":"Feature","properties":{"nombre":null},"geometry":{"type":"LineString","coordinates":[[-57.572299,-25.257452],[-57.572401,-25.257498]]}},{"type":"Feature","properties":{"nombre":null},"geometry":{"type":"LineString","coordinates":[[-57.568163,-25.272087],[-57.56881,-25.271696],[-57.568896,-25.271684],[-57.568936,-25.271732]]}},{"type":"Feature","properties":{"nombre":null},"geometry":{"type":"LineString","coordinates":[[-57.568952,-25.285091],[-57.568825,-25.285012],[-57.568817,-25.285022],[-57.568944,-25.285101],[-57.568952,-25.285091]]}},{"type":"Feature","properties":{"nombre":null},"geometry":{"type":"LineString","coordinates":[[-57.56679,-25.28397],[-57.566667,-25.283931]]}},{"type":"Feature","properties":{"nombre":null},"geometry":{"type":"LineString","coordinates":[[-57.558648,-25.251787],[-57.558715,-25.251293]]}},{"type":"Feature","properties":{"nombre":null},"geometry":{"type":"LineString","coordinates":[[-57.561679,-25.250879],[-57.561581,-25.251175]]}},{"type":"Feature","properties":{"nombre":null},"geometry":{"type":"LineString","coordinates":[[-57.561457,-25.254175],[-57.56097,-25.253939],[-57.560668,-25.253735]]}},{"type":"Feature","properties":{"nombre":null},"geometry":{"type":"LineString","coordinates":[[-57.560322,-25.250498],[-57.560245,-25.250549],[-57.560121,-25.250573],[-57.559927,-25.250343],[-57.559829,-25.250328]]}},{"type":"Feature","properties":{"nombre":null},"geometry":{"type":"LineString","coordinates":[[-57.558333,-25.256656],[-57.558418,-25.256683],[-57.558654,-25.256678],[-57.558574,-25.25668]]}},{"type":"Feature","properties":{"nombre":null},"geometry":{"type":"LineString","coordinates":[[-57.566667,-25.257234],[-57.566426,-25.257382]]}},{"type":"Feature","properties":{"nombre":null},"geometry":{"type":"LineString","coordinates":[[-57.564318,-25.272861],[-57.564305,-25.2729],[-57.564332,-25.272964],[-57.5643,-25.27298],[-57.564264,-25.272926],[-57.564233,-25.272944],[-57.564207,-25.272904],[-57.563984,-25.273035]]}},{"type":"Feature","properties":{"nombre":null},"geometry":{"type":"LineString","coordinates":[[-57.564381,-25.283333],[-57.563943,-25.283242]]}},{"type":"Feature","properties":{"nombre":null},"geometry":{"type":"LineString","coordinates":[[-57.562393,-25.282884],[-57.56234,-25.282839],[-57.56232,-25.282857],[-57.562384,-25.282894],[-57.562393,-25.282884]]}},{"type":"Feature","properties":{"nombre":null},"geometry":{"type":"LineString","coordinates":[[-57.561504,-25.282143],[-57.561303,-25.281972],[-57.561283,-25.281983],[-57.561491,-25.282158],[-57.561504,-25.282143]]}},{"type":"Feature","properties":{"nombre":null},"geometry":{"type":"LineString","coordinates":[[-57.563871,-25.28368],[-57.563838,-25.283707],[-57.563517,-25.283784],[-57.563834,-25.283696],[-57.563871,-25.28368]]}},{"type":"Feature","properties":{"nombre":null},"geometry":{"type":"LineString","coordinates":[[-57.565325,-25.283901],[-57.565179,-25.283739],[-57.565178,-25.283666]]}},{"type":"Feature","properties":{"nombre":null},"geometry":{"type":"LineString","coordinates":[[-57.557372,-25.251725],[-57.557239,-25.251707],[-57.557133,-25.251659]]}},{"type":"Feature","properties":{"nombre":null},"geometry":{"type":"LineString","coordinates":[[-57.55018,-25.250351],[-57.550349,-25.25032]]}},{"type":"Feature","properties":{"nombre":null},"geometry":{"type":"LineString","coordinates":[[-57.557481,-25.252486],[-57.557688,-25.252362]]}},{"type":"Feature","properties":{"nombre":null},"geometry":{"type":"LineString","coordinates":[[-57.555101,-25.259837],[-57.555245,-25.26014]]}},{"type":"Feature","properties":{"nombre":null},"geometry":{"type":"LineString","coordinates":[[-57.551265,-25.256725],[-57.55,-25.256922]]}},{"type":"Feature","properties":{"nombre":null},"geometry":{"type":"LineString","coordinates":[[-57.550826,-25.272166],[-57.550867,-25.272135]]}},{"type":"Feature","properties":{"nombre":null},"geometry":{"type":"LineString","coordinates":[[-57.551985,-25.277093],[-57.552651,-25.277287]]}},{"type":"Feature","properties":{"nombre":null},"geometry":{"type":"LineString","coordinates":[[-57.551,-25.275818],[-57.551847,-25.276763]]}},{"type":"Feature","properties":{"nombre":null},"geometry":{"type":"LineString","coordinates":[[-57.553025,-25.277778],[-57.553084,-25.277646]]}},{"type":"Feature","properties":{"nombre":null},"geometry":{"type":"LineString","coordinates":[[-57.554417,-25.276661],[-57.55454,-25.276648]]}},{"type":"Feature","properties":{"nombre":null},"geometry":{"type":"LineString","coordinates":[[-57.551891,-25.276762],[-57.551021,-25.275799]]}},{"type":"Feature","properties":{"nombre":null},"geometry":{"type":"LineString","coordinates":[[-57.550305,-25.275138],[-57.550199,-25.274998]]}},{"type":"Feature","properties":{"nombre":null},"geometry":{"type":"LineString","coordinates":[[-57.555564,-25.277257],[-57.555334,-25.27691]]}},{"type":"Feature","properties":{"nombre":null},"geometry":{"type":"LineString","coordinates":[[-57.550308,-25.275167],[-57.550533,-25.275305],[-57.550805,-25.275599]]}},{"type":"Feature","properties":{"nombre":null},"geometry":{"type":"LineString","coordinates":[[-57.550377,-25.276857],[-57.550207,-25.276808]]}},{"type":"Feature","properties":{"nombre":null},"geometry":{"type":"LineString","coordinates":[[-57.550481,-25.281236],[-57.550434,-25.281247]]}},{"type":"Feature","properties":{"nombre":null},"geometry":{"type":"LineString","coordinates":[[-57.550199,-25.281301],[-57.550065,-25.281332]]}},{"type":"Feature","properties":{"nombre":null},"geometry":{"type":"LineString","coordinates":[[-57.550065,-25.281332],[-57.550011,-25.281344]]}},{"type":"Feature","properties":{"nombre":null},"geometry":{"type":"LineString","coordinates":[[-57.551464,-25.278818],[-57.551376,-25.27884]]}},{"type":"Feature","properties":{"nombre":null},"geometry":{"type":"LineString","coordinates":[[-57.552425,-25.280586],[-57.552413,-25.280515]]}},{"type":"Feature","properties":{"nombre":null},"geometry":{"type":"LineString","coordinates":[[-57.552316,-25.279637],[-57.552374,-25.279498]]}},{"type":"Feature","properties":{"nombre":null},"geometry":{"type":"LineString","coordinates":[[-57.555916,-25.280362],[-57.5558,-25.280309],[-57.555819,-25.280138],[-57.555639,-25.280042]]}},{"type":"Feature","properties":{"nombre":null},"geometry":{"type":"LineString","coordinates":[[-57.557168,-25.280351],[-57.557027,-25.280491]]}},{"type":"Feature","properties":{"nombre":null},"geometry":{"type":"LineString","coordinates":[[-57.556811,-25.280482],[-57.556752,-25.280431],[-57.556749,-25.280336],[-57.556642,-25.280331],[-57.556601,-25.280206]]}},{"type":"Feature","properties":{"nombre":null},"geometry":{"type":"LineString","coordinates":[[-57.558237,-25.279789],[-57.558033,-25.279694]]}},{"type":"Feature","properties":{"nombre":null},"geometry":{"type":"LineString","coordinates":[[-57.555845,-25.277778],[-57.556096,-25.278293]]}},{"type":"Feature","properties":{"nombre":null},"geometry":{"type":"LineString","coordinates":[[-57.555519,-25.278508],[-57.553402,-25.277778]]}},{"type":"Feature","properties":{"nombre":null},"geometry":{"type":"LineString","coordinates":[[-57.553456,-25.277778],[-57.555527,-25.278488]]}},{"type":"Feature","properties":{"nombre":null},"geometry":{"type":"LineString","coordinates":[[-57.552619,-25.278948],[-57.552576,-25.279041]]}},{"type":"Feature","properties":{"nombre":null},"geometry":{"type":"LineString","coordinates":[[-57.550441,-25.285506],[-57.550088,-25.284228],[-57.550064,-25.284208],[-57.55,-25.284217]]}},{"type":"Feature","properties":{"nombre":null},"geometry":{"type":"LineString","coordinates":[[-57.554681,-25.288889],[-57.554829,-25.288769]]}},{"type":"Feature","properties":{"nombre":null},"geometry":{"type":"LineString","coordinates":[[-57.551722,-25.284427],[-57.551647,-25.284444],[-57.551611,-25.284414],[-57.551543,-25.284455],[-57.551282,-25.284503],[-57.551136,-25.284475],[-57.550922,-25.284513],[-57.550989,-25.284785],[-57.550773,-25.284832]]}},{"type":"Feature","properties":{"nombre":null},"geometry":{"type":"LineString","coordinates":[[-57.55258,-25.290941],[-57.552374,-25.291157],[-57.552582,-25.290945],[-57.55258,-25.290941]]}},{"type":"Feature","properties":{"nombre":"ARROYO YTAY"},"geometry":{"type":"LineString","coordinates":[[-57.55086,-25.295601],[-57.550991,-25.296072],[-57.551038,-25.296374],[-57.551168,-25.296865]]}},{"type":"Feature","properties":{"nombre":"ARROYO YTAY"},"geometry":{"type":"LineString","coordinates":[[-57.551214,-25.297191],[-57.551537,-25.298455],[-57.551624,-25.298688],[-57.551627,-25.298771],[-57.551652,-25.298784],[-57.551682,-25.298996],[-57.551796,-25.299371],[-57.551864,-25.299746],[-57.551959,-25.3]]}},{"type":"Feature","properties":{"nombre":null},"geometry":{"type":"LineString","coordinates":[[-57.550859,-25.295601],[-57.550821,-25.295589]]}},{"type":"Feature","properties":{"nombre":null},"geometry":{"type":"LineString","coordinates":[[-57.552229,-25.294857],[-57.552172,-25.294769],[-57.552096,-25.294491]]}},{"type":"Feature","properties":{"nombre":null},"geometry":{"type":"LineString","coordinates":[[-57.552867,-25.299326],[-57.552682,-25.299368],[-57.552685,-25.299379],[-57.55287,-25.299338],[-57.552867,-25.299326]]}},{"type":"Feature","properties":{"nombre":"ARROYO MBURICAO"},"geometry":{"type":"LineString","coordinates":[[-57.595686,-25.302842],[-57.59573,-25.3027]]}},{"type":"Feature","properties":{"nombre":"ARROYO MBURICAO"},"geometry":{"type":"LineString","coordinates":[[-57.595539,-25.303033],[-57.595605,-25.302961]]}},{"type":"Feature","properties":{"nombre":"ARROYO MBURICAO"},"geometry":{"type":"LineString","coordinates":[[-57.595473,-25.304087],[-57.5954,-25.303379]]}},{"type":"Feature","properties":{"nombre":"ARROYO MBURICAO"},"geometry":{"type":"LineString","coordinates":[[-57.595497,-25.304076],[-57.595426,-25.303399],[-57.595467,-25.303122]]}},{"type":"Feature","properties":{"nombre":"ARROYO MBURICAO"},"geometry":{"type":"LineString","coordinates":[[-57.595862,-25.302074],[-57.595853,-25.302181],[-57.595891,-25.302448],[-57.595781,-25.302572]]}},{"type":"Feature","properties":{"nombre":"ARROYO MBURICAO"},"geometry":{"type":"LineString","coordinates":[[-57.595583,-25.300061],[-57.595583,-25.300582],[-57.595617,-25.300751],[-57.59567,-25.300859]]}},{"type":"Feature","properties":{"nombre":null},"geometry":{"type":"LineString","coordinates":[[-57.593925,-25.324616],[-57.594222,-25.324421]]}},{"type":"Feature","properties":{"nombre":null},"geometry":{"type":"LineString","coordinates":[[-57.595327,-25.323451],[-57.595279,-25.323502],[-57.595277,-25.323716],[-57.595253,-25.323763],[-57.595254,-25.324136],[-57.595156,-25.324313],[-57.595159,-25.324512],[-57.59513,-25.324576],[-57.595033,-25.324692],[-57.594658,-25.324905],[-57.594521,-25.32503],[-57.594404,-25.325223],[-57.594338,-25.32552],[-57.594202,-25.325595],[-57.594092,-25.325757],[-57.593985,-25.325976],[-57.59377,-25.326107],[-57.593631,-25.326227],[-57.593521,-25.326397],[-57.59338,-25.326516],[-57.593233,-25.326759]]}},{"type":"Feature","properties":{"nombre":null},"geometry":{"type":"LineString","coordinates":[[-57.593214,-25.326748],[-57.592988,-25.327023],[-57.592946,-25.327051],[-57.592847,-25.327068]]}},{"type":"Feature","properties":{"nombre":null},"geometry":{"type":"LineString","coordinates":[[-57.58632,-25.310672],[-57.58628,-25.310609],[-57.586259,-25.310615],[-57.586295,-25.31068],[-57.58632,-25.310672]]}},{"type":"Feature","properties":{"nombre":null},"geometry":{"type":"LineString","coordinates":[[-57.589918,-25.333333],[-57.590187,-25.333188],[-57.590291,-25.33317],[-57.59034,-25.333184],[-57.590368,-25.333251],[-57.590484,-25.333333]]}},{"type":"Feature","properties":{"nombre":null},"geometry":{"type":"LineString","coordinates":[[-57.59152,-25.33059],[-57.591667,-25.330365]]}},{"type":"Feature","properties":{"nombre":"ARROYO MBURICAO"},"geometry":{"type":"LineString","coordinates":[[-57.590644,-25.285459],[-57.590542,-25.285394],[-57.590231,-25.285312],[-57.590072,-25.285136],[-57.590002,-25.28496],[-57.590013,-25.284934],[-57.590077,-25.28491],[-57.590359,-25.284902],[-57.590505,-25.284779],[-57.590517,-25.284546],[-57.590439,-25.284171]]}},{"type":"Feature","properties":{"nombre":null},"geometry":{"type":"LineString","coordinates":[[-57.586829,-25.339014],[-57.586911,-25.338963],[-57.58722,-25.339152],[-57.587267,-25.339092]]}},{"type":"Feature","properties":{"nombre":null},"geometry":{"type":"LineString","coordinates":[[-57.58192,-25.307788],[-57.581952,-25.307737],[-57.582321,-25.307535]]}},{"type":"Feature","properties":{"nombre":null},"geometry":{"type":"LineString","coordinates":[[-57.582535,-25.31958],[-57.582664,-25.319621]]}},{"type":"Feature","properties":{"nombre":null},"geometry":{"type":"LineString","coordinates":[[-57.579151,-25.318752],[-57.579135,-25.319072],[-57.57917,-25.319249],[-57.579128,-25.319399],[-57.579164,-25.319547],[-57.579119,-25.319807],[-57.579072,-25.319925]]}},{"type":"Feature","properties":{"nombre":null},"geometry":{"type":"LineString","coordinates":[[-57.567996,-25.321802],[-57.567905,-25.321835]]}},{"type":"Feature","properties":{"nombre":null},"geometry":{"type":"LineString","coordinates":[[-57.5492,-25.276548],[-57.549176,-25.276541]]}},{"type":"Feature","properties":{"nombre":null},"geometry":{"type":"LineString","coordinates":[[-57.651851,-25.296123],[-57.651939,-25.29615],[-57.651924,-25.296166]]}},{"type":"Feature","properties":{"nombre":null},"geometry":{"type":"LineString","coordinates":[[-57.667995,-25.30021],[-57.667915,-25.300107]]}},{"type":"Feature","properties":{"nombre":null},"geometry":{"type":"LineString","coordinates":[[-57.569837,-25.322702],[-57.569807,-25.322686]]}},{"type":"Feature","properties":{"nombre":null},"geometry":{"type":"LineString","coordinates":[[-57.56988,-25.327389],[-57.570644,-25.326627]]}},{"type":"Feature","properties":{"nombre":null},"geometry":{"type":"LineString","coordinates":[[-57.558463,-25.314161],[-57.558347,-25.314201]]}},{"type":"Feature","properties":{"nombre":null},"geometry":{"type":"LineString","coordinates":[[-57.635609,-25.323282],[-57.635586,-25.32334]]}},{"type":"Feature","properties":{"nombre":null},"geometry":{"type":"LineString","coordinates":[[-57.635523,-25.323528],[-57.635524,-25.32355]]}},{"type":"Feature","properties":{"nombre":null},"geometry":{"type":"LineString","coordinates":[[-57.559685,-25.314511],[-57.559863,-25.314441],[-57.559961,-25.314432],[-57.56016,-25.314474],[-57.560358,-25.314561],[-57.5605,-25.314799],[-57.560611,-25.315232]]}},{"type":"Feature","properties":{"nombre":null},"geometry":{"type":"LineString","coordinates":[[-57.566577,-25.32164],[-57.566605,-25.321601]]}},{"type":"Feature","properties":{"nombre":null},"geometry":{"type":"LineString","coordinates":[[-57.56592,-25.320233],[-57.565807,-25.320238],[-57.565678,-25.320278]]}},{"type":"Feature","properties":{"nombre":null},"geometry":{"type":"LineString","coordinates":[[-57.565643,-25.320331],[-57.565611,-25.320312]]}},{"type":"Feature","properties":{"nombre":"ARROYO YTAY"},"geometry":{"type":"LineString","coordinates":[[-57.552993,-25.305556],[-57.552807,-25.30443],[-57.552775,-25.304356],[-57.552772,-25.304205],[-57.55271,-25.303923],[-57.552672,-25.303572],[-57.552549,-25.303035],[-57.552517,-25.302792],[-57.552385,-25.302435]]}},{"type":"Feature","properties":{"nombre":"ARROYO YTAY"},"geometry":{"type":"LineString","coordinates":[[-57.552928,-25.305556],[-57.552891,-25.305388],[-57.552887,-25.305181],[-57.552833,-25.305096],[-57.552826,-25.304919],[-57.55278,-25.304768],[-57.552778,-25.304487],[-57.552742,-25.30442],[-57.552666,-25.30396],[-57.552627,-25.303865],[-57.552616,-25.303506],[-57.552515,-25.303203],[-57.55246,-25.302867],[-57.552282,-25.302456]]}},{"type":"Feature","properties":{"nombre":null},"geometry":{"type":"LineString","coordinates":[[-57.554796,-25.300334],[-57.554709,-25.300385]]}},{"type":"Feature","properties":{"nombre":null},"geometry":{"type":"LineString","coordinates":[[-57.554906,-25.306393],[-57.55465,-25.305898],[-57.554558,-25.305556]]}},{"type":"Feature","properties":{"nombre":null},"geometry":{"type":"LineString","coordinates":[[-57.55545,-25.310054],[-57.555213,-25.309996],[-57.555109,-25.309891]]}},{"type":"Feature","properties":{"nombre":null},"geometry":{"type":"LineString","coordinates":[[-57.55429,-25.306991],[-57.554312,-25.306957],[-57.554853,-25.306648]]}},{"type":"Feature","properties":{"nombre":null},"geometry":{"type":"LineString","coordinates":[[-57.554891,-25.306628],[-57.555248,-25.306418]]}},{"type":"Feature","properties":{"nombre":null},"geometry":{"type":"LineString","coordinates":[[-57.55171,-25.308218],[-57.552243,-25.308076],[-57.552619,-25.307899],[-57.553257,-25.307554]]}},{"type":"Feature","properties":{"nombre":null},"geometry":{"type":"LineString","coordinates":[[-57.555175,-25.308529],[-57.554923,-25.308522]]}},{"type":"Feature","properties":{"nombre":null},"geometry":{"type":"LineString","coordinates":[[-57.545548,-25.294288],[-57.54527,-25.294227],[-57.545199,-25.294286],[-57.545172,-25.294352]]}},{"type":"Feature","properties":{"nombre":"ARROYO YTAY"},"geometry":{"type":"LineString","coordinates":[[-57.55367,-25.309355],[-57.553673,-25.309263],[-57.55363,-25.309154],[-57.553617,-25.309009],[-57.553553,-25.308946],[-57.553594,-25.308859],[-57.553589,-25.308808],[-57.553528,-25.308618],[-57.553522,-25.308431],[-57.553384,-25.307709]]}},{"type":"Feature","properties":{"nombre":null},"geometry":{"type":"LineString","coordinates":[[-57.549881,-25.237238],[-57.55,-25.237415]]}},{"type":"Feature","properties":{"nombre":null},"geometry":{"type":"LineString","coordinates":[[-57.546489,-25.23834],[-57.546461,-25.238201],[-57.546522,-25.238129],[-57.546582,-25.238097]]}},{"type":"Feature","properties":{"nombre":null},"geometry":{"type":"LineString","coordinates":[[-57.54506,-25.242938],[-57.545171,-25.242857]]}},{"type":"Feature","properties":{"nombre":null},"geometry":{"type":"LineString","coordinates":[[-57.54174,-25.239034],[-57.54185,-25.239107]]}},{"type":"Feature","properties":{"nombre":null},"geometry":{"type":"LineString","coordinates":[[-57.549983,-25.248335],[-57.55,-25.248334]]}},{"type":"Feature","properties":{"nombre":null},"geometry":{"type":"LineString","coordinates":[[-57.549459,-25.25],[-57.549869,-25.249909],[-57.549894,-25.25]]}},{"type":"Feature","properties":{"nombre":null},"geometry":{"type":"LineString","coordinates":[[-57.549535,-25.249817],[-57.549565,-25.249953]]}},{"type":"Feature","properties":{"nombre":null},"geometry":{"type":"LineString","coordinates":[[-57.54957,-25.249812],[-57.5496,-25.249946]]}},{"type":"Feature","properties":{"nombre":null},"geometry":{"type":"LineString","coordinates":[[-57.549607,-25.249805],[-57.549637,-25.249939]]}},{"type":"Feature","properties":{"nombre":null},"geometry":{"type":"LineString","coordinates":[[-57.549687,-25.24993],[-57.549656,-25.249794]]}},{"type":"Feature","properties":{"nombre":null},"geometry":{"type":"LineString","coordinates":[[-57.549806,-25.249907],[-57.549765,-25.24977]]}},{"type":"Feature","properties":{"nombre":null},"geometry":{"type":"LineString","coordinates":[[-57.548234,-25.249181],[-57.548249,-25.249125],[-57.548609,-25.248984],[-57.548884,-25.24898],[-57.549131,-25.249011],[-57.549165,-25.248967],[-57.549124,-25.248934],[-57.548822,-25.248904],[-57.548824,-25.248818]]}},{"type":"Feature","properties":{"nombre":null},"geometry":{"type":"LineString","coordinates":[[-57.540744,-25.248915],[-57.540563,-25.248625],[-57.540542,-25.248553]]}},{"type":"Feature","properties":{"nombre":null},"geometry":{"type":"LineString","coordinates":[[-57.5353,-25.248708],[-57.53546,-25.248993]]}},{"type":"Feature","properties":{"nombre":null},"geometry":{"type":"LineString","coordinates":[[-57.533764,-25.248858],[-57.533975,-25.249389]]}},{"type":"Feature","properties":{"nombre":null},"geometry":{"type":"LineString","coordinates":[[-57.534996,-25.247718],[-57.535146,-25.247641]]}},{"type":"Feature","properties":{"nombre":null},"geometry":{"type":"LineString","coordinates":[[-57.536118,-25.24589],[-57.535886,-25.245507],[-57.535796,-25.245425],[-57.535551,-25.245513],[-57.535469,-25.245575],[-57.535307,-25.245645],[-57.535257,-25.245644]]}},{"type":"Feature","properties":{"nombre":null},"geometry":{"type":"LineString","coordinates":[[-57.541536,-25.248342],[-57.541564,-25.248385]]}},{"type":"Feature","properties":{"nombre":null},"geometry":{"type":"LineString","coordinates":[[-57.531743,-25.24344],[-57.531698,-25.243352],[-57.531625,-25.243332],[-57.531295,-25.243458]]}},{"type":"Feature","properties":{"nombre":null},"geometry":{"type":"LineString","coordinates":[[-57.529971,-25.24274],[-57.529973,-25.242792],[-57.529583,-25.243111],[-57.529531,-25.243202],[-57.529468,-25.243225]]}},{"type":"Feature","properties":{"nombre":null},"geometry":{"type":"LineString","coordinates":[[-57.527454,-25.242816],[-57.525672,-25.243311],[-57.525313,-25.243405],[-57.52528,-25.243391]]}},{"type":"Feature","properties":{"nombre":null},"geometry":{"type":"LineString","coordinates":[[-57.533333,-25.239049],[-57.533156,-25.239122],[-57.532921,-25.239145],[-57.532853,-25.239181]]}},{"type":"Feature","properties":{"nombre":null},"geometry":{"type":"LineString","coordinates":[[-57.533333,-25.249832],[-57.533152,-25.249752],[-57.533089,-25.249794],[-57.532924,-25.249803]]}},{"type":"Feature","properties":{"nombre":null},"geometry":{"type":"LineString","coordinates":[[-57.528322,-25.244759],[-57.528278,-25.244913],[-57.528244,-25.24496],[-57.528249,-25.245007],[-57.528179,-25.245016]]}},{"type":"Feature","properties":{"nombre":null},"geometry":{"type":"LineString","coordinates":[[-57.530308,-25.244445],[-57.530099,-25.244622]]}},{"type":"Feature","properties":{"nombre":null},"geometry":{"type":"LineString","coordinates":[[-57.530853,-25.247164],[-57.53079,-25.247187],[-57.530719,-25.247181],[-57.53062,-25.247135],[-57.530561,-25.247194]]}},{"type":"Feature","properties":{"nombre":null},"geometry":{"type":"LineString","coordinates":[[-57.541677,-25.254876],[-57.541667,-25.25488]]}},{"type":"Feature","properties":{"nombre":null},"geometry":{"type":"LineString","coordinates":[[-57.542374,-25.254121],[-57.542187,-25.254194]]}},{"type":"Feature","properties":{"nombre":null},"geometry":{"type":"LineString","coordinates":[[-57.55,-25.256581],[-57.549553,-25.256668]]}},{"type":"Feature","properties":{"nombre":null},"geometry":{"type":"LineString","coordinates":[[-57.54329,-25.256619],[-57.543515,-25.257694],[-57.543505,-25.257697],[-57.543278,-25.256619],[-57.54329,-25.256619]]}},{"type":"Feature","properties":{"nombre":null},"geometry":{"type":"LineString","coordinates":[[-57.544449,-25.266667],[-57.544473,-25.266375],[-57.544621,-25.265804],[-57.544573,-25.265303],[-57.544586,-25.265277],[-57.544729,-25.265411],[-57.545185,-25.265733],[-57.545395,-25.265991],[-57.545416,-25.266054],[-57.545391,-25.266272],[-57.545308,-25.266667]]}},{"type":"Feature","properties":{"nombre":null},"geometry":{"type":"LineString","coordinates":[[-57.541667,-25.263188],[-57.541785,-25.263204],[-57.541858,-25.263324],[-57.542046,-25.263436],[-57.54211,-25.263522],[-57.542196,-25.263921],[-57.542181,-25.264126],[-57.542214,-25.264193],[-57.542784,-25.264317],[-57.543209,-25.264384],[-57.543639,-25.264493],[-57.544284,-25.264608],[-57.544359,-25.264637],[-57.544425,-25.264714],[-57.544444,-25.264786],[-57.544391,-25.264885],[-57.544391,-25.264949],[-57.544412,-25.264976],[-57.544547,-25.264956],[-57.544575,-25.264974],[-57.544599,-25.265228],[-57.544657,-25.265317],[-57.545051,-25.265573],[-57.545215,-25.265704],[-57.545435,-25.265974],[-57.545459,-25.266083],[-57.545352,-25.266667]]}},{"type":"Feature","properties":{"nombre":null},"geometry":{"type":"LineString","coordinates":[[-57.547886,-25.261996],[-57.547907,-25.261911],[-57.547916,-25.261908],[-57.547917,-25.26196],[-57.547886,-25.261996]]}},{"type":"Feature","properties":{"nombre":null},"geometry":{"type":"LineString","coordinates":[[-57.548035,-25.261912],[-57.548015,-25.262],[-57.548029,-25.262002],[-57.548065,-25.261972],[-57.548077,-25.261905],[-57.548035,-25.261912]]}},{"type":"Feature","properties":{"nombre":null},"geometry":{"type":"LineString","coordinates":[[-57.548169,-25.261425],[-57.548154,-25.261437],[-57.548147,-25.261428],[-57.548165,-25.261418],[-57.548169,-25.261425]]}},{"type":"Feature","properties":{"nombre":null},"geometry":{"type":"LineString","coordinates":[[-57.54645,-25.263653],[-57.546454,-25.263418]]}},{"type":"Feature","properties":{"nombre":null},"geometry":{"type":"LineString","coordinates":[[-57.547686,-25.261868],[-57.547859,-25.261152]]}},{"type":"Feature","properties":{"nombre":null},"geometry":{"type":"LineString","coordinates":[[-57.542158,-25.26426],[-57.542113,-25.264695],[-57.542211,-25.264904],[-57.542223,-25.265039],[-57.542289,-25.265224]]}},{"type":"Feature","properties":{"nombre":null},"geometry":{"type":"LineString","coordinates":[[-57.546627,-25.266667],[-57.54735,-25.263431],[-57.54734,-25.263405],[-57.547743,-25.263396]]}},{"type":"Feature","properties":{"nombre":null},"geometry":{"type":"LineString","coordinates":[[-57.54567,-25.271316],[-57.545468,-25.271308],[-57.545373,-25.271276],[-57.545411,-25.270986],[-57.545354,-25.270932]]}},{"type":"Feature","properties":{"nombre":null},"geometry":{"type":"LineString","coordinates":[[-57.545352,-25.266667],[-57.545196,-25.267466]]}},{"type":"Feature","properties":{"nombre":null},"geometry":{"type":"LineString","coordinates":[[-57.545308,-25.266667],[-57.545171,-25.267406],[-57.545043,-25.267761],[-57.545025,-25.268044],[-57.544788,-25.268941],[-57.544748,-25.269229],[-57.544709,-25.269338],[-57.544674,-25.269353]]}},{"type":"Feature","properties":{"nombre":null},"geometry":{"type":"LineString","coordinates":[[-57.544678,-25.293089],[-57.544533,-25.292854]]}},{"type":"Feature","properties":{"nombre":null},"geometry":{"type":"LineString","coordinates":[[-57.547442,-25.290284],[-57.547543,-25.290214],[-57.547533,-25.290114]]}},{"type":"Feature","properties":{"nombre":"ARROYO YTAY"},"geometry":{"type":"LineString","coordinates":[[-57.542565,-25.272222],[-57.542309,-25.271765],[-57.542133,-25.271361],[-57.542017,-25.271216],[-57.541967,-25.271111],[-57.541899,-25.270848],[-57.541865,-25.270415],[-57.541667,-25.269943]]}},{"type":"Feature","properties":{"nombre":null},"geometry":{"type":"LineString","coordinates":[[-57.546284,-25.268368],[-57.545528,-25.268228]]}},{"type":"Feature","properties":{"nombre":null},"geometry":{"type":"LineString","coordinates":[[-57.54577,-25.272222],[-57.545862,-25.271798],[-57.545784,-25.272222]]}},{"type":"Feature","properties":{"nombre":null},"geometry":{"type":"LineString","coordinates":[[-57.546043,-25.270281],[-57.545955,-25.270257],[-57.54599,-25.270101]]}},{"type":"Feature","properties":{"nombre":null},"geometry":{"type":"LineString","coordinates":[[-57.546613,-25.266692],[-57.546465,-25.266667]]}},{"type":"Feature","properties":{"nombre":null},"geometry":{"type":"LineString","coordinates":[[-57.541673,-25.277376],[-57.541779,-25.277437],[-57.541788,-25.277512],[-57.541751,-25.277561],[-57.541667,-25.277596]]}},{"type":"Feature","properties":{"nombre":null},"geometry":{"type":"LineString","coordinates":[[-57.545323,-25.274638],[-57.545374,-25.274624],[-57.545394,-25.27459],[-57.545446,-25.274329]]}},{"type":"Feature","properties":{"nombre":null},"geometry":{"type":"LineString","coordinates":[[-57.546095,-25.275457],[-57.546688,-25.275622]]}},{"type":"Feature","properties":{"nombre":null},"geometry":{"type":"LineString","coordinates":[[-57.54392,-25.272996],[-57.542764,-25.272772]]}},{"type":"Feature","properties":{"nombre":null},"geometry":{"type":"LineString","coordinates":[[-57.548916,-25.273612],[-57.548408,-25.273028],[-57.548091,-25.272721],[-57.547661,-25.27223]]}},{"type":"Feature","properties":{"nombre":null},"geometry":{"type":"LineString","coordinates":[[-57.549405,-25.27387],[-57.549886,-25.274408]]}},{"type":"Feature","properties":{"nombre":null},"geometry":{"type":"LineString","coordinates":[[-57.55,-25.27677],[-57.5492,-25.276548]]}},{"type":"Feature","properties":{"nombre":null},"geometry":{"type":"LineString","coordinates":[[-57.54705,-25.275723],[-57.548827,-25.276208]]}},{"type":"Feature","properties":{"nombre":null},"geometry":{"type":"LineString","coordinates":[[-57.544027,-25.28056],[-57.54402,-25.280508],[-57.544071,-25.280366],[-57.544071,-25.28029],[-57.543976,-25.279832],[-57.54392,-25.279713],[-57.543807,-25.279697],[-57.543791,-25.279674],[-57.543839,-25.2795],[-57.543806,-25.279191],[-57.543783,-25.279161],[-57.543724,-25.279149],[-57.543628,-25.279023],[-57.543494,-25.278986],[-57.543413,-25.278833],[-57.54316,-25.278687]]}},{"type":"Feature","properties":{"nombre":null},"geometry":{"type":"LineString","coordinates":[[-57.547007,-25.28144],[-57.546969,-25.281387]]}},{"type":"Feature","properties":{"nombre":null},"geometry":{"type":"LineString","coordinates":[[-57.542785,-25.284942],[-57.542311,-25.284988],[-57.542247,-25.28497]]}},{"type":"Feature","properties":{"nombre":"ARROYO YTAY"},"geometry":{"type":"LineString","coordinates":[[-57.549024,-25.288772],[-57.548946,-25.288583],[-57.548939,-25.288445],[-57.548871,-25.288184],[-57.548595,-25.287386],[-57.548551,-25.287107],[-57.548451,-25.286798],[-57.548375,-25.286335],[-57.54837,-25.286058],[-57.548341,-25.285997],[-57.548279,-25.285656],[-57.548147,-25.285436],[-57.548071,-25.285351],[-57.547982,-25.285153],[-57.54783,-25.284587],[-57.547787,-25.284322],[-57.547684,-25.284021],[-57.547675,-25.283778],[-57.547569,-25.283392],[-57.54753,-25.283333]]}},{"type":"Feature","properties":{"nombre":null},"geometry":{"type":"LineString","coordinates":[[-57.545294,-25.294445],[-57.545214,-25.294398],[-57.545161,-25.294393],[-57.545121,-25.294445]]}},{"type":"Feature","properties":{"nombre":null},"geometry":{"type":"LineString","coordinates":[[-57.541846,-25.288889],[-57.541667,-25.288954]]}},{"type":"Feature","properties":{"nombre":"ARROYO YTAY"},"geometry":{"type":"LineString","coordinates":[[-57.549833,-25.291168],[-57.549712,-25.291134],[-57.549703,-25.290916],[-57.549674,-25.290815],[-57.549468,-25.290391],[-57.54945,-25.290239],[-57.549209,-25.289654]]}},{"type":"Feature","properties":{"nombre":null},"geometry":{"type":"LineString","coordinates":[[-57.540225,-25.252048],[-57.540141,-25.252085],[-57.540222,-25.252034],[-57.540225,-25.252048]]}},{"type":"Feature","properties":{"nombre":null},"geometry":{"type":"LineString","coordinates":[[-57.539805,-25.251861],[-57.539927,-25.251804],[-57.539895,-25.251729],[-57.540181,-25.251593],[-57.540158,-25.251563],[-57.539997,-25.251677]]}},{"type":"Feature","properties":{"nombre":null},"geometry":{"type":"LineString","coordinates":[[-57.538429,-25.253497],[-57.538348,-25.254652]]}},{"type":"Feature","properties":{"nombre":null},"geometry":{"type":"LineString","coordinates":[[-57.538502,-25.25],[-57.538429,-25.250066],[-57.53832,-25.250106],[-57.538184,-25.25025],[-57.538173,-25.250294],[-57.538203,-25.250386],[-57.538088,-25.250569],[-57.537984,-25.250572],[-57.53783,-25.25068],[-57.537504,-25.25082],[-57.537391,-25.250958],[-57.537221,-25.250999],[-57.537047,-25.251011],[-57.536897,-25.251096]]}},{"type":"Feature","properties":{"nombre":null},"geometry":{"type":"LineString","coordinates":[[-57.537002,-25.252081],[-57.536978,-25.25209]]}},{"type":"Feature","properties":{"nombre":null},"geometry":{"type":"LineString","coordinates":[[-57.537648,-25.254747],[-57.537751,-25.254971],[-57.53786,-25.255556]]}},{"type":"Feature","properties":{"nombre":null},"geometry":{"type":"LineString","coordinates":[[-57.541437,-25.285087],[-57.541362,-25.285047],[-57.541263,-25.284905],[-57.541134,-25.284848],[-57.541083,-25.284738],[-57.540909,-25.284861],[-57.540844,-25.285004],[-57.540814,-25.285169],[-57.540874,-25.285333],[-57.540861,-25.285358],[-57.540835,-25.285381],[-57.540615,-25.285388],[-57.540575,-25.285439],[-57.540581,-25.285645],[-57.540552,-25.285702],[-57.540645,-25.285967],[-57.540601,-25.286006],[-57.540607,-25.286034],[-57.540645,-25.28605],[-57.540751,-25.286038],[-57.540909,-25.285976],[-57.540948,-25.285994],[-57.541091,-25.286173]]}},{"type":"Feature","properties":{"nombre":null},"geometry":{"type":"LineString","coordinates":[[-57.590749,-25.333486],[-57.591042,-25.333581],[-57.591667,-25.333867]]}},{"type":"Feature","properties":{"nombre":null},"geometry":{"type":"LineString","coordinates":[[-57.570167,-25.322864],[-57.569838,-25.322702],[-57.569704,-25.322838]]}},{"type":"Feature","properties":{"nombre":null},"geometry":{"type":"LineString","coordinates":[[-57.566636,-25.321065],[-57.566509,-25.321025],[-57.566367,-25.320885],[-57.566227,-25.320808],[-57.566131,-25.320703],[-57.565642,-25.320331]]}},{"type":"Feature","properties":{"nombre":null},"geometry":{"type":"LineString","coordinates":[[-57.564187,-25.320318],[-57.564159,-25.320348]]}},{"type":"Feature","properties":{"nombre":null},"geometry":{"type":"LineString","coordinates":[[-57.56592,-25.320233],[-57.565807,-25.320238],[-57.565679,-25.320278]]}},{"type":"Feature","properties":{"nombre":null},"geometry":{"type":"LineString","coordinates":[[-57.566415,-25.321553],[-57.566501,-25.321451]]}},{"type":"Feature","properties":{"nombre":null},"geometry":{"type":"LineString","coordinates":[[-57.561824,-25.319078],[-57.561807,-25.319194]]}},{"type":"Feature","properties":{"nombre":null},"geometry":{"type":"LineString","coordinates":[[-57.563397,-25.31788],[-57.563322,-25.31781],[-57.563231,-25.317595]]}},{"type":"Feature","properties":{"nombre":null},"geometry":{"type":"LineString","coordinates":[[-57.549895,-25.274688],[-57.55,-25.274792]]}},{"type":"Feature","properties":{"nombre":"ARROYO YTAY"},"geometry":{"type":"LineString","coordinates":[[-57.553234,-25.307181],[-57.553163,-25.30714],[-57.553136,-25.307064],[-57.553174,-25.307025],[-57.553181,-25.306944],[-57.55309,-25.306574],[-57.553042,-25.306124],[-57.552928,-25.305556]]}},{"type":"Feature","properties":{"nombre":null},"geometry":{"type":"LineString","coordinates":[[-57.555109,-25.309891],[-57.555053,-25.309849]]}},{"type":"Feature","properties":{"nombre":null},"geometry":{"type":"LineString","coordinates":[[-57.545869,-25.292729],[-57.545634,-25.292742],[-57.545538,-25.292721],[-57.545494,-25.292667],[-57.54528,-25.292693],[-57.545043,-25.292772],[-57.544894,-25.292788]]}},{"type":"Feature","properties":{"nombre":null},"geometry":{"type":"LineString","coordinates":[[-57.548658,-25.290275],[-57.549054,-25.290188]]}},{"type":"Feature","properties":{"nombre":null},"geometry":{"type":"LineString","coordinates":[[-57.545121,-25.294445],[-57.544953,-25.294463],[-57.544914,-25.294444]]}},{"type":"Feature","properties":{"nombre":null},"geometry":{"type":"LineString","coordinates":[[-57.529216,-25.24539],[-57.528842,-25.245599]]}},{"type":"Feature","properties":{"nombre":null},"geometry":{"type":"LineString","coordinates":[[-57.527323,-25.244444],[-57.527311,-25.244528],[-57.527275,-25.244559]]}},{"type":"Feature","properties":{"nombre":"ARROYO YTAY"},"geometry":{"type":"LineString","coordinates":[[-57.542586,-25.274399],[-57.542565,-25.274544],[-57.542477,-25.274741],[-57.542483,-25.274802],[-57.542585,-25.274947],[-57.542598,-25.275003],[-57.542567,-25.275506],[-57.542549,-25.275536],[-57.542402,-25.275568],[-57.542357,-25.275613],[-57.542316,-25.275911],[-57.542375,-25.276093],[-57.542573,-25.276238],[-57.542651,-25.276412],[-57.542682,-25.27663],[-57.542641,-25.276801],[-57.542565,-25.276912],[-57.542556,-25.277012],[-57.542602,-25.277203],[-57.542734,-25.277496],[-57.54274,-25.277594],[-57.542853,-25.277778]]}},{"type":"Feature","properties":{"nombre":null},"geometry":{"type":"LineString","coordinates":[[-57.548689,-25.27334],[-57.548369,-25.272973],[-57.548098,-25.272715]]}},{"type":"Feature","properties":{"nombre":null},"geometry":{"type":"LineString","coordinates":[[-57.549405,-25.27387],[-57.549248,-25.273698]]}},{"type":"Feature","properties":{"nombre":null},"geometry":{"type":"LineString","coordinates":[[-57.547462,-25.274746],[-57.546468,-25.274483],[-57.546674,-25.273563]]}},{"type":"Feature","properties":{"nombre":null},"geometry":{"type":"LineString","coordinates":[[-57.548061,-25.27267],[-57.547935,-25.272493],[-57.547673,-25.272223]]}},{"type":"Feature","properties":{"nombre":null},"geometry":{"type":"LineString","coordinates":[[-57.546095,-25.275457],[-57.546688,-25.275622]]}},{"type":"Feature","properties":{"nombre":null},"geometry":{"type":"LineString","coordinates":[[-57.54465,-25.274914],[-57.544652,-25.274892]]}},{"type":"Feature","properties":{"nombre":null},"geometry":{"type":"LineString","coordinates":[[-57.549521,-25.273996],[-57.549442,-25.273914]]}},{"type":"Feature","properties":{"nombre":null},"geometry":{"type":"LineString","coordinates":[[-57.549149,-25.273603],[-57.548977,-25.273403]]}},{"type":"Feature","properties":{"nombre":null},"geometry":{"type":"LineString","coordinates":[[-57.54978,-25.274554],[-57.549758,-25.274526]]}},{"type":"Feature","properties":{"nombre":null},"geometry":{"type":"LineString","coordinates":[[-57.54883,-25.276196],[-57.548729,-25.276164]]}},{"type":"Feature","properties":{"nombre":null},"geometry":{"type":"LineString","coordinates":[[-57.548686,-25.276171],[-57.548625,-25.276152]]}},{"type":"Feature","properties":{"nombre":null},"geometry":{"type":"LineString","coordinates":[[-57.546095,-25.275457],[-57.546688,-25.275622]]}},{"type":"Feature","properties":{"nombre":null},"geometry":{"type":"LineString","coordinates":[[-57.548283,-25.276274],[-57.548223,-25.27626],[-57.54822,-25.276269],[-57.54828,-25.276283],[-57.548283,-25.276274]]}},{"type":"Feature","properties":{"nombre":null},"geometry":{"type":"LineString","coordinates":[[-57.548108,-25.276224],[-57.548051,-25.276207],[-57.548045,-25.276224],[-57.548102,-25.276241],[-57.548108,-25.276224]]}},{"type":"Feature","properties":{"nombre":null},"geometry":{"type":"LineString","coordinates":[[-57.547341,-25.276014],[-57.547316,-25.276008],[-57.547312,-25.276021],[-57.547337,-25.276027],[-57.547341,-25.276014]]}},{"type":"Feature","properties":{"nombre":null},"geometry":{"type":"LineString","coordinates":[[-57.549497,-25.276613],[-57.549327,-25.276564]]}},{"type":"Feature","properties":{"nombre":null},"geometry":{"type":"LineString","coordinates":[[-57.54758,-25.283463],[-57.547675,-25.283778],[-57.547678,-25.283902]]}},{"type":"Feature","properties":{"nombre":null},"geometry":{"type":"LineString","coordinates":[[-57.547573,-25.283424],[-57.54753,-25.283333]]}},{"type":"Feature","properties":{"nombre":null},"geometry":{"type":"LineString","coordinates":[[-57.547531,-25.283474],[-57.547614,-25.283773],[-57.547608,-25.283874],[-57.547626,-25.283914]]}},{"type":"Feature","properties":{"nombre":null},"geometry":{"type":"LineString","coordinates":[[-57.548754,-25.286053],[-57.548377,-25.28613]]}},{"type":"Feature","properties":{"nombre":null},"geometry":{"type":"LineString","coordinates":[[-57.542472,-25.292498],[-57.542416,-25.292446],[-57.542235,-25.292169],[-57.541938,-25.291965],[-57.541861,-25.291805]]}},{"type":"Feature","properties":{"nombre":null},"geometry":{"type":"LineString","coordinates":[[-57.549545,-25.290545],[-57.549468,-25.290391],[-57.54945,-25.290239],[-57.549397,-25.290115]]}},{"type":"Feature","properties":{"nombre":null},"geometry":{"type":"LineString","coordinates":[[-57.549137,-25.28917],[-57.549123,-25.289121]]}},{"type":"Feature","properties":{"nombre":null},"geometry":{"type":"LineString","coordinates":[[-57.542346,-25.288931],[-57.542338,-25.288889]]}},{"type":"Feature","properties":{"nombre":null},"geometry":{"type":"LineString","coordinates":[[-57.541667,-25.263188],[-57.541485,-25.263305],[-57.541413,-25.263323],[-57.541377,-25.26331],[-57.541268,-25.263183],[-57.541093,-25.263169]]}},{"type":"Feature","properties":{"nombre":null},"geometry":{"type":"LineString","coordinates":[[-57.541667,-25.263232],[-57.541485,-25.263337],[-57.541388,-25.263356],[-57.541286,-25.263317],[-57.541197,-25.263231],[-57.541084,-25.263218]]}},{"type":"Feature","properties":{"nombre":null},"geometry":{"type":"LineString","coordinates":[[-57.667767,-25.285951],[-57.667318,-25.285966],[-57.667442,-25.285923],[-57.667732,-25.285901]]}},{"type":"Feature","properties":{"nombre":null},"geometry":{"type":"LineString","coordinates":[[-57.6676,-25.28617],[-57.667681,-25.286183],[-57.667731,-25.286217],[-57.667933,-25.286608]]}},{"type":"Feature","properties":{"nombre":null},"geometry":{"type":"LineString","coordinates":[[-57.670118,-25.294287],[-57.670092,-25.294242],[-57.66982,-25.294219]]}},{"type":"Feature","properties":{"nombre":null},"geometry":{"type":"LineString","coordinates":[[-57.67002,-25.293338],[-57.670155,-25.293364]]}},{"type":"Feature","properties":{"nombre":null},"geometry":{"type":"LineString","coordinates":[[-57.669318,-25.297731],[-57.669219,-25.297775],[-57.669175,-25.297898],[-57.669201,-25.297923],[-57.669242,-25.297868],[-57.669287,-25.297891],[-57.669331,-25.298],[-57.669345,-25.298129],[-57.66934,-25.298278],[-57.669283,-25.298327],[-57.669226,-25.298541],[-57.669234,-25.298824],[-57.669203,-25.299214],[-57.669042,-25.29952],[-57.668924,-25.299815],[-57.668924,-25.299841],[-57.669025,-25.299861],[-57.669135,-25.299943],[-57.669128,-25.3]]}},{"type":"Feature","properties":{"nombre":null},"geometry":{"type":"LineString","coordinates":[[-57.66877,-25.29897],[-57.669158,-25.299027]]}},{"type":"Feature","properties":{"nombre":"ARROYO MBURICAO SUR"},"geometry":{"type":"LineString","coordinates":[[-57.658333,-25.297814],[-57.658517,-25.297855],[-57.658618,-25.29792],[-57.658725,-25.297933],[-57.658857,-25.29791],[-57.658977,-25.297835],[-57.659106,-25.297788],[-57.659274,-25.297777],[-57.659477,-25.297934],[-57.659571,-25.298038],[-57.659789,-25.298173],[-57.659865,-25.298319],[-57.659947,-25.298389],[-57.660029,-25.298556],[-57.660077,-25.2986],[-57.660374,-25.298603],[-57.660498,-25.298649],[-57.660625,-25.298664],[-57.660691,-25.298653],[-57.660813,-25.29858],[-57.660846,-25.298536],[-57.660904,-25.298527],[-57.660996,-25.298548],[-57.6611,-25.298614],[-57.66127,-25.298675]]}},{"type":"Feature","properties":{"nombre":null},"geometry":{"type":"LineString","coordinates":[[-57.656032,-25.282571],[-57.656055,-25.282266]]}},{"type":"Feature","properties":{"nombre":null},"geometry":{"type":"LineString","coordinates":[[-57.65645,-25.281488],[-57.656409,-25.281733]]}},{"type":"Feature","properties":{"nombre":null},"geometry":{"type":"LineString","coordinates":[[-57.654386,-25.298618],[-57.653829,-25.298999]]}},{"type":"Feature","properties":{"nombre":null},"geometry":{"type":"LineString","coordinates":[[-57.66958,-25.310242],[-57.669652,-25.310331],[-57.66977,-25.310675],[-57.66973,-25.311004],[-57.669771,-25.311069],[-57.66972,-25.311094],[-57.669419,-25.311088]]}},{"type":"Feature","properties":{"nombre":null},"geometry":{"type":"LineString","coordinates":[[-57.670069,-25.316667],[-57.670018,-25.316813],[-57.669916,-25.317004],[-57.669935,-25.317109],[-57.670013,-25.317186],[-57.670025,-25.317225],[-57.669934,-25.317414],[-57.669845,-25.317726],[-57.669733,-25.317899],[-57.669693,-25.31811]]}},{"type":"Feature","properties":{"nombre":"ARROYO SALAMANCA"},"geometry":{"type":"LineString","coordinates":[[-57.65,-25.312752],[-57.650338,-25.312817],[-57.650773,-25.312962],[-57.651237,-25.313023],[-57.651623,-25.31302],[-57.651991,-25.31287],[-57.652147,-25.312625],[-57.652268,-25.312382],[-57.652277,-25.312015],[-57.652237,-25.311943],[-57.652225,-25.311833],[-57.652143,-25.311707],[-57.652115,-25.311606],[-57.652143,-25.311564],[-57.652256,-25.311499],[-57.6523,-25.311421]]}},{"type":"Feature","properties":{"nombre":null},"geometry":{"type":"LineString","coordinates":[[-57.651581,-25.312459],[-57.651489,-25.31237],[-57.651498,-25.312323],[-57.651439,-25.312278]]}},{"type":"Feature","properties":{"nombre":null},"geometry":{"type":"LineString","coordinates":[[-57.654296,-25.327778],[-57.654341,-25.327843],[-57.654383,-25.327849],[-57.65441,-25.327915],[-57.654437,-25.327918],[-57.654506,-25.327838],[-57.654429,-25.32782],[-57.65441,-25.327778]]}},{"type":"Feature","properties":{"nombre":null},"geometry":{"type":"LineString","coordinates":[[-57.641667,-25.270067],[-57.641794,-25.270066],[-57.642237,-25.27018],[-57.642449,-25.270276],[-57.642767,-25.270325],[-57.643001,-25.270429],[-57.643019,-25.270552],[-57.643042,-25.270575],[-57.64311,-25.270572],[-57.643128,-25.270494],[-57.643178,-25.270473],[-57.643597,-25.270677],[-57.644021,-25.270808],[-57.644566,-25.270924],[-57.644735,-25.270867],[-57.644893,-25.270956],[-57.645014,-25.270985],[-57.645086,-25.271049],[-57.645265,-25.271077],[-57.645338,-25.271153],[-57.645575,-25.271239],[-57.645806,-25.271216],[-57.646054,-25.271253],[-57.646266,-25.27119],[-57.64634,-25.271123],[-57.646338,-25.270784],[-57.646227,-25.270706],[-57.645965,-25.270673],[-57.645884,-25.270629],[-57.645677,-25.270605],[-57.645486,-25.270644],[-57.645345,-25.270639],[-57.645254,-25.270581],[-57.645214,-25.270499],[-57.645086,-25.270368],[-57.645077,-25.270302],[-57.645119,-25.270257],[-57.644927,-25.270205],[-57.644845,-25.270241],[-57.644651,-25.27026],[-57.644522,-25.27035],[-57.644447,-25.270306],[-57.64442,-25.270256],[-57.644564,-25.270258],[-57.644631,-25.2702],[-57.644582,-25.26992],[-57.644541,-25.269855],[-57.644452,-25.269782],[-57.644569,-25.269657],[-57.644497,-25.26959],[-57.644355,-25.269536],[-57.644208,-25.269413],[-57.64398,-25.269367],[-57.644023,-25.269316],[-57.644206,-25.269351],[-57.644228,-25.269349],[-57.644225,-25.269322],[-57.644049,-25.269225],[-57.643919,-25.269198],[-57.643824,-25.269054],[-57.643563,-25.268959],[-57.643446,-25.268884],[-57.643164,-25.268638],[-57.642675,-25.268351],[-57.642496,-25.268209],[-57.642388,-25.268213],[-57.642225,-25.268143],[-57.64214,-25.268046],[-57.641987,-25.267925],[-57.641667,-25.267732]]}},{"type":"Feature","properties":{"nombre":null},"geometry":{"type":"LineString","coordinates":[[-57.647348,-25.281039],[-57.647317,-25.281037],[-57.647273,-25.280915],[-57.647092,-25.280743],[-57.646974,-25.280497]]}},{"type":"Feature","properties":{"nombre":null},"geometry":{"type":"LineString","coordinates":[[-57.640121,-25.266667],[-57.639936,-25.26653],[-57.639718,-25.266326],[-57.639495,-25.26604],[-57.639066,-25.265643],[-57.638662,-25.265359],[-57.638524,-25.265207],[-57.638466,-25.265191],[-57.638376,-25.26523],[-57.638348,-25.265221],[-57.638313,-25.26515],[-57.638317,-25.265098],[-57.638397,-25.265072],[-57.638413,-25.265047],[-57.638083,-25.26484],[-57.637964,-25.264797],[-57.637711,-25.264641],[-57.63704,-25.264292],[-57.636884,-25.264175],[-57.636929,-25.264114],[-57.636738,-25.2641],[-57.636656,-25.264037],[-57.636571,-25.264015],[-57.636537,-25.263958],[-57.636379,-25.263875],[-57.636217,-25.263846],[-57.636128,-25.263857],[-57.636017,-25.263752],[-57.635906,-25.263715],[-57.635249,-25.263158],[-57.635127,-25.263066],[-57.634999,-25.263004],[-57.63488,-25.262887],[-57.634842,-25.262874]]}},{"type":"Feature","properties":{"nombre":null},"geometry":{"type":"LineString","coordinates":[[-57.634319,-25.268632],[-57.63425,-25.268632],[-57.634168,-25.2686],[-57.633991,-25.268469],[-57.633944,-25.268389],[-57.633544,-25.268186],[-57.633439,-25.268082],[-57.633333,-25.268054]]}},{"type":"Feature","properties":{"nombre":null},"geometry":{"type":"LineString","coordinates":[[-57.633333,-25.277728],[-57.63342,-25.27766],[-57.633501,-25.277683],[-57.633574,-25.277663],[-57.633681,-25.277684],[-57.633755,-25.277641],[-57.633794,-25.277589],[-57.633821,-25.277522],[-57.633757,-25.277421],[-57.63375,-25.277364],[-57.63383,-25.277342],[-57.633878,-25.277398],[-57.63392,-25.277384],[-57.633815,-25.277124],[-57.633846,-25.277085],[-57.633823,-25.277018],[-57.633843,-25.276975],[-57.633902,-25.276968],[-57.633934,-25.277006],[-57.634054,-25.276994],[-57.634092,-25.277035],[-57.633875,-25.277177],[-57.633937,-25.277339],[-57.634058,-25.277391],[-57.634094,-25.277363],[-57.634109,-25.277278],[-57.634252,-25.277235],[-57.634304,-25.277244],[-57.634357,-25.277294],[-57.634401,-25.277471],[-57.634481,-25.277489],[-57.634577,-25.277559],[-57.63462,-25.277561],[-57.634623,-25.277535],[-57.634592,-25.277521],[-57.634594,-25.277464],[-57.63466,-25.277448],[-57.634662,-25.277349],[-57.634744,-25.277358],[-57.634915,-25.277152],[-57.634992,-25.277113],[-57.635023,-25.277053],[-57.635115,-25.277035],[-57.635095,-25.27696],[-57.635157,-25.27699],[-57.635263,-25.276975],[-57.6353,-25.276998],[-57.635445,-25.276991],[-57.635493,-25.277009],[-57.635593,-25.276611],[-57.63551,-25.276446],[-57.635517,-25.276382],[-57.635681,-25.276229],[-57.635742,-25.276227],[-57.635776,-25.276197],[-57.635789,-25.276096],[-57.63587,-25.275999],[-57.635902,-25.275912],[-57.635935,-25.275908],[-57.635934,-25.275979],[-57.635974,-25.275979],[-57.636323,-25.275743],[-57.636351,-25.275762],[-57.636661,-25.275665],[-57.636802,-25.275664],[-57.636857,-25.275683],[-57.63704,-25.275908],[-57.637237,-25.276271],[-57.637282,-25.276316],[-57.637337,-25.276451],[-57.637485,-25.276638],[-57.63765,-25.276661],[-57.63769,-25.276642],[-57.637693,-25.276594],[-57.637777,-25.276548],[-57.637907,-25.276549],[-57.63803,-25.276474],[-57.638021,-25.276391],[-57.638055,-25.276383],[-57.638045,-25.276351]]}},{"type":"Feature","properties":{"nombre":null},"geometry":{"type":"LineString","coordinates":[[-57.632194,-25.266667],[-57.632167,-25.266612],[-57.631937,-25.266599],[-57.631839,-25.266538],[-57.631745,-25.266387],[-57.631776,-25.266363],[-57.631875,-25.266353],[-57.631831,-25.266256],[-57.631778,-25.266234],[-57.631699,-25.266238],[-57.631595,-25.266158],[-57.631519,-25.266181],[-57.631475,-25.266133],[-57.631512,-25.266141],[-57.631545,-25.266121],[-57.631531,-25.266066],[-57.631384,-25.266071],[-57.631354,-25.266045],[-57.631314,-25.265924],[-57.631339,-25.265878],[-57.631418,-25.265832],[-57.631439,-25.26577],[-57.63154,-25.265697],[-57.63164,-25.26586],[-57.631649,-25.265762],[-57.631563,-25.265625],[-57.631474,-25.26561],[-57.631462,-25.26556],[-57.631295,-25.265481],[-57.631252,-25.265425],[-57.631201,-25.265312],[-57.631282,-25.265231],[-57.631263,-25.265204],[-57.630978,-25.2654],[-57.630831,-25.265446],[-57.630753,-25.265533],[-57.630761,-25.265611],[-57.630808,-25.265684],[-57.630746,-25.265783],[-57.630726,-25.265984],[-57.630677,-25.266044],[-57.630697,-25.266075],[-57.630653,-25.266275],[-57.630722,-25.266412],[-57.630729,-25.266494],[-57.630608,-25.266598],[-57.630641,-25.266667]]}},{"type":"Feature","properties":{"nombre":null},"geometry":{"type":"LineString","coordinates":[[-57.626903,-25.283333],[-57.626838,-25.283269],[-57.626668,-25.283224],[-57.626606,-25.283155],[-57.626543,-25.283004],[-57.626575,-25.282772],[-57.626523,-25.282617],[-57.626354,-25.282293],[-57.626362,-25.282222],[-57.626409,-25.282189],[-57.626678,-25.282112]]}},{"type":"Feature","properties":{"nombre":null},"geometry":{"type":"LineString","coordinates":[[-57.61982,-25.279926],[-57.619775,-25.279831],[-57.619675,-25.279747],[-57.619635,-25.279673],[-57.619574,-25.279638],[-57.619561,-25.279583],[-57.619579,-25.279515]]}},{"type":"Feature","properties":{"nombre":null},"geometry":{"type":"LineString","coordinates":[[-57.608805,-25.251304],[-57.608612,-25.251138],[-57.608447,-25.251078],[-57.608333,-25.251071]]}},{"type":"Feature","properties":{"nombre":null},"geometry":{"type":"LineString","coordinates":[[-57.609795,-25.26007],[-57.609682,-25.260072]]}},{"type":"Feature","properties":{"nombre":null},"geometry":{"type":"LineString","coordinates":[[-57.611492,-25.257645],[-57.612117,-25.256818],[-57.612121,-25.256712],[-57.612073,-25.256525]]}},{"type":"Feature","properties":{"nombre":null},"geometry":{"type":"LineString","coordinates":[[-57.61392,-25.272222],[-57.613839,-25.272222]]}},{"type":"Feature","properties":{"nombre":"ARROYO LAS MERCEDES"},"geometry":{"type":"LineString","coordinates":[[-57.610182,-25.277755],[-57.610188,-25.277539],[-57.610023,-25.27723],[-57.610102,-25.276983],[-57.610261,-25.276798]]}},{"type":"Feature","properties":{"nombre":null},"geometry":{"type":"LineString","coordinates":[[-57.612804,-25.275979],[-57.612904,-25.276033],[-57.613186,-25.276125],[-57.613254,-25.275896]]}},{"type":"Feature","properties":{"nombre":null},"geometry":{"type":"LineString","coordinates":[[-57.615371,-25.276023],[-57.615197,-25.27621],[-57.615076,-25.276183],[-57.614976,-25.276222],[-57.614733,-25.276474],[-57.61454,-25.276731],[-57.614392,-25.276946],[-57.61439,-25.277391],[-57.614254,-25.277593],[-57.614115,-25.277699],[-57.614066,-25.277778]]}},{"type":"Feature","properties":{"nombre":null},"geometry":{"type":"LineString","coordinates":[[-57.613869,-25.279385],[-57.614697,-25.279537],[-57.614804,-25.279576]]}},{"type":"Feature","properties":{"nombre":null},"geometry":{"type":"LineString","coordinates":[[-57.613816,-25.277878],[-57.613935,-25.27784]]}},{"type":"Feature","properties":{"nombre":null},"geometry":{"type":"LineString","coordinates":[[-57.610633,-25.294512],[-57.610414,-25.294585]]}},{"type":"Feature","properties":{"nombre":null},"geometry":{"type":"LineString","coordinates":[[-57.605241,-25.274038],[-57.604728,-25.273643]]}},{"type":"Feature","properties":{"nombre":null},"geometry":{"type":"LineString","coordinates":[[-57.604918,-25.294444],[-57.604518,-25.2935],[-57.604462,-25.293383],[-57.604386,-25.293289]]}},{"type":"Feature","properties":{"nombre":null},"geometry":{"type":"LineString","coordinates":[[-57.601964,-25.294184],[-57.602893,-25.29376],[-57.60342,-25.293629]]}},{"type":"Feature","properties":{"nombre":null},"geometry":{"type":"LineString","coordinates":[[-57.602731,-25.295752],[-57.601992,-25.294465]]}},{"type":"Feature","properties":{"nombre":null},"geometry":{"type":"LineString","coordinates":[[-57.649101,-25.305405],[-57.649203,-25.305556]]}},{"type":"Feature","properties":{"nombre":null},"geometry":{"type":"LineString","coordinates":[[-57.648975,-25.312374],[-57.648975,-25.312421],[-57.648918,-25.312455]]}},{"type":"Feature","properties":{"nombre":null},"geometry":{"type":"LineString","coordinates":[[-57.642612,-25.322222],[-57.642315,-25.322994]]}},{"type":"Feature","properties":{"nombre":null},"geometry":{"type":"LineString","coordinates":[[-57.641719,-25.323365],[-57.641667,-25.323351]]}},{"type":"Feature","properties":{"nombre":null},"geometry":{"type":"LineString","coordinates":[[-57.636745,-25.325957],[-57.636649,-25.325939],[-57.636523,-25.325857],[-57.636353,-25.325919],[-57.636,-25.326301],[-57.635879,-25.326572],[-57.635868,-25.326647]]}},{"type":"Feature","properties":{"nombre":null},"geometry":{"type":"LineString","coordinates":[[-57.649205,-25.333333],[-57.649303,-25.333223],[-57.649294,-25.333013],[-57.649135,-25.332914],[-57.649079,-25.332849],[-57.649122,-25.332719],[-57.649089,-25.332482],[-57.649126,-25.332306],[-57.649109,-25.332099],[-57.649056,-25.332012],[-57.649092,-25.331875],[-57.648949,-25.331579],[-57.648961,-25.331499],[-57.649043,-25.331382],[-57.649045,-25.331289],[-57.649021,-25.331208],[-57.648845,-25.331089],[-57.648998,-25.331106],[-57.649056,-25.331175],[-57.649071,-25.331151],[-57.649008,-25.331035],[-57.649018,-25.330919],[-57.649235,-25.330658],[-57.649307,-25.3306],[-57.64951,-25.330539],[-57.649582,-25.330474],[-57.649622,-25.330356],[-57.65,-25.330172]]}},{"type":"Feature","properties":{"nombre":null},"geometry":{"type":"LineString","coordinates":[[-57.642762,-25.330436],[-57.642728,-25.330756],[-57.642639,-25.331083],[-57.642608,-25.3313],[-57.642631,-25.331657],[-57.642708,-25.332041],[-57.64263,-25.331847],[-57.642579,-25.331219],[-57.642674,-25.33085],[-57.642724,-25.330398],[-57.642777,-25.330409]]}},{"type":"Feature","properties":{"nombre":null},"geometry":{"type":"LineString","coordinates":[[-57.642567,-25.332012],[-57.642472,-25.33162],[-57.642472,-25.3314],[-57.642488,-25.331111],[-57.6426,-25.330694],[-57.642651,-25.330301],[-57.642627,-25.330302],[-57.642589,-25.330619],[-57.6425,-25.330988],[-57.642454,-25.331091],[-57.642471,-25.331183],[-57.642462,-25.331712],[-57.642547,-25.332009],[-57.642567,-25.332012]]}},{"type":"Feature","properties":{"nombre":null},"geometry":{"type":"LineString","coordinates":[[-57.642469,-25.329008],[-57.64245,-25.328961],[-57.642497,-25.328804],[-57.64276,-25.328057],[-57.642597,-25.328435],[-57.642375,-25.329079],[-57.642081,-25.329071],[-57.641667,-25.32898]]}},{"type":"Feature","properties":{"nombre":null},"geometry":{"type":"LineString","coordinates":[[-57.644766,-25.332194],[-57.644952,-25.332468],[-57.645051,-25.332403],[-57.6454,-25.332263],[-57.645406,-25.332214],[-57.64532,-25.332026],[-57.645431,-25.332186],[-57.645514,-25.332224],[-57.645855,-25.332106],[-57.646145,-25.332159],[-57.646254,-25.332253],[-57.646387,-25.332559],[-57.646513,-25.33293],[-57.646753,-25.333333]]}},{"type":"Feature","properties":{"nombre":null},"geometry":{"type":"LineString","coordinates":[[-57.633333,-25.327944],[-57.633385,-25.327969],[-57.633635,-25.328006]]}},{"type":"Feature","properties":{"nombre":null},"geometry":{"type":"LineString","coordinates":[[-57.634848,-25.329973],[-57.634945,-25.329937],[-57.635141,-25.32996],[-57.635548,-25.329849],[-57.636128,-25.329752],[-57.636282,-25.329705],[-57.636355,-25.329726],[-57.636408,-25.329789]]}},{"type":"Feature","properties":{"nombre":null},"geometry":{"type":"LineString","coordinates":[[-57.639481,-25.327778],[-57.639598,-25.327811]]}},{"type":"Feature","properties":{"nombre":null},"geometry":{"type":"LineString","coordinates":[[-57.64659,-25.333333],[-57.646333,-25.332849],[-57.646259,-25.332633],[-57.646199,-25.332341],[-57.646138,-25.332269],[-57.645985,-25.332205],[-57.645858,-25.332202],[-57.64561,-25.332286],[-57.645462,-25.332305],[-57.645185,-25.332429],[-57.644956,-25.332477],[-57.64487,-25.332548],[-57.644781,-25.332557],[-57.644757,-25.33255],[-57.644871,-25.332473],[-57.644891,-25.332427],[-57.644766,-25.332194]]}},{"type":"Feature","properties":{"nombre":null},"geometry":{"type":"LineString","coordinates":[[-57.644148,-25.338111],[-57.644115,-25.338069],[-57.644179,-25.33808],[-57.644312,-25.338189],[-57.644253,-25.338187],[-57.644148,-25.338111]]}},{"type":"Feature","properties":{"nombre":null},"geometry":{"type":"LineString","coordinates":[[-57.649205,-25.333333],[-57.649047,-25.333429],[-57.649013,-25.333479],[-57.649069,-25.333601],[-57.649089,-25.333747],[-57.649182,-25.333806],[-57.649541,-25.333852],[-57.649704,-25.333902],[-57.649737,-25.334009],[-57.649841,-25.33419],[-57.649769,-25.334389],[-57.649804,-25.33444],[-57.649969,-25.334566],[-57.64996,-25.33459],[-57.649898,-25.334598],[-57.649773,-25.334544],[-57.649672,-25.334546],[-57.649557,-25.334503],[-57.64951,-25.334459],[-57.649492,-25.33434],[-57.649139,-25.334096],[-57.649018,-25.334058],[-57.648853,-25.334094],[-57.648501,-25.333947],[-57.648333,-25.3339],[-57.648205,-25.334019],[-57.648263,-25.334143],[-57.648188,-25.334202],[-57.648099,-25.334449],[-57.647826,-25.334716],[-57.647577,-25.334777],[-57.647472,-25.334827],[-57.647423,-25.334911],[-57.647397,-25.335036],[-57.647294,-25.335223],[-57.647254,-25.335281],[-57.647184,-25.335309],[-57.64679,-25.335059],[-57.646585,-25.334992],[-57.646541,-25.334943],[-57.646518,-25.334837],[-57.646557,-25.334741],[-57.646948,-25.334524],[-57.646929,-25.334496],[-57.646775,-25.3345],[-57.646725,-25.334464],[-57.646627,-25.334224],[-57.646671,-25.334123],[-57.646663,-25.334017],[-57.64658,-25.333891],[-57.646459,-25.333839],[-57.6462,-25.333827],[-57.646131,-25.333678],[-57.646126,-25.333523],[-57.646188,-25.333472],[-57.646389,-25.333497],[-57.646405,-25.333414],[-57.646345,-25.333333]]}},{"type":"Feature","properties":{"nombre":null},"geometry":{"type":"LineString","coordinates":[[-57.644951,-25.333333],[-57.645223,-25.333477]]}},{"type":"Feature","properties":{"nombre":null},"geometry":{"type":"LineString","coordinates":[[-57.645227,-25.333506],[-57.644897,-25.333333]]}},{"type":"Feature","properties":{"nombre":null},"geometry":{"type":"LineString","coordinates":[[-57.646753,-25.333333],[-57.647008,-25.333824],[-57.647229,-25.33401],[-57.647345,-25.333978],[-57.647703,-25.333761],[-57.647968,-25.333673],[-57.648123,-25.33365],[-57.648188,-25.333595],[-57.648263,-25.33362],[-57.648075,-25.333767],[-57.64785,-25.333847],[-57.647816,-25.333917],[-57.647524,-25.334026],[-57.647423,-25.334137],[-57.647325,-25.334183],[-57.647242,-25.334182],[-57.647088,-25.334138],[-57.646951,-25.33397],[-57.64659,-25.333333]]}},{"type":"Feature","properties":{"nombre":"ARROYO SALAMANCA"},"geometry":{"type":"LineString","coordinates":[[-57.640714,-25.301673],[-57.640525,-25.30163],[-57.640304,-25.301636],[-57.639924,-25.301779]]}},{"type":"Feature","properties":{"nombre":"ARROYO Z. MOROTI"},"geometry":{"type":"LineString","coordinates":[[-57.637031,-25.309437],[-57.637143,-25.30985],[-57.63711,-25.310033]]}},{"type":"Feature","properties":{"nombre":"ARROYO Z. MOROTI"},"geometry":{"type":"LineString","coordinates":[[-57.636968,-25.308688],[-57.637022,-25.308918],[-57.636991,-25.308997],[-57.636984,-25.309148],[-57.637055,-25.309339]]}},{"type":"Feature","properties":{"nombre":"ARROYO Z. MOROTI"},"geometry":{"type":"LineString","coordinates":[[-57.637025,-25.309353],[-57.637031,-25.309437]]}},{"type":"Feature","properties":{"nombre":"ARROYO Z. MOROTI"},"geometry":{"type":"LineString","coordinates":[[-57.639469,-25.313518],[-57.639195,-25.313339],[-57.638934,-25.313104],[-57.638767,-25.312902],[-57.638548,-25.312536],[-57.63834,-25.312312],[-57.638317,-25.31224],[-57.637998,-25.311877],[-57.63777,-25.311677],[-57.637631,-25.311512]]}},{"type":"Feature","properties":{"nombre":null},"geometry":{"type":"LineString","coordinates":[[-57.641125,-25.323292],[-57.641414,-25.323389]]}},{"type":"Feature","properties":{"nombre":null},"geometry":{"type":"LineString","coordinates":[[-57.637258,-25.326725],[-57.637268,-25.326784],[-57.637218,-25.326837]]}},{"type":"Feature","properties":{"nombre":null},"geometry":{"type":"LineString","coordinates":[[-57.571998,-25.233933],[-57.571831,-25.234065]]}},{"type":"Feature","properties":{"nombre":null},"geometry":{"type":"LineString","coordinates":[[-57.551975,-25.246423],[-57.552048,-25.246521]]}},{"type":"Feature","properties":{"nombre":null},"geometry":{"type":"LineString","coordinates":[[-57.550235,-25.24973],[-57.550286,-25.25]]}},{"type":"Feature","properties":{"nombre":null},"geometry":{"type":"LineString","coordinates":[[-57.634963,-25.330142],[-57.635077,-25.329998],[-57.635252,-25.32997],[-57.63541,-25.329972]]}},{"type":"Feature","properties":{"nombre":null},"geometry":{"type":"LineString","coordinates":[[-57.590002,-25.242249],[-57.590016,-25.242211],[-57.590027,-25.242213],[-57.590036,-25.242256],[-57.590002,-25.242249]]}},{"type":"Feature","properties":{"nombre":"ARROYO SOSA"},"geometry":{"type":"LineString","coordinates":[[-57.63417,-25.337921],[-57.634268,-25.337931],[-57.634418,-25.338028],[-57.634611,-25.338082],[-57.635053,-25.338019],[-57.635314,-25.338012],[-57.635405,-25.337969],[-57.635608,-25.337955],[-57.636005,-25.338049],[-57.63671,-25.338141],[-57.636735,-25.338038],[-57.636794,-25.338023],[-57.636836,-25.337961],[-57.637054,-25.337591],[-57.637153,-25.337376],[-57.637373,-25.33725],[-57.637617,-25.337183],[-57.637868,-25.337194],[-57.638225,-25.337323],[-57.638401,-25.337484],[-57.638611,-25.337617],[-57.638915,-25.337729],[-57.638964,-25.337686],[-57.638968,-25.337747],[-57.639053,-25.337802],[-57.6394,-25.337884],[-57.639718,-25.337879],[-57.640018,-25.337796],[-57.640477,-25.337586],[-57.640674,-25.337436],[-57.641013,-25.337232],[-57.641279,-25.337229],[-57.641508,-25.337169],[-57.641667,-25.33719]]}},{"type":"Feature","properties":{"nombre":null},"geometry":{"type":"LineString","coordinates":[[-57.638387,-25.338064],[-57.638598,-25.338032],[-57.638794,-25.337945]]}},{"type":"Feature","properties":{"nombre":null},"geometry":{"type":"LineString","coordinates":[[-57.638631,-25.34269],[-57.63869,-25.342301],[-57.638787,-25.342241],[-57.638908,-25.342263],[-57.639034,-25.34218],[-57.63907,-25.342194],[-57.639132,-25.342314],[-57.639275,-25.342377],[-57.639465,-25.342574]]}},{"type":"Feature","properties":{"nombre":"ARROYO FERREIRA"},"geometry":{"type":"LineString","coordinates":[[-57.626159,-25.310282],[-57.626049,-25.31033]]}},{"type":"Feature","properties":{"nombre":"ARROYO FERREIRA"},"geometry":{"type":"LineString","coordinates":[[-57.625971,-25.308747],[-57.626017,-25.308813],[-57.626124,-25.309146],[-57.62616,-25.309366],[-57.626254,-25.30952],[-57.626251,-25.309588],[-57.626181,-25.309705],[-57.626183,-25.309829],[-57.626308,-25.310064]]}},{"type":"Feature","properties":{"nombre":"ARROYO FERREIRA"},"geometry":{"type":"LineString","coordinates":[[-57.628836,-25.311813],[-57.629082,-25.311882],[-57.629372,-25.312058],[-57.629516,-25.312078],[-57.629599,-25.312142],[-57.629778,-25.312211],[-57.62997,-25.312344],[-57.630033,-25.312463],[-57.630026,-25.312569],[-57.62994,-25.312799],[-57.629895,-25.313006],[-57.629957,-25.313335],[-57.630021,-25.313405],[-57.630189,-25.313413],[-57.630551,-25.313583]]}},{"type":"Feature","properties":{"nombre":null},"geometry":{"type":"LineString","coordinates":[[-57.630252,-25.321353],[-57.630411,-25.321351]]}},{"type":"Feature","properties":{"nombre":null},"geometry":{"type":"LineString","coordinates":[[-57.630411,-25.321351],[-57.630255,-25.321344]]}},{"type":"Feature","properties":{"nombre":"ARROYO SOSA"},"geometry":{"type":"LineString","coordinates":[[-57.627344,-25.333333],[-57.627566,-25.333058],[-57.627778,-25.333006],[-57.627946,-25.333022],[-57.627993,-25.333187],[-57.628151,-25.333333]]}},{"type":"Feature","properties":{"nombre":null},"geometry":{"type":"LineString","coordinates":[[-57.590473,-25.242134],[-57.590445,-25.242159],[-57.590405,-25.242143],[-57.590343,-25.242078],[-57.590257,-25.242081],[-57.59021,-25.242027],[-57.590135,-25.242041],[-57.590087,-25.242026],[-57.59016,-25.241888],[-57.59023,-25.241883],[-57.590274,-25.24195],[-57.590335,-25.241959],[-57.59034,-25.24199],[-57.590473,-25.242134]]}},{"type":"Feature","properties":{"nombre":null},"geometry":{"type":"LineString","coordinates":[[-57.589331,-25.242601],[-57.589354,-25.242549],[-57.589412,-25.24256],[-57.589381,-25.242605],[-57.589331,-25.242601]]}},{"type":"Feature","properties":{"nombre":"ARROYO SOSA"},"geometry":{"type":"LineString","coordinates":[[-57.626108,-25.331672],[-57.626221,-25.331747],[-57.626746,-25.33227],[-57.626836,-25.332532],[-57.626985,-25.332686],[-57.627076,-25.33292],[-57.627135,-25.333256],[-57.627211,-25.333333]]}},{"type":"Feature","properties":{"nombre":"ARROYO SOSA"},"geometry":{"type":"LineString","coordinates":[[-57.621691,-25.327778],[-57.621822,-25.327815],[-57.622061,-25.327811],[-57.622313,-25.327944],[-57.623074,-25.32793],[-57.62321,-25.327967],[-57.623296,-25.328043],[-57.623354,-25.328132],[-57.623418,-25.328425],[-57.623632,-25.328658],[-57.623945,-25.328935],[-57.62462,-25.329414]]}},{"type":"Feature","properties":{"nombre":null},"geometry":{"type":"LineString","coordinates":[[-57.608184,-25.317189],[-57.608234,-25.317218],[-57.608292,-25.317201],[-57.608333,-25.317248]]}},{"type":"Feature","properties":{"nombre":null},"geometry":{"type":"LineString","coordinates":[[-57.644199,-25.354283],[-57.643907,-25.354325],[-57.643834,-25.354209]]}},{"type":"Feature","properties":{"nombre":null},"geometry":{"type":"LineString","coordinates":[[-57.643735,-25.35302],[-57.643616,-25.352986],[-57.64349,-25.35301]]}},{"type":"Feature","properties":{"nombre":null},"geometry":{"type":"LineString","coordinates":[[-57.643574,-25.353669],[-57.643722,-25.353507],[-57.643775,-25.353497]]}},{"type":"Feature","properties":{"nombre":null},"geometry":{"type":"LineString","coordinates":[[-57.643269,-25.355556],[-57.644111,-25.357264],[-57.643281,-25.355556]]}},{"type":"Feature","properties":{"nombre":null},"geometry":{"type":"LineString","coordinates":[[-57.64185,-25.361449],[-57.642303,-25.361252],[-57.642449,-25.361221]]}},{"type":"Feature","properties":{"nombre":null},"geometry":{"type":"LineString","coordinates":[[-57.641567,-25.351375],[-57.641667,-25.351594]]}},{"type":"Feature","properties":{"nombre":null},"geometry":{"type":"LineString","coordinates":[[-57.638097,-25.354853],[-57.638202,-25.354923]]}},{"type":"Feature","properties":{"nombre":null},"geometry":{"type":"LineString","coordinates":[[-57.641038,-25.350813],[-57.641235,-25.351286],[-57.641208,-25.351396],[-57.641331,-25.351674],[-57.641412,-25.351694],[-57.641445,-25.351748]]}},{"type":"Feature","properties":{"nombre":null},"geometry":{"type":"LineString","coordinates":[[-57.636816,-25.358491],[-57.636915,-25.358527],[-57.637154,-25.358537],[-57.637241,-25.358562],[-57.637436,-25.358537],[-57.63753,-25.358601],[-57.637825,-25.359004],[-57.637895,-25.359147],[-57.637912,-25.359257],[-57.638053,-25.359447],[-57.638103,-25.359464],[-57.638156,-25.359529],[-57.638234,-25.359688],[-57.638301,-25.359748],[-57.638409,-25.359931],[-57.638511,-25.360042],[-57.638555,-25.36021],[-57.638803,-25.360501],[-57.638972,-25.360602]]}},{"type":"Feature","properties":{"nombre":null},"geometry":{"type":"LineString","coordinates":[[-57.639007,-25.366111],[-57.639077,-25.366068],[-57.639112,-25.366085],[-57.639024,-25.366147],[-57.639,-25.366142],[-57.639007,-25.366111]]}},{"type":"Feature","properties":{"nombre":null},"geometry":{"type":"LineString","coordinates":[[-57.639516,-25.361111],[-57.639539,-25.361152]]}},{"type":"Feature","properties":{"nombre":null},"geometry":{"type":"LineString","coordinates":[[-57.591816,-25.244374],[-57.591771,-25.244412],[-57.591698,-25.244359],[-57.591784,-25.244329],[-57.591816,-25.244374]]}},{"type":"Feature","properties":{"nombre":null},"geometry":{"type":"LineString","coordinates":[[-57.592761,-25.25],[-57.592751,-25.249972],[-57.592797,-25.249912],[-57.592741,-25.249799],[-57.592659,-25.249741],[-57.59265,-25.249707],[-57.592596,-25.249803],[-57.592583,-25.249794],[-57.592554,-25.249676],[-57.592576,-25.249638],[-57.592529,-25.249561],[-57.592579,-25.249459],[-57.59255,-25.249311],[-57.592568,-25.249132],[-57.592534,-25.249014],[-57.59261,-25.248952],[-57.592629,-25.24878],[-57.592679,-25.24878],[-57.592691,-25.24876],[-57.592571,-25.248635],[-57.592375,-25.248517],[-57.592374,-25.248387],[-57.592402,-25.248264],[-57.592439,-25.248221],[-57.592404,-25.248165],[-57.592377,-25.248164],[-57.592305,-25.248082],[-57.592246,-25.248081],[-57.592173,-25.248015],[-57.592187,-25.247895],[-57.592161,-25.247834],[-57.592177,-25.24781],[-57.592135,-25.247811],[-57.592096,-25.247731],[-57.592041,-25.247729],[-57.592043,-25.247693],[-57.591921,-25.247678],[-57.591773,-25.247518],[-57.591867,-25.24744],[-57.591912,-25.247464],[-57.59196,-25.247429],[-57.591956,-25.247379],[-57.591864,-25.247343],[-57.591834,-25.247305],[-57.591861,-25.247253],[-57.591932,-25.247221],[-57.5919,-25.247184],[-57.591802,-25.247145],[-57.591822,-25.247072],[-57.5918,-25.247029],[-57.591667,-25.24699]]}},{"type":"Feature","properties":{"nombre":null},"geometry":{"type":"LineString","coordinates":[[-57.597791,-25.25],[-57.597921,-25.249757],[-57.597912,-25.249678],[-57.597947,-25.249519],[-57.598012,-25.249466],[-57.598022,-25.24936],[-57.598098,-25.249325],[-57.598061,-25.249292],[-57.597915,-25.249281],[-57.597883,-25.249236],[-57.597896,-25.248966],[-57.598035,-25.248935],[-57.598031,-25.248882],[-57.597948,-25.248812],[-57.597952,-25.248488],[-57.598099,-25.248484],[-57.598197,-25.248545],[-57.598279,-25.248469],[-57.598211,-25.248387],[-57.598234,-25.248337],[-57.598208,-25.248264],[-57.598152,-25.248257],[-57.598028,-25.248326],[-57.597982,-25.248293],[-57.598032,-25.248202],[-57.597987,-25.248167],[-57.597971,-25.248033],[-57.597937,-25.247989],[-57.597969,-25.247777],[-57.597938,-25.247702],[-57.597981,-25.247353],[-57.597981,-25.247299],[-57.597975,-25.247272],[-57.597964,-25.247247],[-57.597868,-25.247229],[-57.597725,-25.247265],[-57.597664,-25.247331],[-57.597697,-25.247412],[-57.597663,-25.247445],[-57.597614,-25.247448],[-57.597576,-25.247478],[-57.597384,-25.247443],[-57.597287,-25.247459],[-57.597189,-25.247558],[-57.597096,-25.247588],[-57.59707,-25.247627],[-57.596776,-25.247656],[-57.596741,-25.247624],[-57.596765,-25.247537],[-57.596898,-25.247485],[-57.596925,-25.247447],[-57.596896,-25.247411],[-57.596753,-25.247445],[-57.596671,-25.247395],[-57.596576,-25.247421],[-57.596328,-25.247419],[-57.596235,-25.247449],[-57.596199,-25.247479],[-57.596197,-25.24766],[-57.596148,-25.247786],[-57.596157,-25.248099],[-57.596125,-25.248184],[-57.596029,-25.248288],[-57.595883,-25.248303],[-57.595834,-25.248293],[-57.595828,-25.248248],[-57.595783,-25.24823],[-57.595687,-25.248245],[-57.59569,-25.2482],[-57.595729,-25.248172],[-57.595742,-25.248129],[-57.595696,-25.248112],[-57.595651,-25.248132],[-57.59554,-25.248281],[-57.595452,-25.248318],[-57.59542,-25.248283],[-57.595441,-25.248242],[-57.595556,-25.248157],[-57.595554,-25.248112],[-57.595505,-25.248105],[-57.595572,-25.248042],[-57.595571,-25.247997],[-57.595373,-25.248001],[-57.595225,-25.248121],[-57.595201,-25.248208],[-57.595226,-25.248477],[-57.595349,-25.248552],[-57.595368,-25.248593],[-57.59535,-25.248635],[-57.595202,-25.248636],[-57.595169,-25.248601],[-57.595155,-25.248512],[-57.595057,-25.248504],[-57.595048,-25.24846],[-57.595103,-25.248385],[-57.595107,-25.248205],[-57.595023,-25.248095],[-57.595042,-25.248054],[-57.59503,-25.247965],[-57.594882,-25.247976],[-57.594888,-25.247886],[-57.594863,-25.247847],[-57.59474,-25.247773],[-57.594459,-25.247851],[-57.594333,-25.247783],[-57.594332,-25.247603],[-57.594401,-25.24754],[-57.594387,-25.247497],[-57.59429,-25.247477],[-57.59431,-25.247436],[-57.594473,-25.247334],[-57.594432,-25.247308],[-57.594283,-25.2473],[-57.59413,-25.247189],[-57.594115,-25.247011],[-57.594181,-25.246945],[-57.594184,-25.246899],[-57.594063,-25.246759],[-57.59402,-25.246583],[-57.593992,-25.246546],[-57.593871,-25.246469],[-57.593821,-25.246466],[-57.593539,-25.246543],[-57.593446,-25.246523],[-57.593455,-25.246479],[-57.593684,-25.246401],[-57.593684,-25.246311],[-57.593636,-25.246233],[-57.593377,-25.246101],[-57.593328,-25.246095],[-57.593195,-25.246151],[-57.593005,-25.246106],[-57.592969,-25.246137],[-57.592979,-25.24627],[-57.593077,-25.246273],[-57.593202,-25.2462],[-57.593252,-25.246196],[-57.593335,-25.246243],[-57.593359,-25.246283],[-57.593368,-25.246372],[-57.59335,-25.246414],[-57.593275,-25.24647],[-57.59318,-25.246491],[-57.593045,-25.246435],[-57.592919,-25.246315],[-57.592796,-25.24624],[-57.59274,-25.246148],[-57.592648,-25.246099],[-57.592655,-25.246039],[-57.592609,-25.246001],[-57.592555,-25.246012],[-57.592471,-25.246084],[-57.592402,-25.246108],[-57.592403,-25.24614],[-57.59245,-25.246168],[-57.592406,-25.246173],[-57.592403,-25.246195],[-57.59245,-25.246216],[-57.592464,-25.246265],[-57.592392,-25.246272],[-57.592357,-25.246373],[-57.592397,-25.246384],[-57.592454,-25.246352],[-57.592543,-25.246434],[-57.592526,-25.246697],[-57.592609,-25.246766],[-57.592827,-25.246746]]}},{"type":"Feature","properties":{"nombre":null},"geometry":{"type":"LineString","coordinates":[[-57.593497,-25.244444],[-57.593737,-25.24449],[-57.594112,-25.244624],[-57.59441,-25.244749],[-57.594705,-25.244949],[-57.59541,-25.245168],[-57.595756,-25.245324],[-57.596354,-25.245489],[-57.596646,-25.245545],[-57.597057,-25.245598],[-57.597573,-25.245625],[-57.597743,-25.245671],[-57.597825,-25.245705],[-57.597936,-25.24579],[-57.597938,-25.246098],[-57.59779,-25.246098],[-57.597701,-25.246136],[-57.597643,-25.246209],[-57.597567,-25.246375],[-57.597532,-25.246407],[-57.59739,-25.246448],[-57.597291,-25.246445],[-57.597151,-25.246401],[-57.597082,-25.246337],[-57.596832,-25.246191],[-57.596735,-25.246172],[-57.596638,-25.246191],[-57.596379,-25.246321],[-57.596232,-25.246342],[-57.596105,-25.24641],[-57.596021,-25.246521],[-57.595996,-25.246654],[-57.595903,-25.246858],[-57.595605,-25.24686],[-57.595508,-25.246842],[-57.595378,-25.246779],[-57.595115,-25.246503],[-57.595023,-25.246473],[-57.594657,-25.246168],[-57.594565,-25.246133],[-57.594417,-25.246119],[-57.594376,-25.246093],[-57.594242,-25.245904],[-57.59407,-25.245817],[-57.594049,-25.245776],[-57.594069,-25.245735],[-57.593998,-25.245676],[-57.593705,-25.245638],[-57.593574,-25.245574],[-57.593379,-25.245598],[-57.593287,-25.245638],[-57.593131,-25.245815],[-57.59307,-25.245839],[-57.593004,-25.245822],[-57.593029,-25.245911],[-57.592987,-25.245982],[-57.592989,-25.246043],[-57.592968,-25.246051],[-57.592873,-25.246],[-57.592786,-25.24586],[-57.592625,-25.245822],[-57.592496,-25.245823],[-57.592396,-25.245772],[-57.592353,-25.245719],[-57.592247,-25.245703],[-57.592314,-25.245585],[-57.592346,-25.245471],[-57.592329,-25.245434],[-57.592235,-25.245377],[-57.592241,-25.245339],[-57.592322,-25.245299],[-57.592364,-25.245224],[-57.592362,-25.245174],[-57.592269,-25.245134],[-57.592265,-25.245046],[-57.592212,-25.244987],[-57.592331,-25.244867],[-57.592329,-25.244814],[-57.592269,-25.244691],[-57.592264,-25.244594],[-57.592229,-25.244557],[-57.592319,-25.244444]]}},{"type":"Feature","properties":{"nombre":null},"geometry":{"type":"LineString","coordinates":[[-57.584796,-25.244342],[-57.584458,-25.243876]]}},{"type":"Feature","properties":{"nombre":null},"geometry":{"type":"LineString","coordinates":[[-57.590329,-25.244444],[-57.590338,-25.244466],[-57.590275,-25.244525],[-57.590293,-25.244645],[-57.590243,-25.244715],[-57.590237,-25.24482],[-57.59008,-25.24496],[-57.589923,-25.24522],[-57.589976,-25.245517],[-57.589914,-25.245748],[-57.589848,-25.245841],[-57.58985,-25.245885],[-57.589947,-25.246033],[-57.589902,-25.246108],[-57.58991,-25.246152],[-57.589989,-25.246261],[-57.590045,-25.246259],[-57.590305,-25.246155],[-57.590342,-25.246099],[-57.590319,-25.246028],[-57.590379,-25.245937],[-57.590443,-25.245929],[-57.590531,-25.246053],[-57.590585,-25.245971],[-57.590658,-25.245923],[-57.590646,-25.245966],[-57.59076,-25.246054],[-57.590889,-25.246243],[-57.590912,-25.246327],[-57.590993,-25.246342],[-57.590999,-25.246452],[-57.59098,-25.246495],[-57.591008,-25.246519],[-57.591025,-25.246615],[-57.591186,-25.246637],[-57.591458,-25.246595],[-57.591481,-25.246621],[-57.591461,-25.246646],[-57.591479,-25.246685],[-57.591442,-25.246752],[-57.591491,-25.246814],[-57.59156,-25.246846],[-57.59156,-25.246872],[-57.591602,-25.246906],[-57.59159,-25.246951],[-57.591667,-25.24699]]}},{"type":"Feature","properties":{"nombre":null},"geometry":{"type":"LineString","coordinates":[[-57.583595,-25.246688],[-57.583548,-25.246694],[-57.583534,-25.246669],[-57.583497,-25.246563],[-57.58352,-25.246526],[-57.583431,-25.246428],[-57.583361,-25.246415]]}},{"type":"Feature","properties":{"nombre":null},"geometry":{"type":"LineString","coordinates":[[-57.58522,-25.24878],[-57.585242,-25.248702],[-57.585226,-25.248561],[-57.585108,-25.248477],[-57.585049,-25.248404],[-57.584976,-25.248239],[-57.58499,-25.248157],[-57.585021,-25.248125],[-57.585009,-25.248053],[-57.58508,-25.247731],[-57.585145,-25.247623],[-57.585205,-25.247611],[-57.585244,-25.24767],[-57.585396,-25.247698],[-57.585497,-25.247792],[-57.585611,-25.247845],[-57.585769,-25.247852],[-57.585933,-25.247791],[-57.586004,-25.247687],[-57.586061,-25.247647],[-57.586139,-25.247472],[-57.586196,-25.247408],[-57.586311,-25.247321],[-57.586366,-25.247316],[-57.586466,-25.247326],[-57.586489,-25.247395],[-57.586723,-25.247592],[-57.586989,-25.247688],[-57.587209,-25.247701],[-57.58733,-25.247603],[-57.587316,-25.247494],[-57.587418,-25.247344],[-57.587591,-25.247211]]}},{"type":"Feature","properties":{"nombre":null},"geometry":{"type":"LineString","coordinates":[[-57.58526,-25.24875],[-57.585182,-25.248866],[-57.585016,-25.249],[-57.584845,-25.249103],[-57.584607,-25.249157],[-57.584437,-25.249157],[-57.584324,-25.24922],[-57.584093,-25.249265],[-57.583935,-25.249358],[-57.583631,-25.249363],[-57.583333,-25.249679]]}},{"type":"Feature","properties":{"nombre":null},"geometry":{"type":"LineString","coordinates":[[-57.576666,-25.231106],[-57.576682,-25.230929],[-57.576718,-25.230922],[-57.576806,-25.230835]]}},{"type":"Feature","properties":{"nombre":null},"geometry":{"type":"LineString","coordinates":[[-57.575971,-25.231892],[-57.576084,-25.231718],[-57.576168,-25.231632],[-57.576176,-25.231669],[-57.575996,-25.231907]]}},{"type":"Feature","properties":{"nombre":null},"geometry":{"type":"LineString","coordinates":[[-57.575697,-25.234194],[-57.57551,-25.234348]]}},{"type":"Feature","properties":{"nombre":null},"geometry":{"type":"LineString","coordinates":[[-57.578175,-25.236416],[-57.578412,-25.236488],[-57.578754,-25.2364]]}},{"type":"Feature","properties":{"nombre":null},"geometry":{"type":"LineString","coordinates":[[-57.577443,-25.233479],[-57.577284,-25.233689]]}},{"type":"Feature","properties":{"nombre":null},"geometry":{"type":"LineString","coordinates":[[-57.576281,-25.233906],[-57.576303,-25.233869],[-57.576571,-25.233672],[-57.576618,-25.233669]]}},{"type":"Feature","properties":{"nombre":null},"geometry":{"type":"LineString","coordinates":[[-57.583333,-25.240464],[-57.583233,-25.240535],[-57.583175,-25.240607],[-57.583065,-25.24064],[-57.582891,-25.240612],[-57.582643,-25.240506],[-57.582482,-25.240498],[-57.582439,-25.240523]]}},{"type":"Feature","properties":{"nombre":null},"geometry":{"type":"LineString","coordinates":[[-57.582802,-25.241817],[-57.582859,-25.241835],[-57.582882,-25.241822],[-57.582914,-25.24177],[-57.582978,-25.241726],[-57.582976,-25.24165],[-57.583006,-25.241623],[-57.58314,-25.241574],[-57.583243,-25.241625]]}},{"type":"Feature","properties":{"nombre":null},"geometry":{"type":"LineString","coordinates":[[-57.582795,-25.248433],[-57.582982,-25.248742],[-57.58302,-25.248867]]}},{"type":"Feature","properties":{"nombre":null},"geometry":{"type":"LineString","coordinates":[[-57.580663,-25.249981],[-57.580595,-25.24996],[-57.580568,-25.25]]}},{"type":"Feature","properties":{"nombre":null},"geometry":{"type":"LineString","coordinates":[[-57.581381,-25.247688],[-57.580412,-25.247451],[-57.579934,-25.247378],[-57.579802,-25.246889]]}},{"type":"Feature","properties":{"nombre":null},"geometry":{"type":"LineString","coordinates":[[-57.572775,-25.230344],[-57.572878,-25.230253],[-57.573012,-25.230215]]}},{"type":"Feature","properties":{"nombre":null},"geometry":{"type":"LineString","coordinates":[[-57.569227,-25.233168],[-57.568972,-25.233315]]}},{"type":"Feature","properties":{"nombre":null},"geometry":{"type":"LineString","coordinates":[[-57.573641,-25.23695],[-57.574467,-25.236318],[-57.574498,-25.236313],[-57.574583,-25.236404],[-57.574573,-25.236436],[-57.573755,-25.237045]]}},{"type":"Feature","properties":{"nombre":null},"geometry":{"type":"LineString","coordinates":[[-57.574477,-25.236899],[-57.574679,-25.236745]]}},{"type":"Feature","properties":{"nombre":null},"geometry":{"type":"LineString","coordinates":[[-57.574415,-25.233466],[-57.574521,-25.233373]]}},{"type":"Feature","properties":{"nombre":null},"geometry":{"type":"LineString","coordinates":[[-57.57347,-25.235457],[-57.573714,-25.235362]]}},{"type":"Feature","properties":{"nombre":null},"geometry":{"type":"LineString","coordinates":[[-57.571912,-25.235466],[-57.572046,-25.235657]]}},{"type":"Feature","properties":{"nombre":null},"geometry":{"type":"LineString","coordinates":[[-57.574104,-25.235988],[-57.574165,-25.235954],[-57.574264,-25.236079],[-57.573433,-25.236713]]}},{"type":"Feature","properties":{"nombre":null},"geometry":{"type":"LineString","coordinates":[[-57.574984,-25.236642],[-57.574951,-25.236645],[-57.574157,-25.235776]]}},{"type":"Feature","properties":{"nombre":null},"geometry":{"type":"LineString","coordinates":[[-57.574455,-25.235588],[-57.574394,-25.235443]]}},{"type":"Feature","properties":{"nombre":null},"geometry":{"type":"LineString","coordinates":[[-57.571255,-25.25],[-57.571256,-25.249987]]}},{"type":"Feature","properties":{"nombre":null},"geometry":{"type":"LineString","coordinates":[[-57.56497,-25.227691],[-57.564942,-25.227695],[-57.564896,-25.227778]]}},{"type":"Feature","properties":{"nombre":null},"geometry":{"type":"LineString","coordinates":[[-57.564838,-25.228212],[-57.564853,-25.228036],[-57.564905,-25.227951],[-57.564961,-25.227778]]}},{"type":"Feature","properties":{"nombre":null},"geometry":{"type":"LineString","coordinates":[[-57.564616,-25.227959],[-57.564613,-25.227825],[-57.564636,-25.227778]]}},{"type":"Feature","properties":{"nombre":null},"geometry":{"type":"LineString","coordinates":[[-57.565443,-25.230047],[-57.565695,-25.230356],[-57.565889,-25.230552]]}},{"type":"Feature","properties":{"nombre":null},"geometry":{"type":"LineString","coordinates":[[-57.564533,-25.229493],[-57.564434,-25.22955],[-57.564523,-25.22967]]}},{"type":"Feature","properties":{"nombre":null},"geometry":{"type":"LineString","coordinates":[[-57.56468,-25.228805],[-57.564701,-25.228751],[-57.564792,-25.228717]]}},{"type":"Feature","properties":{"nombre":null},"geometry":{"type":"LineString","coordinates":[[-57.562566,-25.22816],[-57.562703,-25.22811],[-57.562728,-25.228049],[-57.562832,-25.228029],[-57.562875,-25.228042]]}},{"type":"Feature","properties":{"nombre":null},"geometry":{"type":"LineString","coordinates":[[-57.564404,-25.228311],[-57.564451,-25.228295]]}},{"type":"Feature","properties":{"nombre":null},"geometry":{"type":"LineString","coordinates":[[-57.560192,-25.22963],[-57.560102,-25.22973]]}},{"type":"Feature","properties":{"nombre":null},"geometry":{"type":"LineString","coordinates":[[-57.566667,-25.228138],[-57.566115,-25.228413]]}},{"type":"Feature","properties":{"nombre":null},"geometry":{"type":"LineString","coordinates":[[-57.565366,-25.228891],[-57.566212,-25.228474]]}},{"type":"Feature","properties":{"nombre":null},"geometry":{"type":"LineString","coordinates":[[-57.566052,-25.231016],[-57.565965,-25.230904]]}},{"type":"Feature","properties":{"nombre":null},"geometry":{"type":"LineString","coordinates":[[-57.564295,-25.230958],[-57.564126,-25.23109],[-57.564068,-25.231188]]}},{"type":"Feature","properties":{"nombre":null},"geometry":{"type":"LineString","coordinates":[[-57.564289,-25.227778],[-57.564574,-25.228283],[-57.564676,-25.228408],[-57.564692,-25.228474],[-57.564932,-25.228817],[-57.565191,-25.229443],[-57.565238,-25.229627],[-57.565315,-25.229762],[-57.566022,-25.230611],[-57.566667,-25.231621]]}},{"type":"Feature","properties":{"nombre":null},"geometry":{"type":"LineString","coordinates":[[-57.555384,-25.246649],[-57.555679,-25.246547]]}},{"type":"Feature","properties":{"nombre":null},"geometry":{"type":"LineString","coordinates":[[-57.552588,-25.248445],[-57.552565,-25.248359],[-57.552321,-25.248459],[-57.552281,-25.248511],[-57.552305,-25.248607],[-57.55229,-25.248641],[-57.55206,-25.248762],[-57.552084,-25.248827]]}},{"type":"Feature","properties":{"nombre":null},"geometry":{"type":"LineString","coordinates":[[-57.553293,-25.247522],[-57.553239,-25.247609],[-57.553109,-25.247683]]}},{"type":"Feature","properties":{"nombre":null},"geometry":{"type":"LineString","coordinates":[[-57.553092,-25.247637],[-57.553208,-25.247601],[-57.553271,-25.24751]]}},{"type":"Feature","properties":{"nombre":null},"geometry":{"type":"LineString","coordinates":[[-57.551231,-25.247893],[-57.551365,-25.248023],[-57.551507,-25.248081],[-57.551571,-25.248158]]}},{"type":"Feature","properties":{"nombre":null},"geometry":{"type":"LineString","coordinates":[[-57.551603,-25.248196],[-57.551645,-25.248341],[-57.551756,-25.248438],[-57.551926,-25.248646],[-57.551992,-25.248668],[-57.552012,-25.248716]]}},{"type":"Feature","properties":{"nombre":null},"geometry":{"type":"LineString","coordinates":[[-57.559255,-25.238253],[-57.559158,-25.238085],[-57.559162,-25.237975],[-57.559138,-25.237926],[-57.559026,-25.237885],[-57.558857,-25.237671],[-57.558755,-25.237658],[-57.558528,-25.237465],[-57.558434,-25.237418],[-57.558404,-25.237371]]}},{"type":"Feature","properties":{"nombre":null},"geometry":{"type":"LineString","coordinates":[[-57.565626,-25.244444],[-57.565791,-25.244332],[-57.565894,-25.24423],[-57.566129,-25.243912],[-57.566308,-25.243803]]}},{"type":"Feature","properties":{"nombre":null},"geometry":{"type":"LineString","coordinates":[[-57.565247,-25.242166],[-57.565313,-25.242384],[-57.565369,-25.242475],[-57.565407,-25.242659],[-57.565599,-25.242888],[-57.565616,-25.242961],[-57.56572,-25.2431]]}},{"type":"Feature","properties":{"nombre":null},"geometry":{"type":"LineString","coordinates":[[-57.560474,-25.249586],[-57.560625,-25.25]]}},{"type":"Feature","properties":{"nombre":null},"geometry":{"type":"LineString","coordinates":[[-57.560299,-25.248941],[-57.560394,-25.248891]]}},{"type":"Feature","properties":{"nombre":null},"geometry":{"type":"LineString","coordinates":[[-57.556596,-25.231183],[-57.556843,-25.231103],[-57.55691,-25.231052],[-57.557003,-25.23102]]}},{"type":"Feature","properties":{"nombre":null},"geometry":{"type":"LineString","coordinates":[[-57.55815,-25.229822],[-57.558084,-25.229844],[-57.558022,-25.229909],[-57.557828,-25.229963]]}},{"type":"Feature","properties":{"nombre":null},"geometry":{"type":"LineString","coordinates":[[-57.557662,-25.233183],[-57.557733,-25.233188],[-57.557996,-25.233333]]}},{"type":"Feature","properties":{"nombre":null},"geometry":{"type":"LineString","coordinates":[[-57.557963,-25.231787],[-57.558031,-25.231798],[-57.558124,-25.231716]]}},{"type":"Feature","properties":{"nombre":null},"geometry":{"type":"LineString","coordinates":[[-57.55227,-25.238889],[-57.552253,-25.238828],[-57.552165,-25.238742],[-57.552076,-25.238487],[-57.552062,-25.238352]]}},{"type":"Feature","properties":{"nombre":null},"geometry":{"type":"LineString","coordinates":[[-57.552258,-25.238822],[-57.552375,-25.238805],[-57.552492,-25.23882]]}},{"type":"Feature","properties":{"nombre":null},"geometry":{"type":"LineString","coordinates":[[-57.556823,-25.239157],[-57.556694,-25.2393]]}},{"type":"Feature","properties":{"nombre":null},"geometry":{"type":"LineString","coordinates":[[-57.556798,-25.239948],[-57.5567,-25.239881]]}},{"type":"Feature","properties":{"nombre":null},"geometry":{"type":"LineString","coordinates":[[-57.556359,-25.240237],[-57.556236,-25.240181],[-57.556081,-25.240169],[-57.555833,-25.240281],[-57.555723,-25.240256],[-57.555499,-25.240154]]}},{"type":"Feature","properties":{"nombre":null},"geometry":{"type":"LineString","coordinates":[[-57.552856,-25.241302],[-57.552686,-25.241347],[-57.552201,-25.241577]]}},{"type":"Feature","properties":{"nombre":null},"geometry":{"type":"LineString","coordinates":[[-57.55569,-25.246566],[-57.556091,-25.246407],[-57.556261,-25.246457],[-57.556534,-25.24649],[-57.556787,-25.246467],[-57.556832,-25.246694],[-57.556943,-25.246695],[-57.557078,-25.246611],[-57.557377,-25.246574],[-57.557523,-25.246865],[-57.557616,-25.247],[-57.557677,-25.247036],[-57.557716,-25.247029],[-57.55782,-25.24695],[-57.558333,-25.246719]]}},{"type":"Feature","properties":{"nombre":null},"geometry":{"type":"LineString","coordinates":[[-57.55569,-25.246566],[-57.555571,-25.24659],[-57.555402,-25.246672]]}},{"type":"Feature","properties":{"nombre":null},"geometry":{"type":"LineString","coordinates":[[-57.55,-25.248579],[-57.550033,-25.248702]]}},{"type":"Feature","properties":{"nombre":"ARROYO MBURICAO"},"geometry":{"type":"LineString","coordinates":[[-57.59463,-25.25734],[-57.594743,-25.257217],[-57.595132,-25.256971],[-57.595314,-25.256881],[-57.595419,-25.256808],[-57.595442,-25.256751],[-57.595578,-25.256758],[-57.59578,-25.256712],[-57.596489,-25.256671],[-57.596695,-25.256561],[-57.596858,-25.256404],[-57.596952,-25.256267],[-57.596972,-25.256161]]}},{"type":"Feature","properties":{"nombre":null},"geometry":{"type":"LineString","coordinates":[[-57.592539,-25.260077],[-57.592144,-25.260523]]}},{"type":"Feature","properties":{"nombre":"ARROYO MBURICAO"},"geometry":{"type":"LineString","coordinates":[[-57.591998,-25.263465],[-57.591845,-25.263445],[-57.591817,-25.26339],[-57.59187,-25.263347],[-57.591885,-25.26329],[-57.591892,-25.263033],[-57.591846,-25.262764]]}},{"type":"Feature","properties":{"nombre":"ARROYO MBURICAO"},"geometry":{"type":"LineString","coordinates":[[-57.59177,-25.263283],[-57.591881,-25.263321]]}},{"type":"Feature","properties":{"nombre":null},"geometry":{"type":"LineString","coordinates":[[-57.592904,-25.277043],[-57.592376,-25.276993],[-57.592013,-25.277071],[-57.591811,-25.277083],[-57.591732,-25.277022],[-57.591667,-25.276918]]}},{"type":"Feature","properties":{"nombre":null},"geometry":{"type":"LineString","coordinates":[[-57.592508,-25.277312],[-57.592532,-25.277559],[-57.592453,-25.277565]]}},{"type":"Feature","properties":{"nombre":null},"geometry":{"type":"LineString","coordinates":[[-57.592396,-25.277699],[-57.592182,-25.277717],[-57.59217,-25.277665]]}},{"type":"Feature","properties":{"nombre":"ARROYO MBURICAO"},"geometry":{"type":"LineString","coordinates":[[-57.591972,-25.289907],[-57.591983,-25.289643],[-57.591957,-25.289494],[-57.591848,-25.289477],[-57.591667,-25.28955]]}},{"type":"Feature","properties":{"nombre":"ARROYO MBURICAO"},"geometry":{"type":"LineString","coordinates":[[-57.593012,-25.291595],[-57.593136,-25.291823],[-57.592938,-25.292034],[-57.592923,-25.29225],[-57.592996,-25.292395],[-57.593143,-25.292578],[-57.593245,-25.292658],[-57.593286,-25.292728],[-57.593283,-25.29287],[-57.5932,-25.292993],[-57.593213,-25.29313],[-57.593537,-25.293468],[-57.593902,-25.293772],[-57.594005,-25.293933],[-57.594045,-25.294048]]}},{"type":"Feature","properties":{"nombre":null},"geometry":{"type":"LineString","coordinates":[[-57.595214,-25.297624],[-57.595037,-25.297256],[-57.59498,-25.297013]]}},{"type":"Feature","properties":{"nombre":"ARROYO MBURICAO"},"geometry":{"type":"LineString","coordinates":[[-57.595033,-25.298418],[-57.595033,-25.298418]]}},{"type":"Feature","properties":{"nombre":null},"geometry":{"type":"LineString","coordinates":[[-57.576786,-25.256924],[-57.576822,-25.256904],[-57.577326,-25.257054]]}},{"type":"Feature","properties":{"nombre":null},"geometry":{"type":"LineString","coordinates":[[-57.576107,-25.260574],[-57.576052,-25.260605]]}},{"type":"Feature","properties":{"nombre":"ARROYO YBYRAY"},"geometry":{"type":"LineString","coordinates":[[-57.588667,-25.251518],[-57.588627,-25.251295],[-57.588536,-25.251129],[-57.588521,-25.250823],[-57.588661,-25.250633],[-57.588834,-25.250449],[-57.589059,-25.250322],[-57.589206,-25.250273]]}},{"type":"Feature","properties":{"nombre":null},"geometry":{"type":"LineString","coordinates":[[-57.583599,-25.253658],[-57.583648,-25.253732],[-57.583814,-25.253912],[-57.583603,-25.253655]]}},{"type":"Feature","properties":{"nombre":"ARROYO YBYRAY"},"geometry":{"type":"LineString","coordinates":[[-57.588965,-25.258657],[-57.589123,-25.258519],[-57.589462,-25.258099],[-57.589488,-25.25803],[-57.589427,-25.257917]]}},{"type":"Feature","properties":{"nombre":null},"geometry":{"type":"LineString","coordinates":[[-57.583853,-25.257173],[-57.583949,-25.257124],[-57.583993,-25.25704]]}},{"type":"Feature","properties":{"nombre":"ARROYO YBYRAY"},"geometry":{"type":"LineString","coordinates":[[-57.588999,-25.257957],[-57.589009,-25.257831],[-57.589076,-25.257619],[-57.589124,-25.257563],[-57.589186,-25.257538]]}},{"type":"Feature","properties":{"nombre":"ARROYO YBYRAY"},"geometry":{"type":"LineString","coordinates":[[-57.585416,-25.261389],[-57.585444,-25.261345],[-57.585483,-25.261111]]}},{"type":"Feature","properties":{"nombre":null},"geometry":{"type":"LineString","coordinates":[[-57.58413,-25.26178],[-57.584315,-25.261775],[-57.584423,-25.261716]]}},{"type":"Feature","properties":{"nombre":"ARROYO MBURICAO"},"geometry":{"type":"LineString","coordinates":[[-57.591517,-25.264856],[-57.591512,-25.264905],[-57.591517,-25.26492],[-57.591537,-25.264825],[-57.591517,-25.264856]]}},{"type":"Feature","properties":{"nombre":null},"geometry":{"type":"LineString","coordinates":[[-57.589596,-25.263105],[-57.589623,-25.26305]]}},{"type":"Feature","properties":{"nombre":null},"geometry":{"type":"LineString","coordinates":[[-57.588329,-25.266667],[-57.588357,-25.266629]]}},{"type":"Feature","properties":{"nombre":null},"geometry":{"type":"LineString","coordinates":[[-57.588318,-25.266667],[-57.588348,-25.266625]]}},{"type":"Feature","properties":{"nombre":null},"geometry":{"type":"LineString","coordinates":[[-57.583963,-25.268413],[-57.584459,-25.268193],[-57.584641,-25.268076],[-57.584766,-25.267953],[-57.584922,-25.267942],[-57.585101,-25.267834],[-57.585353,-25.267755],[-57.585439,-25.267697],[-57.585642,-25.267722],[-57.586048,-25.267642],[-57.586205,-25.267651],[-57.586282,-25.267679]]}},{"type":"Feature","properties":{"nombre":"ARROYO MBURICAO"},"geometry":{"type":"LineString","coordinates":[[-57.589053,-25.270756],[-57.589041,-25.270564],[-57.589065,-25.27052],[-57.589038,-25.270468],[-57.589078,-25.270371],[-57.589071,-25.270059],[-57.589181,-25.269627]]}},{"type":"Feature","properties":{"nombre":null},"geometry":{"type":"LineString","coordinates":[[-57.587014,-25.268004],[-57.586937,-25.267945]]}},{"type":"Feature","properties":{"nombre":"ARROYO MBURICAO"},"geometry":{"type":"LineString","coordinates":[[-57.590492,-25.267797],[-57.59052,-25.268266]]}},{"type":"Feature","properties":{"nombre":null},"geometry":{"type":"LineString","coordinates":[[-57.591666,-25.266901],[-57.591667,-25.266901]]}},{"type":"Feature","properties":{"nombre":null},"geometry":{"type":"LineString","coordinates":[[-57.585007,-25.268866],[-57.585121,-25.269109],[-57.585213,-25.269177]]}},{"type":"Feature","properties":{"nombre":null},"geometry":{"type":"LineString","coordinates":[[-57.587433,-25.267949],[-57.5881,-25.266981]]}},{"type":"Feature","properties":{"nombre":null},"geometry":{"type":"LineString","coordinates":[[-57.591667,-25.276918],[-57.591571,-25.276737]]}},{"type":"Feature","properties":{"nombre":"ARROYO MBURICAO"},"geometry":{"type":"LineString","coordinates":[[-57.588027,-25.277809],[-57.58802,-25.27778],[-57.588077,-25.277816],[-57.588047,-25.277895],[-57.588017,-25.277861],[-57.588027,-25.277809]]}},{"type":"Feature","properties":{"nombre":null},"geometry":{"type":"LineString","coordinates":[[-57.589922,-25.278419],[-57.589884,-25.278168],[-57.589852,-25.278099],[-57.589744,-25.278072],[-57.589571,-25.278118],[-57.589517,-25.278121],[-57.589745,-25.278056],[-57.589848,-25.278083],[-57.589893,-25.278152],[-57.589931,-25.278439]]}},{"type":"Feature","properties":{"nombre":null},"geometry":{"type":"LineString","coordinates":[[-57.590242,-25.27796],[-57.590157,-25.278092],[-57.590026,-25.278132],[-57.589887,-25.278136]]}},{"type":"Feature","properties":{"nombre":null},"geometry":{"type":"LineString","coordinates":[[-57.590398,-25.280772],[-57.590337,-25.280754],[-57.590279,-25.280693],[-57.590207,-25.280301],[-57.590088,-25.28022],[-57.590044,-25.280152],[-57.590032,-25.279972],[-57.590064,-25.279871],[-57.590026,-25.279692]]}},{"type":"Feature","properties":{"nombre":null},"geometry":{"type":"LineString","coordinates":[[-57.590794,-25.282201],[-57.590423,-25.282288],[-57.590386,-25.282158],[-57.590624,-25.282096],[-57.590632,-25.282052],[-57.590621,-25.282028],[-57.590374,-25.282085]]}},{"type":"Feature","properties":{"nombre":null},"geometry":{"type":"LineString","coordinates":[[-57.590298,-25.281793],[-57.590577,-25.281735]]}},{"type":"Feature","properties":{"nombre":null},"geometry":{"type":"LineString","coordinates":[[-57.590298,-25.281793],[-57.590285,-25.281748]]}},{"type":"Feature","properties":{"nombre":null},"geometry":{"type":"LineString","coordinates":[[-57.590898,-25.283028],[-57.590613,-25.283094]]}},{"type":"Feature","properties":{"nombre":null},"geometry":{"type":"LineString","coordinates":[[-57.591123,-25.282669],[-57.591118,-25.282514]]}},{"type":"Feature","properties":{"nombre":null},"geometry":{"type":"LineString","coordinates":[[-57.577853,-25.253469],[-57.578522,-25.253962],[-57.578659,-25.254019],[-57.578736,-25.25409]]}},{"type":"Feature","properties":{"nombre":null},"geometry":{"type":"LineString","coordinates":[[-57.581275,-25.252514],[-57.581266,-25.25248],[-57.581336,-25.252317],[-57.581412,-25.252282],[-57.581652,-25.252258],[-57.581786,-25.252185],[-57.581809,-25.252084],[-57.581732,-25.25192],[-57.581651,-25.251838],[-57.581688,-25.251801]]}},{"type":"Feature","properties":{"nombre":null},"geometry":{"type":"LineString","coordinates":[[-57.581237,-25.25],[-57.581278,-25.250023],[-57.581323,-25.25]]}},{"type":"Feature","properties":{"nombre":null},"geometry":{"type":"LineString","coordinates":[[-57.581372,-25.250226],[-57.580853,-25.250532],[-57.580219,-25.250841]]}},{"type":"Feature","properties":{"nombre":null},"geometry":{"type":"LineString","coordinates":[[-57.580341,-25.250621],[-57.58028,-25.250627],[-57.58021,-25.250542]]}},{"type":"Feature","properties":{"nombre":null},"geometry":{"type":"LineString","coordinates":[[-57.580568,-25.25],[-57.580641,-25.250062]]}},{"type":"Feature","properties":{"nombre":null},"geometry":{"type":"LineString","coordinates":[[-57.580172,-25.252348],[-57.580372,-25.252482],[-57.580487,-25.252373]]}},{"type":"Feature","properties":{"nombre":null},"geometry":{"type":"LineString","coordinates":[[-57.583094,-25.25],[-57.583053,-25.250109]]}},{"type":"Feature","properties":{"nombre":null},"geometry":{"type":"LineString","coordinates":[[-57.578762,-25.257209],[-57.579009,-25.256986],[-57.579121,-25.256917]]}},{"type":"Feature","properties":{"nombre":null},"geometry":{"type":"LineString","coordinates":[[-57.575546,-25.258037],[-57.57546,-25.258074],[-57.57542,-25.25814],[-57.575425,-25.258184]]}},{"type":"Feature","properties":{"nombre":null},"geometry":{"type":"LineString","coordinates":[[-57.579247,-25.256805],[-57.579101,-25.256904]]}},{"type":"Feature","properties":{"nombre":"ARROYO YBYRAY"},"geometry":{"type":"LineString","coordinates":[[-57.577704,-25.264348],[-57.577884,-25.264143]]}},{"type":"Feature","properties":{"nombre":null},"geometry":{"type":"LineString","coordinates":[[-57.579068,-25.265979],[-57.579668,-25.265755],[-57.579649,-25.265716]]}},{"type":"Feature","properties":{"nombre":"ARROYO YBYRAY"},"geometry":{"type":"LineString","coordinates":[[-57.582638,-25.261696],[-57.583132,-25.261807],[-57.583218,-25.261864]]}},{"type":"Feature","properties":{"nombre":null},"geometry":{"type":"LineString","coordinates":[[-57.582032,-25.271494],[-57.583333,-25.271186]]}},{"type":"Feature","properties":{"nombre":"ARROYO SANTO DOMINGO"},"geometry":{"type":"LineString","coordinates":[[-57.58259,-25.277084],[-57.582674,-25.277008],[-57.582884,-25.276907],[-57.583333,-25.276746]]}},{"type":"Feature","properties":{"nombre":null},"geometry":{"type":"LineString","coordinates":[[-57.577635,-25.292576],[-57.577978,-25.292583],[-57.578629,-25.292657],[-57.579382,-25.292586],[-57.580156,-25.292547],[-57.580756,-25.292314],[-57.581129,-25.292379],[-57.581516,-25.292376],[-57.581691,-25.292345],[-57.582212,-25.292084],[-57.582384,-25.292043],[-57.583012,-25.2917],[-57.583333,-25.291595]]}},{"type":"Feature","properties":{"nombre":null},"geometry":{"type":"LineString","coordinates":[[-57.571486,-25.250623],[-57.571467,-25.250573],[-57.571277,-25.250351],[-57.571214,-25.250339],[-57.571255,-25.25]]}},{"type":"Feature","properties":{"nombre":null},"geometry":{"type":"LineString","coordinates":[[-57.574996,-25.258801],[-57.575,-25.258797]]}},{"type":"Feature","properties":{"nombre":null},"geometry":{"type":"LineString","coordinates":[[-57.568616,-25.256491],[-57.569319,-25.256508],[-57.569769,-25.256572],[-57.569816,-25.256542]]}},{"type":"Feature","properties":{"nombre":null},"geometry":{"type":"LineString","coordinates":[[-57.571376,-25.259835],[-57.571426,-25.259644],[-57.571494,-25.259529],[-57.571682,-25.259379]]}},{"type":"Feature","properties":{"nombre":null},"geometry":{"type":"LineString","coordinates":[[-57.570947,-25.256763],[-57.571044,-25.256797]]}},{"type":"Feature","properties":{"nombre":null},"geometry":{"type":"LineString","coordinates":[[-57.571336,-25.256901],[-57.571383,-25.256921]]}},{"type":"Feature","properties":{"nombre":null},"geometry":{"type":"LineString","coordinates":[[-57.571965,-25.257157],[-57.572056,-25.257188]]}},{"type":"Feature","properties":{"nombre":null},"geometry":{"type":"LineString","coordinates":[[-57.562984,-25.252243],[-57.562914,-25.252214],[-57.562813,-25.25212],[-57.562388,-25.251642]]}},{"type":"Feature","properties":{"nombre":null},"geometry":{"type":"LineString","coordinates":[[-57.560795,-25.250318],[-57.560698,-25.250252],[-57.560606,-25.250306]]}},{"type":"Feature","properties":{"nombre":null},"geometry":{"type":"LineString","coordinates":[[-57.558625,-25.251793],[-57.558536,-25.252246],[-57.558504,-25.252312]]}},{"type":"Feature","properties":{"nombre":null},"geometry":{"type":"LineString","coordinates":[[-57.563806,-25.251863],[-57.563876,-25.252174],[-57.56386,-25.25232],[-57.563826,-25.252417],[-57.563579,-25.252771],[-57.563461,-25.252997]]}},{"type":"Feature","properties":{"nombre":null},"geometry":{"type":"LineString","coordinates":[[-57.560367,-25.250478],[-57.560606,-25.250306]]}},{"type":"Feature","properties":{"nombre":null},"geometry":{"type":"LineString","coordinates":[[-57.558333,-25.252441],[-57.558402,-25.252482]]}},{"type":"Feature","properties":{"nombre":null},"geometry":{"type":"LineString","coordinates":[[-57.563341,-25.250942],[-57.561994,-25.250836]]}},{"type":"Feature","properties":{"nombre":null},"geometry":{"type":"LineString","coordinates":[[-57.561926,-25.250849],[-57.561669,-25.250856]]}},{"type":"Feature","properties":{"nombre":null},"geometry":{"type":"LineString","coordinates":[[-57.560642,-25.253724],[-57.55878,-25.252697]]}},{"type":"Feature","properties":{"nombre":null},"geometry":{"type":"LineString","coordinates":[[-57.56273,-25.254766],[-57.562755,-25.255244]]}},{"type":"Feature","properties":{"nombre":null},"geometry":{"type":"LineString","coordinates":[[-57.559331,-25.250328],[-57.559265,-25.250338],[-57.559148,-25.250416],[-57.55903,-25.250652],[-57.558986,-25.250708],[-57.558769,-25.250874],[-57.55871,-25.250991]]}},{"type":"Feature","properties":{"nombre":null},"geometry":{"type":"LineString","coordinates":[[-57.55872,-25.251003],[-57.558721,-25.251002]]}},{"type":"Feature","properties":{"nombre":null},"geometry":{"type":"LineString","coordinates":[[-57.566124,-25.256246],[-57.565907,-25.256306]]}},{"type":"Feature","properties":{"nombre":null},"geometry":{"type":"LineString","coordinates":[[-57.561131,-25.264724],[-57.561184,-25.264628],[-57.561282,-25.26457],[-57.561321,-25.264359],[-57.56147,-25.264193],[-57.561482,-25.264104],[-57.561393,-25.264008],[-57.561143,-25.263619],[-57.560903,-25.263086],[-57.560774,-25.262864],[-57.5607,-25.262781],[-57.560678,-25.262657],[-57.560752,-25.262597],[-57.560795,-25.262516],[-57.560791,-25.262192],[-57.560928,-25.262019],[-57.560911,-25.26195]]}},{"type":"Feature","properties":{"nombre":null},"geometry":{"type":"LineString","coordinates":[[-57.564857,-25.272486],[-57.564358,-25.272773]]}},{"type":"Feature","properties":{"nombre":null},"geometry":{"type":"LineString","coordinates":[[-57.565035,-25.272635],[-57.56539,-25.272429]]}},{"type":"Feature","properties":{"nombre":null},"geometry":{"type":"LineString","coordinates":[[-57.55989,-25.280795],[-57.559786,-25.280743],[-57.559771,-25.280768],[-57.559876,-25.280819],[-57.55989,-25.280795]]}},{"type":"Feature","properties":{"nombre":null},"geometry":{"type":"LineString","coordinates":[[-57.563392,-25.283333],[-57.563045,-25.28321],[-57.563046,-25.283191],[-57.563455,-25.283333]]}},{"type":"Feature","properties":{"nombre":null},"geometry":{"type":"LineString","coordinates":[[-57.560964,-25.281664],[-57.560887,-25.281595],[-57.560855,-25.28161],[-57.560949,-25.28169],[-57.560964,-25.281664]]}},{"type":"Feature","properties":{"nombre":null},"geometry":{"type":"LineString","coordinates":[[-57.558804,-25.280284],[-57.558759,-25.28026]]}},{"type":"Feature","properties":{"nombre":null},"geometry":{"type":"LineString","coordinates":[[-57.558409,-25.280124],[-57.558333,-25.280092]]}},{"type":"Feature","properties":{"nombre":null},"geometry":{"type":"LineString","coordinates":[[-57.565214,-25.28344],[-57.565116,-25.283429]]}},{"type":"Feature","properties":{"nombre":null},"geometry":{"type":"LineString","coordinates":[[-57.563357,-25.283827],[-57.563137,-25.283898],[-57.562407,-25.284148],[-57.562416,-25.284159],[-57.563357,-25.283827]]}},{"type":"Feature","properties":{"nombre":null},"geometry":{"type":"LineString","coordinates":[[-57.551236,-25.254377],[-57.551438,-25.255413]]}},{"type":"Feature","properties":{"nombre":null},"geometry":{"type":"LineString","coordinates":[[-57.555664,-25.253871],[-57.555645,-25.253415]]}},{"type":"Feature","properties":{"nombre":null},"geometry":{"type":"LineString","coordinates":[[-57.554339,-25.250473],[-57.554147,-25.250405]]}},{"type":"Feature","properties":{"nombre":null},"geometry":{"type":"LineString","coordinates":[[-57.550431,-25.25074],[-57.550156,-25.250786]]}},{"type":"Feature","properties":{"nombre":null},"geometry":{"type":"LineString","coordinates":[[-57.551729,-25.251999],[-57.551725,-25.252151],[-57.551753,-25.252295]]}},{"type":"Feature","properties":{"nombre":null},"geometry":{"type":"LineString","coordinates":[[-57.557619,-25.251836],[-57.557592,-25.251822]]}},{"type":"Feature","properties":{"nombre":null},"geometry":{"type":"LineString","coordinates":[[-57.553574,-25.256675],[-57.553613,-25.256646],[-57.553846,-25.25664],[-57.553843,-25.256579]]}},{"type":"Feature","properties":{"nombre":null},"geometry":{"type":"LineString","coordinates":[[-57.557308,-25.260779],[-57.557334,-25.260662]]}},{"type":"Feature","properties":{"nombre":null},"geometry":{"type":"LineString","coordinates":[[-57.552257,-25.257608],[-57.551936,-25.256872]]}},{"type":"Feature","properties":{"nombre":null},"geometry":{"type":"LineString","coordinates":[[-57.550766,-25.256642],[-57.55,-25.256774]]}},{"type":"Feature","properties":{"nombre":null},"geometry":{"type":"LineString","coordinates":[[-57.551758,-25.27726],[-57.551826,-25.277283]]}},{"type":"Feature","properties":{"nombre":null},"geometry":{"type":"LineString","coordinates":[[-57.551665,-25.277236],[-57.551684,-25.277239]]}},{"type":"Feature","properties":{"nombre":null},"geometry":{"type":"LineString","coordinates":[[-57.550658,-25.276953],[-57.550524,-25.276914]]}},{"type":"Feature","properties":{"nombre":null},"geometry":{"type":"LineString","coordinates":[[-57.550013,-25.248628],[-57.55,-25.248632]]}},{"type":"Feature","properties":{"nombre":null},"geometry":{"type":"LineString","coordinates":[[-57.533341,-25.241693],[-57.533333,-25.241695]]}},{"type":"Feature","properties":{"nombre":null},"geometry":{"type":"LineString","coordinates":[[-57.552361,-25.279224],[-57.550781,-25.279431]]}},{"type":"Feature","properties":{"nombre":null},"geometry":{"type":"LineString","coordinates":[[-57.551738,-25.27724],[-57.551714,-25.277233]]}},{"type":"Feature","properties":{"nombre":null},"geometry":{"type":"LineString","coordinates":[[-57.551714,-25.277249],[-57.551734,-25.277255]]}},{"type":"Feature","properties":{"nombre":null},"geometry":{"type":"LineString","coordinates":[[-57.553402,-25.277778],[-57.5534,-25.277777]]}},{"type":"Feature","properties":{"nombre":null},"geometry":{"type":"LineString","coordinates":[[-57.555248,-25.276789],[-57.555327,-25.276913]]}},{"type":"Feature","properties":{"nombre":null},"geometry":{"type":"LineString","coordinates":[[-57.555235,-25.27677],[-57.555248,-25.276789]]}},{"type":"Feature","properties":{"nombre":null},"geometry":{"type":"LineString","coordinates":[[-57.550094,-25.27265],[-57.550394,-25.272462]]}},{"type":"Feature","properties":{"nombre":null},"geometry":{"type":"LineString","coordinates":[[-57.55,-25.272719],[-57.550044,-25.272689]]}},{"type":"Feature","properties":{"nombre":null},"geometry":{"type":"LineString","coordinates":[[-57.55,-25.274792],[-57.550178,-25.274991]]}},{"type":"Feature","properties":{"nombre":null},"geometry":{"type":"LineString","coordinates":[[-57.554416,-25.276654],[-57.55433,-25.276661]]}},{"type":"Feature","properties":{"nombre":null},"geometry":{"type":"LineString","coordinates":[[-57.550604,-25.279453],[-57.55,-25.279531]]}},{"type":"Feature","properties":{"nombre":null},"geometry":{"type":"LineString","coordinates":[[-57.550541,-25.281223],[-57.550497,-25.281233]]}},{"type":"Feature","properties":{"nombre":null},"geometry":{"type":"LineString","coordinates":[[-57.552983,-25.280097],[-57.553079,-25.280086]]}},{"type":"Feature","properties":{"nombre":null},"geometry":{"type":"LineString","coordinates":[[-57.55268,-25.278817],[-57.552747,-25.278647]]}},{"type":"Feature","properties":{"nombre":null},"geometry":{"type":"LineString","coordinates":[[-57.591353,-25.282413],[-57.59117,-25.282437],[-57.591157,-25.282337]]}},{"type":"Feature","properties":{"nombre":null},"geometry":{"type":"LineString","coordinates":[[-57.553079,-25.280086],[-57.553124,-25.280058],[-57.553102,-25.279666],[-57.553159,-25.279586]]}},{"type":"Feature","properties":{"nombre":null},"geometry":{"type":"LineString","coordinates":[[-57.555575,-25.28052],[-57.555575,-25.280504]]}},{"type":"Feature","properties":{"nombre":null},"geometry":{"type":"LineString","coordinates":[[-57.557601,-25.279494],[-57.557412,-25.279413]]}},{"type":"Feature","properties":{"nombre":"ARROYO YTAY"},"geometry":{"type":"LineString","coordinates":[[-57.550541,-25.294444],[-57.550445,-25.294142]]}},{"type":"Feature","properties":{"nombre":null},"geometry":{"type":"LineString","coordinates":[[-57.55029,-25.293214],[-57.550561,-25.292982],[-57.55057,-25.29299],[-57.550343,-25.293184],[-57.55029,-25.293214]]}},{"type":"Feature","properties":{"nombre":null},"geometry":{"type":"LineString","coordinates":[[-57.550814,-25.292742],[-57.551015,-25.292539],[-57.55118,-25.292374],[-57.551171,-25.292369],[-57.550814,-25.292742]]}},{"type":"Feature","properties":{"nombre":"ARROYO YTAY"},"geometry":{"type":"LineString","coordinates":[[-57.550289,-25.293457],[-57.550327,-25.293703],[-57.550483,-25.294126]]}},{"type":"Feature","properties":{"nombre":null},"geometry":{"type":"LineString","coordinates":[[-57.550541,-25.294444],[-57.550632,-25.294828],[-57.550763,-25.295195],[-57.550839,-25.295528]]}},{"type":"Feature","properties":{"nombre":null},"geometry":{"type":"LineString","coordinates":[[-57.550854,-25.295574],[-57.55086,-25.295601]]}},{"type":"Feature","properties":{"nombre":"ARROYO MBURICAO"},"geometry":{"type":"LineString","coordinates":[[-57.595595,-25.302959],[-57.59567,-25.302835]]}},{"type":"Feature","properties":{"nombre":"ARROYO MBURICAO"},"geometry":{"type":"LineString","coordinates":[[-57.595695,-25.302697],[-57.595781,-25.302572]]}},{"type":"Feature","properties":{"nombre":"ARROYO MBURICAO"},"geometry":{"type":"LineString","coordinates":[[-57.59567,-25.302835],[-57.595695,-25.302697]]}},{"type":"Feature","properties":{"nombre":"ARROYO MBURICAO"},"geometry":{"type":"LineString","coordinates":[[-57.595782,-25.301487],[-57.595699,-25.301008],[-57.595644,-25.300867]]}},{"type":"Feature","properties":{"nombre":"ARROYO MBURICAO"},"geometry":{"type":"LineString","coordinates":[[-57.596446,-25.305822],[-57.596421,-25.305702],[-57.596435,-25.305556]]}},{"type":"Feature","properties":{"nombre":null},"geometry":{"type":"LineString","coordinates":[[-57.593394,-25.32641],[-57.593208,-25.326282],[-57.593388,-25.326418]]}},{"type":"Feature","properties":{"nombre":null},"geometry":{"type":"LineString","coordinates":[[-57.591667,-25.333897],[-57.591696,-25.333881]]}},{"type":"Feature","properties":{"nombre":null},"geometry":{"type":"LineString","coordinates":[[-57.591576,-25.305668],[-57.591456,-25.305715]]}},{"type":"Feature","properties":{"nombre":null},"geometry":{"type":"LineString","coordinates":[[-57.587098,-25.316667],[-57.585282,-25.315392]]}},{"type":"Feature","properties":{"nombre":null},"geometry":{"type":"LineString","coordinates":[[-57.587958,-25.317286],[-57.58789,-25.317239]]}},{"type":"Feature","properties":{"nombre":null},"geometry":{"type":"LineString","coordinates":[[-57.587885,-25.317245],[-57.587077,-25.316667]]}},{"type":"Feature","properties":{"nombre":null},"geometry":{"type":"LineString","coordinates":[[-57.587098,-25.316667],[-57.58789,-25.317239]]}},{"type":"Feature","properties":{"nombre":null},"geometry":{"type":"LineString","coordinates":[[-57.591237,-25.331027],[-57.59134,-25.330858]]}},{"type":"Feature","properties":{"nombre":null},"geometry":{"type":"LineString","coordinates":[[-57.59134,-25.330858],[-57.59152,-25.33059]]}},{"type":"Feature","properties":{"nombre":null},"geometry":{"type":"LineString","coordinates":[[-57.591454,-25.333333],[-57.591394,-25.333311],[-57.591187,-25.333153],[-57.591117,-25.333134]]}},{"type":"Feature","properties":{"nombre":"ARROYO MBURICAO"},"geometry":{"type":"LineString","coordinates":[[-57.590237,-25.287626],[-57.590166,-25.287569],[-57.590138,-25.287495]]}},{"type":"Feature","properties":{"nombre":"ARROYO MBURICAO"},"geometry":{"type":"LineString","coordinates":[[-57.59038,-25.287639],[-57.59022,-25.287603]]}},{"type":"Feature","properties":{"nombre":null},"geometry":{"type":"LineString","coordinates":[[-57.588095,-25.27866],[-57.588075,-25.278644],[-57.588075,-25.278614],[-57.5881,-25.278641],[-57.588095,-25.27866]]}},{"type":"Feature","properties":{"nombre":null},"geometry":{"type":"LineString","coordinates":[[-57.591075,-25.281919],[-57.590759,-25.281995],[-57.590744,-25.281933]]}},{"type":"Feature","properties":{"nombre":null},"geometry":{"type":"LineString","coordinates":[[-57.590638,-25.282081],[-57.590775,-25.282057]]}},{"type":"Feature","properties":{"nombre":null},"geometry":{"type":"LineString","coordinates":[[-57.590768,-25.28224],[-57.590995,-25.282206]]}},{"type":"Feature","properties":{"nombre":null},"geometry":{"type":"LineString","coordinates":[[-57.590768,-25.28224],[-57.590459,-25.28234]]}},{"type":"Feature","properties":{"nombre":null},"geometry":{"type":"LineString","coordinates":[[-57.59031,-25.281869],[-57.590315,-25.281833]]}},{"type":"Feature","properties":{"nombre":"ARROYO MBURICAO"},"geometry":{"type":"LineString","coordinates":[[-57.59046,-25.28405],[-57.590518,-25.284311],[-57.590509,-25.284368],[-57.590589,-25.284559],[-57.590615,-25.284705],[-57.590542,-25.284808],[-57.590393,-25.284938],[-57.590266,-25.284964],[-57.590169,-25.284953],[-57.590115,-25.284988],[-57.590095,-25.285045],[-57.590172,-25.285195],[-57.590281,-25.285284],[-57.59036,-25.285307],[-57.590435,-25.28528],[-57.590529,-25.285291],[-57.590603,-25.285323],[-57.59067,-25.285392]]}},{"type":"Feature","properties":{"nombre":null},"geometry":{"type":"LineString","coordinates":[[-57.582558,-25.308159],[-57.582411,-25.307921],[-57.582319,-25.307891],[-57.581863,-25.308116],[-57.58189,-25.308161]]}},{"type":"Feature","properties":{"nombre":null},"geometry":{"type":"LineString","coordinates":[[-57.566786,-25.320592],[-57.566667,-25.320642]]}},{"type":"Feature","properties":{"nombre":null},"geometry":{"type":"LineString","coordinates":[[-57.588725,-25.266106],[-57.588913,-25.266048],[-57.588991,-25.266003],[-57.58909,-25.266003],[-57.589195,-25.26597],[-57.589295,-25.265856],[-57.58931,-25.265725],[-57.589436,-25.265589],[-57.589458,-25.265522],[-57.589507,-25.265503]]}},{"type":"Feature","properties":{"nombre":null},"geometry":{"type":"LineString","coordinates":[[-57.591286,-25.271053],[-57.591161,-25.27109],[-57.590963,-25.271025]]}},{"type":"Feature","properties":{"nombre":"ARROYO MBURICAO"},"geometry":{"type":"LineString","coordinates":[[-57.589307,-25.269591],[-57.589348,-25.269448],[-57.589436,-25.269415],[-57.58965,-25.269245],[-57.589708,-25.269147],[-57.589758,-25.268988],[-57.589764,-25.26887],[-57.589685,-25.268713],[-57.589706,-25.268656]]}},{"type":"Feature","properties":{"nombre":null},"geometry":{"type":"LineString","coordinates":[[-57.583333,-25.271737],[-57.583759,-25.271638]]}},{"type":"Feature","properties":{"nombre":null},"geometry":{"type":"LineString","coordinates":[[-57.587127,-25.268012],[-57.587256,-25.267984]]}},{"type":"Feature","properties":{"nombre":"ARROYO MBURICAO"},"geometry":{"type":"LineString","coordinates":[[-57.590444,-25.267427],[-57.590471,-25.267449]]}},{"type":"Feature","properties":{"nombre":"ARROYO MBURICAO"},"geometry":{"type":"LineString","coordinates":[[-57.590476,-25.267533],[-57.590492,-25.267797]]}},{"type":"Feature","properties":{"nombre":"ARROYO MBURICAO"},"geometry":{"type":"LineString","coordinates":[[-57.590511,-25.268266],[-57.590522,-25.268448],[-57.590568,-25.268461]]}},{"type":"Feature","properties":{"nombre":null},"geometry":{"type":"LineString","coordinates":[[-57.588101,-25.266979],[-57.588182,-25.266865]]}},{"type":"Feature","properties":{"nombre":null},"geometry":{"type":"LineString","coordinates":[[-57.583522,-25.270133],[-57.583333,-25.270259]]}},{"type":"Feature","properties":{"nombre":null},"geometry":{"type":"LineString","coordinates":[[-57.589331,-25.277677],[-57.589074,-25.27752],[-57.589061,-25.277407],[-57.589126,-25.277371],[-57.589156,-25.277305],[-57.589176,-25.276955],[-57.589087,-25.276872],[-57.588875,-25.276485],[-57.588834,-25.27637],[-57.588868,-25.276062],[-57.588852,-25.275924],[-57.588958,-25.275793],[-57.589025,-25.275661],[-57.588968,-25.275533],[-57.589009,-25.275474],[-57.589016,-25.275404]]}},{"type":"Feature","properties":{"nombre":"ARROYO MBURICAO"},"geometry":{"type":"LineString","coordinates":[[-57.589382,-25.282984],[-57.589487,-25.28271],[-57.589725,-25.282448],[-57.589714,-25.28227],[-57.589687,-25.282203],[-57.589622,-25.282141],[-57.589475,-25.282089],[-57.589391,-25.282103],[-57.588981,-25.282064],[-57.588655,-25.281896],[-57.588597,-25.2818],[-57.588581,-25.28165],[-57.588531,-25.281546],[-57.588594,-25.28106],[-57.588568,-25.281003],[-57.588329,-25.280829],[-57.588023,-25.280707],[-57.587864,-25.280578],[-57.587801,-25.28048],[-57.5878,-25.28037],[-57.58783,-25.280287],[-57.588002,-25.280047],[-57.588073,-25.279717],[-57.588066,-25.279638],[-57.588029,-25.279596],[-57.588022,-25.279262],[-57.588064,-25.279145],[-57.588062,-25.278901],[-57.588082,-25.27882],[-57.588049,-25.278666],[-57.587957,-25.278565],[-57.587944,-25.278516],[-57.587967,-25.278417],[-57.587919,-25.278417],[-57.587933,-25.278372],[-57.587986,-25.278367],[-57.587954,-25.278359],[-57.587985,-25.278312],[-57.587978,-25.278238],[-57.588032,-25.278116],[-57.587981,-25.277876],[-57.587984,-25.277853],[-57.588023,-25.277837],[-57.588011,-25.277778]]}},{"type":"Feature","properties":{"nombre":null},"geometry":{"type":"LineString","coordinates":[[-57.590882,-25.282962],[-57.590592,-25.283023]]}},{"type":"Feature","properties":{"nombre":null},"geometry":{"type":"LineString","coordinates":[[-57.583333,-25.291595],[-57.584695,-25.291053],[-57.584962,-25.290928],[-57.584987,-25.290875]]}},{"type":"Feature","properties":{"nombre":null},"geometry":{"type":"LineString","coordinates":[[-57.577351,-25.25329],[-57.577489,-25.253404],[-57.577581,-25.253424]]}},{"type":"Feature","properties":{"nombre":null},"geometry":{"type":"LineString","coordinates":[[-57.58303,-25.250093],[-57.583066,-25.250035],[-57.583058,-25.25]]}},{"type":"Feature","properties":{"nombre":null},"geometry":{"type":"LineString","coordinates":[[-57.576305,-25.254557],[-57.576696,-25.254116]]}},{"type":"Feature","properties":{"nombre":null},"geometry":{"type":"LineString","coordinates":[[-57.581263,-25.253485],[-57.581361,-25.253371],[-57.581615,-25.25315],[-57.581665,-25.253079],[-57.581578,-25.252888],[-57.581495,-25.252794]]}},{"type":"Feature","properties":{"nombre":null},"geometry":{"type":"LineString","coordinates":[[-57.576421,-25.252033],[-57.576557,-25.252036]]}},{"type":"Feature","properties":{"nombre":null},"geometry":{"type":"LineString","coordinates":[[-57.576035,-25.251269],[-57.576351,-25.251779]]}},{"type":"Feature","properties":{"nombre":null},"geometry":{"type":"LineString","coordinates":[[-57.579835,-25.255211],[-57.579817,-25.25519]]}},{"type":"Feature","properties":{"nombre":null},"geometry":{"type":"LineString","coordinates":[[-57.581019,-25.253761],[-57.581263,-25.253485]]}},{"type":"Feature","properties":{"nombre":null},"geometry":{"type":"LineString","coordinates":[[-57.561979,-25.245619],[-57.56208,-25.245559],[-57.562143,-25.245562],[-57.562379,-25.245638],[-57.562489,-25.245757],[-57.562628,-25.246017],[-57.562654,-25.246111]]}},{"type":"Feature","properties":{"nombre":null},"geometry":{"type":"LineString","coordinates":[[-57.559668,-25.246119],[-57.559665,-25.246361]]}},{"type":"Feature","properties":{"nombre":null},"geometry":{"type":"LineString","coordinates":[[-57.560525,-25.246229],[-57.560534,-25.246539]]}},{"type":"Feature","properties":{"nombre":null},"geometry":{"type":"LineString","coordinates":[[-57.557813,-25.229328],[-57.558111,-25.229153],[-57.558298,-25.229082],[-57.558293,-25.228984]]}},{"type":"Feature","properties":{"nombre":null},"geometry":{"type":"LineString","coordinates":[[-57.557497,-25.233061],[-57.557528,-25.233139],[-57.557669,-25.233187],[-57.557833,-25.233282]]}},{"type":"Feature","properties":{"nombre":null},"geometry":{"type":"LineString","coordinates":[[-57.55794,-25.2306],[-57.557887,-25.230767],[-57.557883,-25.230884],[-57.558117,-25.231377]]}},{"type":"Feature","properties":{"nombre":null},"geometry":{"type":"LineString","coordinates":[[-57.556985,-25.233333],[-57.556834,-25.233499],[-57.556785,-25.233683],[-57.556809,-25.233779],[-57.556867,-25.233846],[-57.557069,-25.234033],[-57.557135,-25.234061],[-57.557122,-25.234143],[-57.557035,-25.234255],[-57.556886,-25.234352],[-57.556612,-25.234457],[-57.556481,-25.23466],[-57.556464,-25.235021],[-57.556399,-25.235152],[-57.556354,-25.235202],[-57.556265,-25.235246],[-57.5558,-25.235292],[-57.555552,-25.235385],[-57.555429,-25.235399],[-57.555328,-25.235461],[-57.555308,-25.2355],[-57.555328,-25.235563],[-57.555365,-25.235586],[-57.555741,-25.235611],[-57.555816,-25.235646],[-57.555897,-25.235756],[-57.555995,-25.236009],[-57.555992,-25.236247],[-57.556045,-25.23657],[-57.556019,-25.23678],[-57.555926,-25.236931],[-57.555832,-25.236981],[-57.555358,-25.237093],[-57.555098,-25.237411],[-57.555009,-25.237463],[-57.55494,-25.237445],[-57.554658,-25.23719],[-57.554624,-25.237196],[-57.55459,-25.237212],[-57.554532,-25.237314],[-57.554513,-25.237497],[-57.554385,-25.237606],[-57.553899,-25.237615],[-57.553669,-25.237563],[-57.553605,-25.237566],[-57.553535,-25.23753],[-57.55354,-25.23743],[-57.553427,-25.237353],[-57.553398,-25.237265]]}},{"type":"Feature","properties":{"nombre":null},"geometry":{"type":"LineString","coordinates":[[-57.553609,-25.247103],[-57.554045,-25.246868],[-57.554173,-25.246751],[-57.554315,-25.246698],[-57.554406,-25.246633]]}},{"type":"Feature","properties":{"nombre":null},"geometry":{"type":"LineString","coordinates":[[-57.552035,-25.248765],[-57.55204,-25.248745],[-57.552291,-25.248608],[-57.552228,-25.248499],[-57.552255,-25.248464],[-57.552554,-25.24831]]}},{"type":"Feature","properties":{"nombre":null},"geometry":{"type":"LineString","coordinates":[[-57.550737,-25.247465],[-57.550922,-25.247647]]}},{"type":"Feature","properties":{"nombre":null},"geometry":{"type":"LineString","coordinates":[[-57.55,-25.248334],[-57.550103,-25.248357],[-57.550309,-25.24852],[-57.550431,-25.248587],[-57.550743,-25.248857],[-57.550986,-25.248998]]}},{"type":"Feature","properties":{"nombre":null},"geometry":{"type":"LineString","coordinates":[[-57.550887,-25.249002],[-57.55093,-25.249004]]}},{"type":"Feature","properties":{"nombre":null},"geometry":{"type":"LineString","coordinates":[[-57.553829,-25.235033],[-57.553927,-25.235074],[-57.553979,-25.235189],[-57.554137,-25.235269],[-57.554239,-25.235424],[-57.554301,-25.235456],[-57.554353,-25.235445],[-57.554492,-25.23549],[-57.554728,-25.235489],[-57.554846,-25.235516],[-57.554941,-25.235443],[-57.555035,-25.235438],[-57.555122,-25.235402],[-57.555197,-25.23533],[-57.555392,-25.235315],[-57.555462,-25.23535]]}},{"type":"Feature","properties":{"nombre":null},"geometry":{"type":"LineString","coordinates":[[-57.551767,-25.238889],[-57.551859,-25.238682],[-57.552048,-25.238483],[-57.552066,-25.238246],[-57.552135,-25.23806],[-57.552156,-25.238032],[-57.55226,-25.238007],[-57.552364,-25.237952],[-57.552611,-25.237738],[-57.552655,-25.237672]]}},{"type":"Feature","properties":{"nombre":null},"geometry":{"type":"LineString","coordinates":[[-57.555256,-25.235962],[-57.555401,-25.235901],[-57.555433,-25.235862],[-57.555409,-25.235746],[-57.555333,-25.235664],[-57.555345,-25.235615]]}},{"type":"Feature","properties":{"nombre":null},"geometry":{"type":"LineString","coordinates":[[-57.554597,-25.235489],[-57.554637,-25.235534],[-57.554773,-25.235565],[-57.554835,-25.235516]]}},{"type":"Feature","properties":{"nombre":null},"geometry":{"type":"LineString","coordinates":[[-57.550442,-25.241166],[-57.550589,-25.240976],[-57.550643,-25.240765],[-57.550604,-25.240708],[-57.550626,-25.240529],[-57.55069,-25.240463],[-57.550697,-25.240389],[-57.550819,-25.240325]]}},{"type":"Feature","properties":{"nombre":null},"geometry":{"type":"LineString","coordinates":[[-57.552372,-25.239122],[-57.552336,-25.239066],[-57.552335,-25.238993],[-57.55227,-25.238889]]}},{"type":"Feature","properties":{"nombre":null},"geometry":{"type":"LineString","coordinates":[[-57.556854,-25.240449],[-57.556652,-25.240382],[-57.556499,-25.24028]]}},{"type":"Feature","properties":{"nombre":null},"geometry":{"type":"LineString","coordinates":[[-57.5567,-25.239881],[-57.556639,-25.239805],[-57.556491,-25.239737],[-57.556423,-25.239733],[-57.556301,-25.23966],[-57.556168,-25.239554],[-57.556107,-25.239465],[-57.556053,-25.239436],[-57.555889,-25.239393],[-57.555674,-25.239413],[-57.555504,-25.239377]]}},{"type":"Feature","properties":{"nombre":null},"geometry":{"type":"LineString","coordinates":[[-57.552116,-25.241627],[-57.552035,-25.241698],[-57.551913,-25.241749],[-57.551747,-25.24177]]}},{"type":"Feature","properties":{"nombre":null},"geometry":{"type":"LineString","coordinates":[[-57.552558,-25.239436],[-57.552432,-25.23952],[-57.552341,-25.239619],[-57.552282,-25.239618],[-57.552255,-25.239527],[-57.552054,-25.239258],[-57.551923,-25.239032],[-57.551779,-25.238912]]}},{"type":"Feature","properties":{"nombre":null},"geometry":{"type":"LineString","coordinates":[[-57.550223,-25.249677],[-57.550164,-25.24938]]}},{"type":"Feature","properties":{"nombre":null},"geometry":{"type":"LineString","coordinates":[[-57.553499,-25.247334],[-57.553484,-25.247306]]}},{"type":"Feature","properties":{"nombre":null},"geometry":{"type":"LineString","coordinates":[[-57.55,-25.24875],[-57.550036,-25.248734]]}},{"type":"Feature","properties":{"nombre":null},"geometry":{"type":"LineString","coordinates":[[-57.557761,-25.247734],[-57.557827,-25.248061],[-57.557975,-25.249139],[-57.558042,-25.249441]]}},{"type":"Feature","properties":{"nombre":null},"geometry":{"type":"LineString","coordinates":[[-57.598765,-25.25],[-57.598802,-25.250146],[-57.598721,-25.25029],[-57.598715,-25.250372],[-57.598643,-25.250488],[-57.59867,-25.250674],[-57.598537,-25.250732],[-57.598514,-25.250807],[-57.598539,-25.250856],[-57.598782,-25.250955],[-57.59879,-25.251008],[-57.598746,-25.251076],[-57.598674,-25.251124],[-57.598499,-25.251151],[-57.598446,-25.251132],[-57.598361,-25.25096],[-57.598346,-25.250881],[-57.598377,-25.250639],[-57.598456,-25.250563],[-57.598476,-25.250458],[-57.598513,-25.250416],[-57.598489,-25.25031],[-57.598418,-25.250223],[-57.598326,-25.25016],[-57.598367,-25.250121],[-57.5983,-25.250108],[-57.598286,-25.250084],[-57.598324,-25.25]]}},{"type":"Feature","properties":{"nombre":null},"geometry":{"type":"LineString","coordinates":[[-57.59478,-25.25],[-57.594813,-25.250048],[-57.594794,-25.250089],[-57.594811,-25.250132],[-57.595114,-25.250489],[-57.595263,-25.250606],[-57.595308,-25.250826],[-57.595369,-25.250895],[-57.595371,-25.25094],[-57.595367,-25.25103],[-57.595344,-25.25107],[-57.595251,-25.251097],[-57.595185,-25.251165],[-57.595174,-25.251209],[-57.595204,-25.251386],[-57.59526,-25.251511],[-57.595357,-25.251613],[-57.59537,-25.251699],[-57.595329,-25.25178],[-57.595284,-25.251799],[-57.595196,-25.2519],[-57.595098,-25.251884],[-57.595061,-25.251914],[-57.595055,-25.251959],[-57.595125,-25.252075],[-57.59508,-25.25217],[-57.595026,-25.252193],[-57.59502,-25.25222],[-57.595024,-25.252544],[-57.594901,-25.252658],[-57.594869,-25.252872],[-57.594833,-25.252945],[-57.594707,-25.253017],[-57.594595,-25.25305],[-57.594394,-25.253004],[-57.594164,-25.253053],[-57.594051,-25.253027],[-57.594007,-25.252764],[-57.59413,-25.252687],[-57.594192,-25.252566],[-57.594336,-25.252533],[-57.594411,-25.252491],[-57.594443,-25.252446],[-57.594444,-25.252392],[-57.594405,-25.25232],[-57.594316,-25.252249],[-57.593996,-25.25219],[-57.594001,-25.252139],[-57.594072,-25.252091],[-57.59425,-25.252077],[-57.594303,-25.252054],[-57.59431,-25.251894],[-57.594247,-25.251804],[-57.594099,-25.251692],[-57.593943,-25.251613],[-57.5938,-25.251577],[-57.593507,-25.25162],[-57.593362,-25.251714],[-57.593217,-25.251851],[-57.593201,-25.251929],[-57.593275,-25.25219],[-57.593355,-25.252221],[-57.593359,-25.252248],[-57.593184,-25.252252],[-57.593162,-25.252358],[-57.593131,-25.252403],[-57.593047,-25.252426],[-57.592995,-25.252403],[-57.593052,-25.252224],[-57.593038,-25.252172],[-57.592982,-25.252167],[-57.59288,-25.252329],[-57.592813,-25.252382],[-57.5927,-25.252411],[-57.592617,-25.252339],[-57.59238,-25.252347],[-57.592321,-25.252404],[-57.592205,-25.252425],[-57.592057,-25.252514],[-57.592012,-25.25264],[-57.591856,-25.252837],[-57.591769,-25.252847],[-57.591667,-25.252796]]}},{"type":"Feature","properties":{"nombre":"ARROYO MBURICAO"},"geometry":{"type":"LineString","coordinates":[[-57.593718,-25.258488],[-57.593761,-25.258562],[-57.593698,-25.258578],[-57.593679,-25.258565],[-57.593685,-25.258532],[-57.593709,-25.258477],[-57.593718,-25.258488]]}},{"type":"Feature","properties":{"nombre":null},"geometry":{"type":"LineString","coordinates":[[-57.6194,-25.279982],[-57.619519,-25.279864],[-57.619583,-25.279653]]}},{"type":"Feature","properties":{"nombre":null},"geometry":{"type":"LineString","coordinates":[[-57.617088,-25.284963],[-57.61701,-25.28494]]}},{"type":"Feature","properties":{"nombre":null},"geometry":{"type":"LineString","coordinates":[[-57.611517,-25.272222],[-57.611498,-25.272121],[-57.611415,-25.271997],[-57.61131,-25.271975],[-57.611158,-25.272033],[-57.610917,-25.271902],[-57.6109,-25.271766],[-57.610969,-25.271641],[-57.611023,-25.271477],[-57.61127,-25.271141],[-57.611304,-25.271057],[-57.611384,-25.271052],[-57.611487,-25.271005],[-57.611518,-25.270932],[-57.611575,-25.270889],[-57.611659,-25.270915],[-57.611823,-25.270876],[-57.611913,-25.270883],[-57.612002,-25.270846],[-57.61211,-25.270876],[-57.612227,-25.270877],[-57.612489,-25.271132],[-57.612716,-25.271196],[-57.612764,-25.271187],[-57.612866,-25.271098],[-57.612882,-25.271103],[-57.612861,-25.271157],[-57.612969,-25.271223],[-57.613258,-25.271296],[-57.613355,-25.271238],[-57.613415,-25.271241],[-57.613521,-25.271323],[-57.613612,-25.271312],[-57.613657,-25.271275],[-57.613686,-25.271149],[-57.613746,-25.271094],[-57.61392,-25.271027],[-57.613969,-25.271029],[-57.614155,-25.271106],[-57.614309,-25.27121],[-57.61442,-25.271418],[-57.61452,-25.271499],[-57.614571,-25.271498],[-57.614536,-25.271406],[-57.614717,-25.271304],[-57.614786,-25.271175],[-57.614788,-25.270977],[-57.614753,-25.27089],[-57.614603,-25.270772],[-57.614454,-25.270558],[-57.614389,-25.270498],[-57.614355,-25.270334],[-57.614236,-25.270191],[-57.614235,-25.270104],[-57.614351,-25.269898],[-57.614373,-25.269691],[-57.614349,-25.269636],[-57.614282,-25.26963],[-57.6142,-25.269545],[-57.614168,-25.269392],[-57.614099,-25.269242],[-57.614107,-25.269178],[-57.61426,-25.269022],[-57.614406,-25.268816],[-57.614492,-25.268772],[-57.614676,-25.268762],[-57.61501,-25.268795],[-57.615132,-25.268843],[-57.615181,-25.268889],[-57.61524,-25.268878],[-57.615515,-25.268525],[-57.61563,-25.268194],[-57.615949,-25.267675],[-57.616033,-25.267459],[-57.616259,-25.267083],[-57.616459,-25.266667]]}},{"type":"Feature","properties":{"nombre":null},"geometry":{"type":"LineString","coordinates":[[-57.615663,-25.277532],[-57.615738,-25.277573],[-57.615787,-25.277637],[-57.616077,-25.277755]]}},{"type":"Feature","properties":{"nombre":null},"geometry":{"type":"LineString","coordinates":[[-57.615619,-25.277778],[-57.615563,-25.277778]]}},{"type":"Feature","properties":{"nombre":null},"geometry":{"type":"LineString","coordinates":[[-57.616066,-25.279274],[-57.616026,-25.279327],[-57.616001,-25.279481],[-57.616009,-25.27965],[-57.615913,-25.279807]]}},{"type":"Feature","properties":{"nombre":"ARROYO LAS MERCEDES"},"geometry":{"type":"LineString","coordinates":[[-57.609865,-25.278166],[-57.609824,-25.278191],[-57.609758,-25.278213],[-57.60976,-25.278175],[-57.609829,-25.278118],[-57.609865,-25.278166]]}},{"type":"Feature","properties":{"nombre":null},"geometry":{"type":"LineString","coordinates":[[-57.608909,-25.29061],[-57.608905,-25.290718],[-57.608975,-25.29091],[-57.609124,-25.291268],[-57.609158,-25.291273]]}},{"type":"Feature","properties":{"nombre":null},"geometry":{"type":"LineString","coordinates":[[-57.608333,-25.251071],[-57.608269,-25.251062],[-57.607869,-25.250882],[-57.607545,-25.250853],[-57.607234,-25.250695],[-57.606634,-25.250537],[-57.606271,-25.250417],[-57.605971,-25.250197],[-57.605782,-25.25]]}},{"type":"Feature","properties":{"nombre":null},"geometry":{"type":"LineString","coordinates":[[-57.603606,-25.272846],[-57.603593,-25.272861]]}},{"type":"Feature","properties":{"nombre":"ARROYO SALAMANCA"},"geometry":{"type":"LineString","coordinates":[[-57.641667,-25.302543],[-57.641811,-25.302646],[-57.641988,-25.302957],[-57.642132,-25.30313],[-57.642153,-25.303211],[-57.642227,-25.303324],[-57.642443,-25.303581],[-57.642559,-25.3038]]}},{"type":"Feature","properties":{"nombre":null},"geometry":{"type":"LineString","coordinates":[[-57.64981,-25.310153],[-57.65,-25.310108]]}},{"type":"Feature","properties":{"nombre":null},"geometry":{"type":"LineString","coordinates":[[-57.649029,-25.309759],[-57.649221,-25.310018],[-57.649235,-25.310066],[-57.649029,-25.309771],[-57.649002,-25.309782],[-57.649002,-25.309725],[-57.649029,-25.309759]]}},{"type":"Feature","properties":{"nombre":"ARROYO Z. MOROTI"},"geometry":{"type":"LineString","coordinates":[[-57.647471,-25.316667],[-57.647677,-25.316997],[-57.647875,-25.317255],[-57.648239,-25.317899],[-57.648793,-25.318698],[-57.649092,-25.319056],[-57.649146,-25.319092],[-57.649238,-25.319093],[-57.649463,-25.31892],[-57.649621,-25.318894],[-57.649831,-25.318768],[-57.65,-25.318733]]}},{"type":"Feature","properties":{"nombre":"ARROYO Z. MOROTI"},"geometry":{"type":"LineString","coordinates":[[-57.6475,-25.316667],[-57.647936,-25.317298],[-57.648329,-25.317977],[-57.649061,-25.31898],[-57.649144,-25.31904],[-57.64925,-25.319068],[-57.649291,-25.319007],[-57.649404,-25.318921],[-57.649604,-25.318864],[-57.649811,-25.31875],[-57.65,-25.318699]]}},{"type":"Feature","properties":{"nombre":"ARROYO FERREIRA"},"geometry":{"type":"LineString","coordinates":[[-57.647832,-25.325859],[-57.647756,-25.325994],[-57.647641,-25.325977],[-57.64732,-25.325659],[-57.647178,-25.325458],[-57.647178,-25.325295],[-57.647128,-25.325168],[-57.647132,-25.324843],[-57.647056,-25.324728],[-57.646895,-25.324237],[-57.64691,-25.32402],[-57.646977,-25.323877],[-57.647009,-25.323514],[-57.646842,-25.323162],[-57.646592,-25.322892],[-57.646453,-25.322784],[-57.646277,-25.322703],[-57.646069,-25.322565],[-57.645882,-25.322399],[-57.645711,-25.322335],[-57.645539,-25.322222]]}},{"type":"Feature","properties":{"nombre":"ARROYO FERREIRA"},"geometry":{"type":"LineString","coordinates":[[-57.647748,-25.325706],[-57.64771,-25.325743],[-57.647715,-25.325878],[-57.647695,-25.325927],[-57.64753,-25.325776],[-57.647254,-25.325458],[-57.647245,-25.325214],[-57.647173,-25.324732],[-57.647135,-25.32463],[-57.647007,-25.324449],[-57.646959,-25.324265],[-57.646959,-25.32413],[-57.647059,-25.323812],[-57.647065,-25.323473],[-57.646914,-25.323182],[-57.646744,-25.32297],[-57.64644,-25.322714],[-57.646234,-25.322593],[-57.646098,-25.322477],[-57.645795,-25.322331],[-57.645651,-25.322222]]}},{"type":"Feature","properties":{"nombre":null},"geometry":{"type":"LineString","coordinates":[[-57.64193,-25.324209],[-57.641858,-25.324415],[-57.641667,-25.324345]]}},{"type":"Feature","properties":{"nombre":null},"geometry":{"type":"LineString","coordinates":[[-57.645496,-25.333333],[-57.645663,-25.333333]]}},{"type":"Feature","properties":{"nombre":null},"geometry":{"type":"LineString","coordinates":[[-57.641667,-25.328998],[-57.641804,-25.329061],[-57.642306,-25.329107],[-57.642365,-25.329106],[-57.642454,-25.329043]]}},{"type":"Feature","properties":{"nombre":null},"geometry":{"type":"LineString","coordinates":[[-57.645407,-25.338889],[-57.645188,-25.338743],[-57.645167,-25.3387],[-57.645365,-25.338377],[-57.645491,-25.33829],[-57.645565,-25.338194],[-57.645682,-25.338247],[-57.646201,-25.338582],[-57.64625,-25.338547],[-57.64652,-25.337976],[-57.646497,-25.337962],[-57.646435,-25.33801],[-57.646318,-25.338194],[-57.646276,-25.338221],[-57.646077,-25.338216],[-57.645802,-25.338132],[-57.645878,-25.338219],[-57.645964,-25.338269],[-57.645974,-25.338292],[-57.64595,-25.338299],[-57.645787,-25.338194],[-57.645672,-25.338046],[-57.645608,-25.338002],[-57.645552,-25.337997],[-57.645436,-25.33804],[-57.645112,-25.338002],[-57.644994,-25.338014],[-57.644892,-25.338057],[-57.644649,-25.33826],[-57.644382,-25.338371],[-57.644124,-25.33853],[-57.643763,-25.33859],[-57.643672,-25.338525],[-57.643589,-25.338374],[-57.643499,-25.338339],[-57.643409,-25.338164],[-57.643753,-25.338343],[-57.644042,-25.338392],[-57.644232,-25.33832],[-57.644216,-25.338272],[-57.644121,-25.338239],[-57.644036,-25.338151],[-57.643984,-25.337998],[-57.644027,-25.337939],[-57.643946,-25.337806],[-57.64383,-25.33779],[-57.643451,-25.337656],[-57.642998,-25.337573],[-57.642675,-25.337426],[-57.642275,-25.337307],[-57.641933,-25.33726],[-57.641667,-25.337277]]}},{"type":"Feature","properties":{"nombre":null},"geometry":{"type":"LineString","coordinates":[[-57.645663,-25.333333],[-57.645702,-25.333333]]}},{"type":"Feature","properties":{"nombre":null},"geometry":{"type":"LineString","coordinates":[[-57.645496,-25.333333],[-57.645417,-25.333379],[-57.645402,-25.333461],[-57.645376,-25.333476],[-57.645223,-25.333477],[-57.645243,-25.333584],[-57.645147,-25.333641],[-57.645077,-25.333738],[-57.644876,-25.333774],[-57.644765,-25.333729],[-57.644712,-25.333759],[-57.644708,-25.333797],[-57.644774,-25.333844],[-57.644962,-25.333849],[-57.644858,-25.333966],[-57.644851,-25.334039],[-57.644897,-25.334077],[-57.645082,-25.334086],[-57.645187,-25.334059],[-57.645305,-25.333998],[-57.645392,-25.333884],[-57.645469,-25.333842],[-57.645536,-25.333839],[-57.645727,-25.333895],[-57.645751,-25.333879],[-57.645795,-25.333745],[-57.645873,-25.333722],[-57.645939,-25.333734],[-57.645967,-25.333906],[-57.645931,-25.333991],[-57.645756,-25.33406],[-57.645372,-25.334158],[-57.645299,-25.33422],[-57.645188,-25.334255],[-57.645178,-25.33428],[-57.645466,-25.334249],[-57.645487,-25.334267],[-57.6454,-25.334405],[-57.64536,-25.334536],[-57.645287,-25.334581],[-57.645123,-25.33462],[-57.645053,-25.334669],[-57.64505,-25.334698],[-57.645427,-25.33473],[-57.645638,-25.33482],[-57.645614,-25.334874],[-57.645486,-25.334923],[-57.645149,-25.334916],[-57.645118,-25.335023],[-57.645172,-25.335124],[-57.645344,-25.335297],[-57.645581,-25.335336],[-57.645678,-25.335459],[-57.645837,-25.335556],[-57.646013,-25.335769],[-57.646079,-25.335812],[-57.646182,-25.33599],[-57.646476,-25.33607],[-57.646493,-25.336151],[-57.646621,-25.336156],[-57.646685,-25.336213],[-57.646597,-25.336325],[-57.646592,-25.336631],[-57.646798,-25.336849],[-57.646807,-25.33693],[-57.646763,-25.336953],[-57.646581,-25.336774],[-57.646493,-25.336753],[-57.646392,-25.336829],[-57.646323,-25.336917],[-57.646214,-25.337162],[-57.646163,-25.337166],[-57.646124,-25.337063],[-57.6461,-25.337072],[-57.646094,-25.337138],[-57.646169,-25.337213],[-57.646176,-25.33734],[-57.646101,-25.337386],[-57.646043,-25.337484],[-57.646065,-25.337622],[-57.646098,-25.337635],[-57.64626,-25.337534],[-57.646672,-25.337476],[-57.646719,-25.337441],[-57.646773,-25.337348],[-57.646764,-25.337438],[-57.646724,-25.337489],[-57.646449,-25.337667],[-57.64657,-25.33775],[-57.646238,-25.337935],[-57.646087,-25.337949],[-57.645676,-25.337876],[-57.645448,-25.337905],[-57.645366,-25.337854],[-57.645315,-25.337745],[-57.645186,-25.337714],[-57.645074,-25.337624],[-57.645017,-25.337559],[-57.644997,-25.337419],[-57.64492,-25.337307],[-57.64456,-25.336993],[-57.644253,-25.336685],[-57.643892,-25.336485],[-57.643647,-25.336455]]}},{"type":"Feature","properties":{"nombre":null},"geometry":{"type":"LineString","coordinates":[[-57.643647,-25.336455],[-57.643017,-25.336498],[-57.642623,-25.336552],[-57.642095,-25.336717],[-57.641808,-25.336864],[-57.641667,-25.336964]]}},{"type":"Feature","properties":{"nombre":null},"geometry":{"type":"LineString","coordinates":[[-57.643758,-25.333905],[-57.643616,-25.333918],[-57.643327,-25.33402],[-57.642626,-25.334049],[-57.642467,-25.334092],[-57.642253,-25.334233],[-57.642126,-25.334457],[-57.641982,-25.334559],[-57.641758,-25.334822],[-57.641875,-25.334741],[-57.642059,-25.334533],[-57.642143,-25.334486],[-57.642284,-25.334248],[-57.642464,-25.334121],[-57.642646,-25.334081],[-57.643279,-25.334056],[-57.64359,-25.333948],[-57.64373,-25.333955],[-57.643702,-25.33408],[-57.643533,-25.334253],[-57.643417,-25.334334],[-57.643448,-25.33434],[-57.643574,-25.334272],[-57.643721,-25.334135],[-57.643785,-25.334041],[-57.643785,-25.333956],[-57.643867,-25.333818]]}},{"type":"Feature","properties":{"nombre":null},"geometry":{"type":"LineString","coordinates":[[-57.641868,-25.343177],[-57.641667,-25.34317]]}},{"type":"Feature","properties":{"nombre":null},"geometry":{"type":"LineString","coordinates":[[-57.643063,-25.346193],[-57.64309,-25.346596]]}},{"type":"Feature","properties":{"nombre":"ARROYO Z. MOROTI"},"geometry":{"type":"LineString","coordinates":[[-57.637456,-25.310854],[-57.637451,-25.311111]]}},{"type":"Feature","properties":{"nombre":"ARROYO Z. MOROTI"},"geometry":{"type":"LineString","coordinates":[[-57.637071,-25.309423],[-57.637055,-25.309339]]}},{"type":"Feature","properties":{"nombre":null},"geometry":{"type":"LineString","coordinates":[[-57.567075,-25.321904],[-57.567084,-25.321874],[-57.567041,-25.321835],[-57.566667,-25.321576]]}},{"type":"Feature","properties":{"nombre":null},"geometry":{"type":"LineString","coordinates":[[-57.570587,-25.323037],[-57.570663,-25.323071],[-57.570934,-25.322986]]}},{"type":"Feature","properties":{"nombre":null},"geometry":{"type":"LineString","coordinates":[[-57.562186,-25.315588],[-57.561912,-25.315626],[-57.561872,-25.315605],[-57.561839,-25.315425],[-57.561547,-25.315472]]}},{"type":"Feature","properties":{"nombre":null},"geometry":{"type":"LineString","coordinates":[[-57.561421,-25.315486],[-57.561327,-25.31548]]}},{"type":"Feature","properties":{"nombre":null},"geometry":{"type":"LineString","coordinates":[[-57.561824,-25.319078],[-57.561807,-25.319194]]}},{"type":"Feature","properties":{"nombre":null},"geometry":{"type":"LineString","coordinates":[[-57.564502,-25.319871],[-57.564711,-25.31966]]}},{"type":"Feature","properties":{"nombre":null},"geometry":{"type":"LineString","coordinates":[[-57.555038,-25.303489],[-57.554817,-25.303351],[-57.554522,-25.303259],[-57.554463,-25.303278]]}},{"type":"Feature","properties":{"nombre":null},"geometry":{"type":"LineString","coordinates":[[-57.555669,-25.305942],[-57.555007,-25.306328],[-57.554881,-25.306357]]}},{"type":"Feature","properties":{"nombre":null},"geometry":{"type":"LineString","coordinates":[[-57.551917,-25.308522],[-57.551868,-25.308416],[-57.551747,-25.308289],[-57.551725,-25.308213]]}},{"type":"Feature","properties":{"nombre":null},"geometry":{"type":"LineString","coordinates":[[-57.543733,-25.246422],[-57.543791,-25.24641]]}},{"type":"Feature","properties":{"nombre":null},"geometry":{"type":"LineString","coordinates":[[-57.55,-25.248632],[-57.549931,-25.248656]]}},{"type":"Feature","properties":{"nombre":null},"geometry":{"type":"LineString","coordinates":[[-57.541738,-25.247817],[-57.541667,-25.247861]]}},{"type":"Feature","properties":{"nombre":null},"geometry":{"type":"LineString","coordinates":[[-57.549656,-25.249936],[-57.549623,-25.249801]]}},{"type":"Feature","properties":{"nombre":null},"geometry":{"type":"LineString","coordinates":[[-57.549674,-25.24979],[-57.549708,-25.249925]]}},{"type":"Feature","properties":{"nombre":null},"geometry":{"type":"LineString","coordinates":[[-57.54993,-25.248657],[-57.549736,-25.248731]]}},{"type":"Feature","properties":{"nombre":null},"geometry":{"type":"LineString","coordinates":[[-57.549166,-25.248965],[-57.549938,-25.248682],[-57.55,-25.248686]]}},{"type":"Feature","properties":{"nombre":null},"geometry":{"type":"LineString","coordinates":[[-57.543781,-25.249686],[-57.543269,-25.248706]]}},{"type":"Feature","properties":{"nombre":null},"geometry":{"type":"LineString","coordinates":[[-57.538764,-25.237069],[-57.538595,-25.23719]]}},{"type":"Feature","properties":{"nombre":null},"geometry":{"type":"LineString","coordinates":[[-57.539694,-25.238179],[-57.539273,-25.238503]]}},{"type":"Feature","properties":{"nombre":null},"geometry":{"type":"LineString","coordinates":[[-57.534327,-25.25],[-57.533608,-25.248344],[-57.533568,-25.248283],[-57.533364,-25.248101]]}},{"type":"Feature","properties":{"nombre":null},"geometry":{"type":"LineString","coordinates":[[-57.53734,-25.248781],[-57.536366,-25.249426]]}},{"type":"Feature","properties":{"nombre":null},"geometry":{"type":"LineString","coordinates":[[-57.536032,-25.245312],[-57.535932,-25.245355],[-57.535898,-25.245424],[-57.536151,-25.245819]]}},{"type":"Feature","properties":{"nombre":null},"geometry":{"type":"LineString","coordinates":[[-57.541586,-25.248327],[-57.541601,-25.248366]]}},{"type":"Feature","properties":{"nombre":null},"geometry":{"type":"LineString","coordinates":[[-57.532353,-25.238608],[-57.531864,-25.238889]]}},{"type":"Feature","properties":{"nombre":null},"geometry":{"type":"LineString","coordinates":[[-57.527454,-25.242816],[-57.527038,-25.242249],[-57.526907,-25.24196]]}},{"type":"Feature","properties":{"nombre":null},"geometry":{"type":"LineString","coordinates":[[-57.530905,-25.243967],[-57.530308,-25.244445]]}},{"type":"Feature","properties":{"nombre":null},"geometry":{"type":"LineString","coordinates":[[-57.533333,-25.241695],[-57.533102,-25.241751]]}},{"type":"Feature","properties":{"nombre":null},"geometry":{"type":"LineString","coordinates":[[-57.531864,-25.238889],[-57.531144,-25.239319],[-57.530859,-25.239458],[-57.530771,-25.239532],[-57.530204,-25.239857],[-57.530161,-25.239892],[-57.530162,-25.239932],[-57.530219,-25.240058]]}},{"type":"Feature","properties":{"nombre":null},"geometry":{"type":"LineString","coordinates":[[-57.529517,-25.24521],[-57.529245,-25.245489],[-57.529198,-25.245589],[-57.529213,-25.245643],[-57.529189,-25.245678],[-57.529151,-25.245688],[-57.529111,-25.24586],[-57.529073,-25.24587]]}},{"type":"Feature","properties":{"nombre":null},"geometry":{"type":"LineString","coordinates":[[-57.532015,-25.244445],[-57.531751,-25.244579],[-57.531501,-25.244615]]}},{"type":"Feature","properties":{"nombre":null},"geometry":{"type":"LineString","coordinates":[[-57.530573,-25.244709],[-57.530466,-25.244558]]}},{"type":"Feature","properties":{"nombre":null},"geometry":{"type":"LineString","coordinates":[[-57.549426,-25.250007],[-57.549459,-25.25]]}},{"type":"Feature","properties":{"nombre":null},"geometry":{"type":"LineString","coordinates":[[-57.549894,-25.25],[-57.549955,-25.250021],[-57.55,-25.250227]]}},{"type":"Feature","properties":{"nombre":null},"geometry":{"type":"LineString","coordinates":[[-57.549447,-25.254869],[-57.549627,-25.254691],[-57.549645,-25.254626],[-57.549351,-25.254326],[-57.549157,-25.254237]]}},{"type":"Feature","properties":{"nombre":null},"geometry":{"type":"LineString","coordinates":[[-57.541762,-25.253745],[-57.541817,-25.253652]]}},{"type":"Feature","properties":{"nombre":null},"geometry":{"type":"LineString","coordinates":[[-57.549948,-25.250293],[-57.55,-25.250278]]}},{"type":"Feature","properties":{"nombre":null},"geometry":{"type":"LineString","coordinates":[[-57.55,-25.256922],[-57.549569,-25.256993]]}},{"type":"Feature","properties":{"nombre":null},"geometry":{"type":"LineString","coordinates":[[-57.548921,-25.256937],[-57.548776,-25.256964]]}},{"type":"Feature","properties":{"nombre":null},"geometry":{"type":"LineString","coordinates":[[-57.547553,-25.260274],[-57.547441,-25.259801],[-57.547398,-25.259796],[-57.546632,-25.259301]]}},{"type":"Feature","properties":{"nombre":null},"geometry":{"type":"LineString","coordinates":[[-57.547689,-25.261981],[-57.547055,-25.261961],[-57.546069,-25.261873],[-57.545382,-25.261853]]}},{"type":"Feature","properties":{"nombre":null},"geometry":{"type":"LineString","coordinates":[[-57.548534,-25.264797],[-57.549069,-25.264628],[-57.549163,-25.264652]]}},{"type":"Feature","properties":{"nombre":null},"geometry":{"type":"LineString","coordinates":[[-57.547244,-25.281604],[-57.547059,-25.281658],[-57.547036,-25.281642]]}},{"type":"Feature","properties":{"nombre":null},"geometry":{"type":"LineString","coordinates":[[-57.548795,-25.28392],[-57.548585,-25.283959]]}},{"type":"Feature","properties":{"nombre":null},"geometry":{"type":"LineString","coordinates":[[-57.547045,-25.263418],[-57.544593,-25.263458],[-57.54372,-25.263498],[-57.542446,-25.263506],[-57.542121,-25.263544]]}},{"type":"Feature","properties":{"nombre":null},"geometry":{"type":"LineString","coordinates":[[-57.546019,-25.270989],[-57.545904,-25.270963],[-57.545843,-25.270908],[-57.545574,-25.270837],[-57.545446,-25.270854],[-57.545416,-25.270908],[-57.545354,-25.270932],[-57.545139,-25.270852],[-57.545069,-25.270856],[-57.54472,-25.270726],[-57.544495,-25.270675],[-57.54441,-25.270628],[-57.544275,-25.270593],[-57.544094,-25.270498],[-57.543666,-25.270432],[-57.543543,-25.270379],[-57.543485,-25.270395],[-57.543377,-25.27037],[-57.542449,-25.270066],[-57.54207,-25.269979],[-57.541919,-25.269893],[-57.541667,-25.269832]]}},{"type":"Feature","properties":{"nombre":null},"geometry":{"type":"LineString","coordinates":[[-57.547471,-25.271685],[-57.547323,-25.271446],[-57.547243,-25.271378]]}},{"type":"Feature","properties":{"nombre":null},"geometry":{"type":"LineString","coordinates":[[-57.544907,-25.269821],[-57.544843,-25.269761],[-57.544744,-25.269504],[-57.54459,-25.269283],[-57.544511,-25.269231],[-57.544176,-25.268691],[-57.544153,-25.268566],[-57.544218,-25.268393]]}},{"type":"Feature","properties":{"nombre":null},"geometry":{"type":"LineString","coordinates":[[-57.544344,-25.267877],[-57.544402,-25.267605],[-57.544415,-25.26724],[-57.5444,-25.267145],[-57.544449,-25.266667]]}},{"type":"Feature","properties":{"nombre":null},"geometry":{"type":"LineString","coordinates":[[-57.54519,-25.268072],[-57.545083,-25.267925]]}},{"type":"Feature","properties":{"nombre":null},"geometry":{"type":"LineString","coordinates":[[-57.545528,-25.268228],[-57.545288,-25.268199]]}},{"type":"Feature","properties":{"nombre":null},"geometry":{"type":"LineString","coordinates":[[-57.544098,-25.27097],[-57.543239,-25.270795],[-57.543107,-25.270788],[-57.542957,-25.270736],[-57.542633,-25.270671],[-57.542107,-25.270593],[-57.542051,-25.270531],[-57.542009,-25.270573],[-57.5419,-25.270573]]}},{"type":"Feature","properties":{"nombre":null},"geometry":{"type":"LineString","coordinates":[[-57.545949,-25.272113],[-57.546116,-25.271362]]}},{"type":"Feature","properties":{"nombre":null},"geometry":{"type":"LineString","coordinates":[[-57.546058,-25.269271],[-57.546131,-25.268967],[-57.546139,-25.268944],[-57.546169,-25.268944]]}},{"type":"Feature","properties":{"nombre":null},"geometry":{"type":"LineString","coordinates":[[-57.549521,-25.273996],[-57.549442,-25.273914]]}},{"type":"Feature","properties":{"nombre":null},"geometry":{"type":"LineString","coordinates":[[-57.549092,-25.276502],[-57.549057,-25.276491]]}},{"type":"Feature","properties":{"nombre":null},"geometry":{"type":"LineString","coordinates":[[-57.544672,-25.274914],[-57.544673,-25.274889]]}},{"type":"Feature","properties":{"nombre":null},"geometry":{"type":"LineString","coordinates":[[-57.548283,-25.276274],[-57.548223,-25.27626],[-57.54822,-25.276269],[-57.54828,-25.276283],[-57.548283,-25.276274]]}},{"type":"Feature","properties":{"nombre":null},"geometry":{"type":"LineString","coordinates":[[-57.543525,-25.281238],[-57.543721,-25.281182],[-57.543861,-25.281106],[-57.54402,-25.280903],[-57.544048,-25.280758],[-57.544036,-25.280714]]}},{"type":"Feature","properties":{"nombre":null},"geometry":{"type":"LineString","coordinates":[[-57.543414,-25.281315],[-57.543525,-25.281238]]}},{"type":"Feature","properties":{"nombre":null},"geometry":{"type":"LineString","coordinates":[[-57.549317,-25.278165],[-57.549307,-25.278095]]}},{"type":"Feature","properties":{"nombre":null},"geometry":{"type":"LineString","coordinates":[[-57.549927,-25.281363],[-57.549821,-25.281388]]}},{"type":"Feature","properties":{"nombre":null},"geometry":{"type":"LineString","coordinates":[[-57.548754,-25.286053],[-57.548377,-25.28613]]}},{"type":"Feature","properties":{"nombre":"ARROYO YTAY"},"geometry":{"type":"LineString","coordinates":[[-57.548988,-25.28878],[-57.54891,-25.288703],[-57.548909,-25.288628],[-57.548815,-25.288243],[-57.54877,-25.288154],[-57.548744,-25.28798],[-57.548545,-25.287417],[-57.548564,-25.287399],[-57.54855,-25.287357],[-57.548521,-25.287353],[-57.548477,-25.287195],[-57.548437,-25.286907],[-57.548322,-25.286463],[-57.548303,-25.286045],[-57.54823,-25.28569],[-57.548183,-25.285568],[-57.54797,-25.285274],[-57.547921,-25.285142],[-57.547795,-25.284673],[-57.547743,-25.284341],[-57.547608,-25.283874],[-57.547614,-25.283773],[-57.54755,-25.283511],[-57.547465,-25.283333]]}},{"type":"Feature","properties":{"nombre":null},"geometry":{"type":"LineString","coordinates":[[-57.545343,-25.294445],[-57.545177,-25.294351],[-57.545027,-25.294412],[-57.544978,-25.294406],[-57.544793,-25.294225],[-57.544652,-25.294163],[-57.544567,-25.29401],[-57.544488,-25.293937],[-57.544414,-25.293905],[-57.544334,-25.293904],[-57.544299,-25.293974],[-57.544275,-25.293978],[-57.544161,-25.29391],[-57.544102,-25.293865],[-57.543991,-25.293596],[-57.543947,-25.293583],[-57.543836,-25.293644],[-57.543718,-25.293585],[-57.543478,-25.29325],[-57.543325,-25.293175],[-57.543209,-25.293073],[-57.54301,-25.29276],[-57.542912,-25.292678],[-57.542482,-25.292512]]}},{"type":"Feature","properties":{"nombre":null},"geometry":{"type":"LineString","coordinates":[[-57.545832,-25.293779],[-57.545862,-25.293535],[-57.545896,-25.293461],[-57.545839,-25.293337],[-57.545739,-25.293331],[-57.545772,-25.293197],[-57.54573,-25.293077],[-57.545745,-25.292966],[-57.545635,-25.292909],[-57.545603,-25.292833],[-57.545484,-25.292826],[-57.545449,-25.292726],[-57.545402,-25.292674]]}},{"type":"Feature","properties":{"nombre":null},"geometry":{"type":"LineString","coordinates":[[-57.548658,-25.290275],[-57.549054,-25.290188]]}},{"type":"Feature","properties":{"nombre":null},"geometry":{"type":"LineString","coordinates":[[-57.544914,-25.294444],[-57.544879,-25.294375],[-57.54456,-25.294133],[-57.54452,-25.294015],[-57.544446,-25.293941],[-57.544374,-25.293938],[-57.544277,-25.294015],[-57.544117,-25.293915],[-57.543986,-25.293642],[-57.543941,-25.293626],[-57.543916,-25.29363],[-57.543838,-25.293749],[-57.543818,-25.293892],[-57.543846,-25.294029],[-57.543833,-25.294125],[-57.543767,-25.294153],[-57.543671,-25.294085],[-57.543574,-25.294111],[-57.54354,-25.294179],[-57.54353,-25.294272],[-57.543501,-25.294313],[-57.543436,-25.294347],[-57.543389,-25.29443]]}},{"type":"Feature","properties":{"nombre":null},"geometry":{"type":"LineString","coordinates":[[-57.544656,-25.297923],[-57.544295,-25.297446],[-57.54323,-25.296232],[-57.543205,-25.29617],[-57.543302,-25.296038],[-57.543441,-25.29595]]}},{"type":"Feature","properties":{"nombre":"ARROYO YTAY"},"geometry":{"type":"LineString","coordinates":[[-57.534272,-25.254917],[-57.534085,-25.254551]]}},{"type":"Feature","properties":{"nombre":null},"geometry":{"type":"LineString","coordinates":[[-57.540115,-25.251401],[-57.539975,-25.251463],[-57.539657,-25.251597],[-57.539652,-25.251584],[-57.539979,-25.251426],[-57.540104,-25.251373],[-57.540115,-25.251401]]}},{"type":"Feature","properties":{"nombre":null},"geometry":{"type":"LineString","coordinates":[[-57.534283,-25.25051],[-57.53374,-25.250703]]}},{"type":"Feature","properties":{"nombre":null},"geometry":{"type":"LineString","coordinates":[[-57.537036,-25.254564],[-57.53693,-25.254617],[-57.537019,-25.254811]]}},{"type":"Feature","properties":{"nombre":null},"geometry":{"type":"LineString","coordinates":[[-57.537357,-25.252996],[-57.537131,-25.252503],[-57.5369,-25.252596]]}},{"type":"Feature","properties":{"nombre":null},"geometry":{"type":"LineString","coordinates":[[-57.541667,-25.254962],[-57.540245,-25.25503],[-57.540205,-25.255556]]}},{"type":"Feature","properties":{"nombre":null},"geometry":{"type":"LineString","coordinates":[[-57.541667,-25.25488],[-57.54141,-25.254975]]}},{"type":"Feature","properties":{"nombre":null},"geometry":{"type":"LineString","coordinates":[[-57.537028,-25.254833],[-57.537036,-25.254855]]}},{"type":"Feature","properties":{"nombre":null},"geometry":{"type":"LineString","coordinates":[[-57.538314,-25.255163],[-57.53829,-25.255556]]}},{"type":"Feature","properties":{"nombre":null},"geometry":{"type":"LineString","coordinates":[[-57.645556,-25.273816],[-57.645525,-25.273765],[-57.645503,-25.273784],[-57.645529,-25.27383],[-57.645556,-25.273816]]}},{"type":"Feature","properties":{"nombre":null},"geometry":{"type":"LineString","coordinates":[[-57.541538,-25.258208],[-57.536835,-25.259011],[-57.536034,-25.259184],[-57.535953,-25.259183]]}},{"type":"Feature","properties":{"nombre":null},"geometry":{"type":"LineString","coordinates":[[-57.589854,-25.333333],[-57.589546,-25.33362]]}},{"type":"Feature","properties":{"nombre":null},"geometry":{"type":"LineString","coordinates":[[-57.572137,-25.32437],[-57.572132,-25.324629],[-57.572118,-25.324629],[-57.572123,-25.32437],[-57.572137,-25.32437]]}},{"type":"Feature","properties":{"nombre":null},"geometry":{"type":"LineString","coordinates":[[-57.572202,-25.324192],[-57.572136,-25.32431],[-57.572149,-25.324316],[-57.572217,-25.324199],[-57.5722,-25.324191]]}},{"type":"Feature","properties":{"nombre":null},"geometry":{"type":"LineString","coordinates":[[-57.563155,-25.317252],[-57.563063,-25.317128]]}},{"type":"Feature","properties":{"nombre":null},"geometry":{"type":"LineString","coordinates":[[-57.554543,-25.305556],[-57.554562,-25.305718],[-57.554623,-25.305893],[-57.554886,-25.306405]]}},{"type":"Feature","properties":{"nombre":null},"geometry":{"type":"LineString","coordinates":[[-57.554886,-25.30864],[-57.554822,-25.308926],[-57.554881,-25.309243],[-57.554979,-25.309423]]}},{"type":"Feature","properties":{"nombre":null},"geometry":{"type":"LineString","coordinates":[[-57.555872,-25.310937],[-57.555811,-25.310799],[-57.555797,-25.310625],[-57.555755,-25.310508],[-57.555592,-25.310289],[-57.55557,-25.310172]]}},{"type":"Feature","properties":{"nombre":null},"geometry":{"type":"LineString","coordinates":[[-57.55171,-25.308218],[-57.552243,-25.308076],[-57.552619,-25.307899],[-57.553257,-25.307554]]}},{"type":"Feature","properties":{"nombre":null},"geometry":{"type":"LineString","coordinates":[[-57.558333,-25.314822],[-57.558308,-25.314786]]}},{"type":"Feature","properties":{"nombre":null},"geometry":{"type":"LineString","coordinates":[[-57.555411,-25.312468],[-57.556154,-25.312164],[-57.556159,-25.312173],[-57.555415,-25.312476]]}},{"type":"Feature","properties":{"nombre":null},"geometry":{"type":"LineString","coordinates":[[-57.542346,-25.288931],[-57.542338,-25.288889]]}},{"type":"Feature","properties":{"nombre":null},"geometry":{"type":"LineString","coordinates":[[-57.533333,-25.249832],[-57.533152,-25.249752],[-57.533089,-25.249794],[-57.532924,-25.249803]]}},{"type":"Feature","properties":{"nombre":null},"geometry":{"type":"LineString","coordinates":[[-57.529516,-25.24465],[-57.52956,-25.244618],[-57.529619,-25.244627]]}},{"type":"Feature","properties":{"nombre":null},"geometry":{"type":"LineString","coordinates":[[-57.528561,-25.244444],[-57.529213,-25.245345],[-57.52922,-25.245382]]}},{"type":"Feature","properties":{"nombre":null},"geometry":{"type":"LineString","coordinates":[[-57.532016,-25.244445],[-57.531751,-25.244579],[-57.531507,-25.244615]]}},{"type":"Feature","properties":{"nombre":null},"geometry":{"type":"LineString","coordinates":[[-57.547575,-25.275863],[-57.547607,-25.275872]]}},{"type":"Feature","properties":{"nombre":null},"geometry":{"type":"LineString","coordinates":[[-57.548015,-25.272332],[-57.547916,-25.272222]]}},{"type":"Feature","properties":{"nombre":null},"geometry":{"type":"LineString","coordinates":[[-57.546098,-25.275445],[-57.546693,-25.27561]]}},{"type":"Feature","properties":{"nombre":null},"geometry":{"type":"LineString","coordinates":[[-57.547671,-25.275894],[-57.547699,-25.275903]]}},{"type":"Feature","properties":{"nombre":null},"geometry":{"type":"LineString","coordinates":[[-57.549255,-25.277778],[-57.54923,-25.27763]]}},{"type":"Feature","properties":{"nombre":null},"geometry":{"type":"LineString","coordinates":[[-57.547525,-25.283435],[-57.547465,-25.283333]]}},{"type":"Feature","properties":{"nombre":null},"geometry":{"type":"LineString","coordinates":[[-57.544378,-25.284605],[-57.544019,-25.284676],[-57.543888,-25.284681],[-57.54319,-25.284854],[-57.543009,-25.284865],[-57.542786,-25.284942],[-57.543464,-25.284821],[-57.543679,-25.284751],[-57.544007,-25.2847],[-57.544592,-25.284557]]}},{"type":"Feature","properties":{"nombre":null},"geometry":{"type":"LineString","coordinates":[[-57.541667,-25.288051],[-57.54178,-25.287987],[-57.541827,-25.287983],[-57.542215,-25.288253],[-57.542338,-25.288889]]}},{"type":"Feature","properties":{"nombre":null},"geometry":{"type":"LineString","coordinates":[[-57.545019,-25.287577],[-57.544808,-25.287629]]}},{"type":"Feature","properties":{"nombre":null},"geometry":{"type":"LineString","coordinates":[[-57.546475,-25.285047],[-57.546301,-25.285102],[-57.546159,-25.285118]]}},{"type":"Feature","properties":{"nombre":null},"geometry":{"type":"LineString","coordinates":[[-57.546801,-25.287246],[-57.546809,-25.287162],[-57.546734,-25.286915]]}},{"type":"Feature","properties":{"nombre":"ARROYO YTAY"},"geometry":{"type":"LineString","coordinates":[[-57.55,-25.292082],[-57.549912,-25.291963],[-57.549881,-25.291868],[-57.549878,-25.291259],[-57.549833,-25.291168]]}},{"type":"Feature","properties":{"nombre":null},"geometry":{"type":"LineString","coordinates":[[-57.549484,-25.290559],[-57.549403,-25.290389],[-57.549415,-25.290239],[-57.549335,-25.290126]]}},{"type":"Feature","properties":{"nombre":null},"geometry":{"type":"LineString","coordinates":[[-57.549209,-25.289654],[-57.549222,-25.289604],[-57.549183,-25.289531],[-57.549187,-25.289427],[-57.549145,-25.2893]]}},{"type":"Feature","properties":{"nombre":null},"geometry":{"type":"LineString","coordinates":[[-57.544831,-25.292788],[-57.544575,-25.292827]]}},{"type":"Feature","properties":{"nombre":null},"geometry":{"type":"LineString","coordinates":[[-57.548658,-25.290275],[-57.549054,-25.290188]]}},{"type":"Feature","properties":{"nombre":null},"geometry":{"type":"LineString","coordinates":[[-57.539947,-25.262565],[-57.539992,-25.262621]]}},{"type":"Feature","properties":{"nombre":null},"geometry":{"type":"LineString","coordinates":[[-57.539922,-25.262212],[-57.539977,-25.262108],[-57.539882,-25.261967],[-57.539714,-25.261967],[-57.539616,-25.261943],[-57.539545,-25.261964],[-57.539449,-25.261959],[-57.53941,-25.261911],[-57.539218,-25.261787],[-57.539149,-25.261801],[-57.539105,-25.261849],[-57.539037,-25.261836],[-57.538991,-25.261859]]}},{"type":"Feature","properties":{"nombre":null},"geometry":{"type":"LineString","coordinates":[[-57.541363,-25.261596],[-57.540715,-25.261555],[-57.540621,-25.261522],[-57.54041,-25.261558],[-57.54029,-25.261522],[-57.540012,-25.26152],[-57.539849,-25.261487],[-57.539138,-25.261463],[-57.538645,-25.261422]]}},{"type":"Feature","properties":{"nombre":null},"geometry":{"type":"LineString","coordinates":[[-57.635567,-25.276944],[-57.63574,-25.277054],[-57.635892,-25.277047]]}},{"type":"Feature","properties":{"nombre":null},"geometry":{"type":"LineString","coordinates":[[-57.624809,-25.265421],[-57.624805,-25.265448],[-57.624841,-25.265447],[-57.624854,-25.265374],[-57.624821,-25.265382],[-57.624809,-25.265421]]}},{"type":"Feature","properties":{"nombre":null},"geometry":{"type":"LineString","coordinates":[[-57.616732,-25.277828],[-57.616667,-25.277954]]}},{"type":"Feature","properties":{"nombre":null},"geometry":{"type":"LineString","coordinates":[[-57.541146,-25.283781],[-57.54117,-25.28402],[-57.541157,-25.284412],[-57.541202,-25.284587],[-57.541173,-25.284658],[-57.541099,-25.284727],[-57.541158,-25.284827],[-57.541344,-25.284944],[-57.541362,-25.285017],[-57.541437,-25.285087]]}},{"type":"Feature","properties":{"nombre":null},"geometry":{"type":"LineString","coordinates":[[-57.58663,-25.339144],[-57.586788,-25.339041]]}},{"type":"Feature","properties":{"nombre":null},"geometry":{"type":"LineString","coordinates":[[-57.586829,-25.339014],[-57.586911,-25.338963],[-57.58722,-25.339152],[-57.587267,-25.339092]]}},{"type":"Feature","properties":{"nombre":"ARROYO MBURICAO"},"geometry":{"type":"LineString","coordinates":[[-57.592512,-25.290435],[-57.592441,-25.290397],[-57.592351,-25.290301],[-57.592112,-25.290227],[-57.591977,-25.290144],[-57.591958,-25.290101],[-57.591972,-25.289907]]}},{"type":"Feature","properties":{"nombre":null},"geometry":{"type":"LineString","coordinates":[[-57.669236,-25.287984],[-57.669293,-25.28802],[-57.669377,-25.288013],[-57.669447,-25.288094],[-57.669409,-25.288137],[-57.669435,-25.288283],[-57.669582,-25.288605],[-57.669626,-25.288639],[-57.6697,-25.288889]]}},{"type":"Feature","properties":{"nombre":null},"geometry":{"type":"LineString","coordinates":[[-57.667066,-25.286511],[-57.667031,-25.286397],[-57.667064,-25.286281],[-57.667447,-25.285967]]}},{"type":"Feature","properties":{"nombre":null},"geometry":{"type":"LineString","coordinates":[[-57.669405,-25.288792],[-57.669358,-25.288796]]}},{"type":"Feature","properties":{"nombre":null},"geometry":{"type":"LineString","coordinates":[[-57.669604,-25.293272],[-57.669779,-25.293299]]}},{"type":"Feature","properties":{"nombre":null},"geometry":{"type":"LineString","coordinates":[[-57.669825,-25.293307],[-57.66998,-25.293333]]}},{"type":"Feature","properties":{"nombre":null},"geometry":{"type":"LineString","coordinates":[[-57.668632,-25.298843],[-57.669164,-25.298921]]}},{"type":"Feature","properties":{"nombre":null},"geometry":{"type":"LineString","coordinates":[[-57.661414,-25.298777],[-57.66127,-25.298675]]}},{"type":"Feature","properties":{"nombre":null},"geometry":{"type":"LineString","coordinates":[[-57.655832,-25.282258],[-57.655831,-25.282258]]}},{"type":"Feature","properties":{"nombre":null},"geometry":{"type":"LineString","coordinates":[[-57.651707,-25.295914],[-57.651657,-25.29584],[-57.651671,-25.295833],[-57.651722,-25.295905],[-57.651706,-25.295914]]}},{"type":"Feature","properties":{"nombre":null},"geometry":{"type":"LineString","coordinates":[[-57.651851,-25.296123],[-57.651779,-25.29602],[-57.651794,-25.296009],[-57.651866,-25.296115]]}},{"type":"Feature","properties":{"nombre":null},"geometry":{"type":"LineString","coordinates":[[-57.668773,-25.301614],[-57.668775,-25.301899],[-57.668585,-25.302117],[-57.668229,-25.302352],[-57.668083,-25.302351],[-57.667978,-25.302311],[-57.667867,-25.302311],[-57.667706,-25.302399],[-57.667649,-25.302508],[-57.667635,-25.30261],[-57.667541,-25.302735],[-57.667399,-25.302802],[-57.667243,-25.302811],[-57.667488,-25.30288],[-57.667578,-25.302874],[-57.667608,-25.302915],[-57.667688,-25.302949],[-57.667592,-25.302942],[-57.667585,-25.302961],[-57.667794,-25.30299],[-57.667703,-25.303015],[-57.66746,-25.302964],[-57.667453,-25.303017],[-57.667397,-25.303053],[-57.667457,-25.303116],[-57.667435,-25.303129],[-57.667487,-25.30315],[-57.667463,-25.303159],[-57.667391,-25.30315],[-57.667269,-25.303004],[-57.667217,-25.303004],[-57.667294,-25.303088],[-57.667295,-25.303128],[-57.667228,-25.303047],[-57.66717,-25.303026],[-57.667163,-25.303083],[-57.667283,-25.303231],[-57.667282,-25.303308],[-57.667181,-25.303273],[-57.667066,-25.303141],[-57.666969,-25.303145],[-57.666939,-25.303124],[-57.666945,-25.303024],[-57.666923,-25.302988],[-57.666987,-25.302854],[-57.666849,-25.302691],[-57.666862,-25.302661],[-57.66679,-25.302514],[-57.666667,-25.302142]]}},{"type":"Feature","properties":{"nombre":null},"geometry":{"type":"LineString","coordinates":[[-57.666667,-25.313029],[-57.666816,-25.312968]]}},{"type":"Feature","properties":{"nombre":null},"geometry":{"type":"LineString","coordinates":[[-57.6636,-25.300827],[-57.663415,-25.300867],[-57.663374,-25.300668],[-57.663656,-25.300522]]}},{"type":"Feature","properties":{"nombre":null},"geometry":{"type":"LineString","coordinates":[[-57.665989,-25.313165],[-57.666667,-25.313029]]}},{"type":"Feature","properties":{"nombre":null},"geometry":{"type":"LineString","coordinates":[[-57.666667,-25.320801],[-57.666507,-25.320886],[-57.665736,-25.32144],[-57.665678,-25.321432],[-57.665441,-25.321493],[-57.664958,-25.321552],[-57.664886,-25.321585],[-57.664907,-25.321622],[-57.665098,-25.32165],[-57.665131,-25.321743],[-57.665178,-25.321727],[-57.665209,-25.321759],[-57.665055,-25.321937],[-57.664938,-25.321997],[-57.664634,-25.322222]]}},{"type":"Feature","properties":{"nombre":null},"geometry":{"type":"LineString","coordinates":[[-57.654244,-25.327778],[-57.654112,-25.327911],[-57.654102,-25.327955],[-57.653983,-25.32791],[-57.653965,-25.327983],[-57.653844,-25.32807],[-57.65382,-25.328141],[-57.653729,-25.328155],[-57.653649,-25.328205],[-57.653642,-25.328226],[-57.653678,-25.328261],[-57.65353,-25.328331],[-57.653495,-25.328428],[-57.653418,-25.328376],[-57.653454,-25.328488],[-57.653407,-25.328478],[-57.653388,-25.328443],[-57.653295,-25.328457],[-57.653228,-25.328568],[-57.653067,-25.328569],[-57.653054,-25.328635],[-57.65302,-25.328635],[-57.653009,-25.328572],[-57.652938,-25.328632],[-57.652932,-25.32867],[-57.652869,-25.328652],[-57.652846,-25.328595],[-57.6528,-25.328579],[-57.652785,-25.328663],[-57.652733,-25.328672],[-57.652636,-25.32864],[-57.652642,-25.32854],[-57.652675,-25.328494],[-57.652649,-25.328481],[-57.652505,-25.32853],[-57.652498,-25.3286],[-57.652337,-25.328704],[-57.652069,-25.328782],[-57.652069,-25.328818],[-57.65217,-25.328848],[-57.652168,-25.328963],[-57.65227,-25.328976],[-57.652351,-25.329013],[-57.65222,-25.329202],[-57.652063,-25.329198],[-57.651832,-25.329316],[-57.651697,-25.329325],[-57.651637,-25.329365],[-57.651442,-25.329366],[-57.651399,-25.329327],[-57.651349,-25.329325],[-57.651366,-25.329269],[-57.651341,-25.32923],[-57.651379,-25.329193],[-57.651357,-25.32914],[-57.651304,-25.32911],[-57.6514,-25.329002],[-57.6514,-25.328974],[-57.651367,-25.328939],[-57.651291,-25.328931],[-57.651196,-25.328956],[-57.651148,-25.328985],[-57.651146,-25.329011],[-57.651266,-25.329029],[-57.651208,-25.329164],[-57.651259,-25.329185],[-57.651257,-25.329206],[-57.65124,-25.329227],[-57.651146,-25.329234],[-57.65106,-25.329323],[-57.651076,-25.329421],[-57.651058,-25.329445],[-57.650959,-25.329475],[-57.650902,-25.32956],[-57.650785,-25.32961],[-57.65078,-25.329656],[-57.650914,-25.329609],[-57.650942,-25.329616],[-57.650934,-25.329747],[-57.650749,-25.3299],[-57.650667,-25.330063],[-57.650612,-25.330098],[-57.650541,-25.33008],[-57.650475,-25.330102],[-57.65024,-25.330058],[-57.650158,-25.330114],[-57.65,-25.330172]]}},{"type":"Feature","properties":{"nombre":null},"geometry":{"type":"LineString","coordinates":[[-57.605782,-25.25],[-57.60559,-25.249909],[-57.605249,-25.24981],[-57.604777,-25.249581],[-57.604554,-25.249446],[-57.604497,-25.249354],[-57.604318,-25.249211],[-57.603283,-25.248676],[-57.603033,-25.248485],[-57.60257,-25.2483],[-57.601802,-25.247788],[-57.601248,-25.247471],[-57.600994,-25.247397],[-57.600733,-25.247219],[-57.600557,-25.247203],[-57.60045,-25.247249],[-57.600085,-25.247604],[-57.6,-25.247732]]}},{"type":"Feature","properties":{"nombre":"ARROYO JARDIN"},"geometry":{"type":"LineString","coordinates":[[-57.647247,-25.276452],[-57.647241,-25.276261],[-57.647158,-25.276159],[-57.647098,-25.276188],[-57.646958,-25.276196]]}},{"type":"Feature","properties":{"nombre":null},"geometry":{"type":"LineString","coordinates":[[-57.627577,-25.261111],[-57.627475,-25.261053],[-57.627496,-25.261009],[-57.627481,-25.260929],[-57.627505,-25.260851],[-57.62758,-25.260804],[-57.627563,-25.260592],[-57.627579,-25.260497],[-57.627624,-25.260431],[-57.627625,-25.260361],[-57.627729,-25.260209],[-57.627758,-25.260197],[-57.627833,-25.260258],[-57.627808,-25.260411],[-57.627835,-25.260499],[-57.627885,-25.260547],[-57.627874,-25.260609],[-57.627895,-25.260646],[-57.627996,-25.260668],[-57.628036,-25.260728],[-57.628079,-25.26074],[-57.628158,-25.260615],[-57.628205,-25.260616],[-57.628209,-25.260726],[-57.628164,-25.26094],[-57.628178,-25.261111]]}},{"type":"Feature","properties":{"nombre":null},"geometry":{"type":"LineString","coordinates":[[-57.629275,-25.266667],[-57.629267,-25.266643],[-57.629303,-25.2666],[-57.629272,-25.266554],[-57.629372,-25.266155],[-57.629395,-25.266146],[-57.629437,-25.266187],[-57.629471,-25.266176],[-57.629444,-25.266076],[-57.629501,-25.26601],[-57.629438,-25.265977],[-57.629373,-25.265883],[-57.629245,-25.265852],[-57.629031,-25.26585],[-57.628876,-25.26578],[-57.628825,-25.26571],[-57.628646,-25.265923],[-57.62865,-25.265944],[-57.628745,-25.265953],[-57.628662,-25.26611],[-57.628633,-25.266128],[-57.628563,-25.266117],[-57.628261,-25.266271],[-57.628177,-25.266259],[-57.628139,-25.266283],[-57.628049,-25.266459],[-57.628066,-25.266667]]}},{"type":"Feature","properties":{"nombre":null},"geometry":{"type":"LineString","coordinates":[[-57.627577,-25.261111],[-57.62763,-25.261153],[-57.627614,-25.261197],[-57.627486,-25.261262],[-57.62742,-25.261266],[-57.627406,-25.261322],[-57.627454,-25.26136],[-57.627446,-25.261377],[-57.627237,-25.261572],[-57.62719,-25.261637],[-57.627157,-25.261743],[-57.627042,-25.261811],[-57.626904,-25.262046],[-57.626893,-25.262231],[-57.626869,-25.262283],[-57.626899,-25.262334],[-57.626845,-25.262366],[-57.626795,-25.262544],[-57.626653,-25.262719],[-57.626633,-25.262803],[-57.626652,-25.262877],[-57.626559,-25.26313],[-57.62646,-25.263265],[-57.626433,-25.263242],[-57.626461,-25.263159],[-57.626438,-25.263144],[-57.626409,-25.26316],[-57.626352,-25.263243],[-57.62641,-25.263267],[-57.626433,-25.263301],[-57.626411,-25.263373],[-57.626337,-25.263459],[-57.626226,-25.263491],[-57.626281,-25.263536],[-57.626239,-25.263662],[-57.626096,-25.26377],[-57.625984,-25.263911],[-57.62595,-25.264011],[-57.625872,-25.264074],[-57.62577,-25.264324],[-57.625461,-25.26448],[-57.62544,-25.264575],[-57.625476,-25.264739],[-57.625441,-25.264812],[-57.625439,-25.264957],[-57.625305,-25.265055],[-57.625,-25.265181]]}},{"type":"Feature","properties":{"nombre":null},"geometry":{"type":"LineString","coordinates":[[-57.630641,-25.266667],[-57.630702,-25.266717],[-57.630693,-25.266735],[-57.630579,-25.266781],[-57.630501,-25.266857],[-57.630148,-25.266886],[-57.630056,-25.266945],[-57.629674,-25.266902],[-57.629546,-25.266804],[-57.629444,-25.266748],[-57.629397,-25.266754],[-57.629275,-25.266667]]}},{"type":"Feature","properties":{"nombre":null},"geometry":{"type":"LineString","coordinates":[[-57.63064,-25.277778],[-57.630453,-25.277707],[-57.630107,-25.277712],[-57.630024,-25.277756],[-57.629843,-25.277694],[-57.629647,-25.277711],[-57.629607,-25.277738],[-57.629596,-25.277778]]}},{"type":"Feature","properties":{"nombre":null},"geometry":{"type":"LineString","coordinates":[[-57.62756,-25.277778],[-57.627748,-25.277675],[-57.627765,-25.277587],[-57.627748,-25.277545],[-57.627683,-25.277477],[-57.627366,-25.277263],[-57.627326,-25.277134],[-57.627426,-25.277035],[-57.627421,-25.27699],[-57.62718,-25.276948],[-57.627138,-25.276924],[-57.62712,-25.276746],[-57.627186,-25.276627],[-57.627192,-25.276538],[-57.627057,-25.276488],[-57.626941,-25.276403],[-57.626907,-25.276272],[-57.626874,-25.276239],[-57.626727,-25.27622],[-57.626584,-25.276248],[-57.626526,-25.276322],[-57.626488,-25.276451],[-57.626366,-25.276593],[-57.626239,-25.276886],[-57.626172,-25.27695],[-57.626122,-25.276949],[-57.626094,-25.276865],[-57.626188,-25.276515],[-57.626156,-25.276432],[-57.626062,-25.276448],[-57.625956,-25.276601],[-57.62576,-25.276627],[-57.625692,-25.276564],[-57.625628,-25.276393],[-57.625643,-25.276263],[-57.625594,-25.276258],[-57.625544,-25.276259],[-57.625462,-25.276308],[-57.625222,-25.276595],[-57.625083,-25.276834],[-57.625,-25.276897]]}},{"type":"Feature","properties":{"nombre":null},"geometry":{"type":"LineString","coordinates":[[-57.629012,-25.281897],[-57.628895,-25.281756],[-57.628769,-25.281473],[-57.62858,-25.281265],[-57.62854,-25.281183],[-57.628535,-25.28104],[-57.628614,-25.280916],[-57.628621,-25.280826],[-57.628611,-25.280737],[-57.628518,-25.280481]]}},{"type":"Feature","properties":{"nombre":"ARROYO Z. MOROTI"},"geometry":{"type":"LineString","coordinates":[[-57.637467,-25.311239],[-57.637514,-25.311293]]}},{"type":"Feature","properties":{"nombre":null},"geometry":{"type":"LineString","coordinates":[[-57.61687,-25.285802],[-57.616965,-25.285751],[-57.616979,-25.285657],[-57.617102,-25.285564],[-57.617123,-25.285507],[-57.617174,-25.285559],[-57.61723,-25.28556],[-57.61728,-25.285487],[-57.617225,-25.285578],[-57.61709,-25.285595],[-57.617009,-25.285654],[-57.616972,-25.285765],[-57.616889,-25.285832]]}},{"type":"Feature","properties":{"nombre":null},"geometry":{"type":"LineString","coordinates":[[-57.624671,-25.284289],[-57.624416,-25.284352]]}},{"type":"Feature","properties":{"nombre":null},"geometry":{"type":"LineString","coordinates":[[-57.614129,-25.277778],[-57.614162,-25.277696],[-57.614294,-25.277657],[-57.614323,-25.27763],[-57.614321,-25.277543],[-57.614429,-25.277362],[-57.614403,-25.27722],[-57.614421,-25.276971],[-57.614563,-25.276737],[-57.614766,-25.276476],[-57.615024,-25.276227],[-57.615109,-25.276238],[-57.61515,-25.276268],[-57.615214,-25.276243],[-57.615302,-25.276172],[-57.61534,-25.276087],[-57.615425,-25.276025]]}},{"type":"Feature","properties":{"nombre":null},"geometry":{"type":"LineString","coordinates":[[-57.609202,-25.283836],[-57.609075,-25.28406],[-57.609032,-25.284108],[-57.608988,-25.284106],[-57.609173,-25.283834],[-57.609202,-25.283836]]}},{"type":"Feature","properties":{"nombre":null},"geometry":{"type":"LineString","coordinates":[[-57.604706,-25.26924],[-57.604891,-25.26892]]}},{"type":"Feature","properties":{"nombre":null},"geometry":{"type":"LineString","coordinates":[[-57.603569,-25.272896],[-57.603372,-25.273252],[-57.603303,-25.273468],[-57.603234,-25.273505],[-57.603146,-25.273514]]}},{"type":"Feature","properties":{"nombre":null},"geometry":{"type":"LineString","coordinates":[[-57.602978,-25.273755],[-57.602966,-25.27367],[-57.603008,-25.273581]]}},{"type":"Feature","properties":{"nombre":null},"geometry":{"type":"LineString","coordinates":[[-57.608333,-25.285635],[-57.608045,-25.286021],[-57.607885,-25.286411],[-57.607759,-25.286651],[-57.607731,-25.286807],[-57.607656,-25.286943]]}},{"type":"Feature","properties":{"nombre":null},"geometry":{"type":"LineString","coordinates":[[-57.603541,-25.296066],[-57.602795,-25.294867],[-57.602624,-25.294646],[-57.602402,-25.294444]]}},{"type":"Feature","properties":{"nombre":null},"geometry":{"type":"LineString","coordinates":[[-57.605564,-25.296833],[-57.605336,-25.296223],[-57.605411,-25.295793],[-57.60537,-25.295525],[-57.604933,-25.294445]]}},{"type":"Feature","properties":{"nombre":null},"geometry":{"type":"LineString","coordinates":[[-57.605548,-25.296838],[-57.605314,-25.296227],[-57.605333,-25.296077],[-57.605212,-25.296217],[-57.605015,-25.296331]]}},{"type":"Feature","properties":{"nombre":"ARROYO SALAMANCA"},"geometry":{"type":"LineString","coordinates":[[-57.643372,-25.305556],[-57.643256,-25.305308],[-57.643182,-25.305012],[-57.643094,-25.304782],[-57.642989,-25.304622],[-57.642906,-25.304388],[-57.642738,-25.304097],[-57.642642,-25.303994],[-57.642573,-25.303875],[-57.642559,-25.3038],[-57.642924,-25.304379],[-57.643007,-25.304612],[-57.643112,-25.304773],[-57.6432,-25.305003],[-57.643274,-25.305299],[-57.643394,-25.305556]]}},{"type":"Feature","properties":{"nombre":"ARROYO FERREIRA"},"geometry":{"type":"LineString","coordinates":[[-57.628167,-25.311111],[-57.628313,-25.311299],[-57.628322,-25.311368],[-57.628275,-25.311486],[-57.628324,-25.311572],[-57.628414,-25.311638],[-57.628579,-25.311663],[-57.628843,-25.311795]]}},{"type":"Feature","properties":{"nombre":null},"geometry":{"type":"LineString","coordinates":[[-57.631188,-25.321349],[-57.630905,-25.321355],[-57.630511,-25.321361],[-57.630511,-25.321349],[-57.631188,-25.321349]]}},{"type":"Feature","properties":{"nombre":null},"geometry":{"type":"LineString","coordinates":[[-57.629536,-25.320968],[-57.629661,-25.321036]]}},{"type":"Feature","properties":{"nombre":"ARROYO SALAMANCA"},"geometry":{"type":"LineString","coordinates":[[-57.64757,-25.311111],[-57.647658,-25.311035],[-57.647718,-25.310886],[-57.647441,-25.310504],[-57.647413,-25.310399],[-57.647407,-25.310213],[-57.647369,-25.310082],[-57.647178,-25.309787],[-57.647008,-25.309602],[-57.647008,-25.309469],[-57.646924,-25.309393],[-57.64677,-25.309043],[-57.646687,-25.308965],[-57.646535,-25.308898],[-57.646496,-25.308855],[-57.646486,-25.308776],[-57.646391,-25.308722],[-57.646374,-25.308649],[-57.646281,-25.308511],[-57.646088,-25.308343],[-57.645692,-25.307907],[-57.64537,-25.307667],[-57.645272,-25.307565],[-57.645223,-25.307498],[-57.645194,-25.307311],[-57.64516,-25.307236],[-57.645072,-25.307127],[-57.644901,-25.30702]]}},{"type":"Feature","properties":{"nombre":"ARROYO SALAMANCA"},"geometry":{"type":"LineString","coordinates":[[-57.647606,-25.311111],[-57.64772,-25.310967],[-57.647737,-25.310887],[-57.647714,-25.310809],[-57.647487,-25.310525],[-57.647452,-25.31045],[-57.647408,-25.310102],[-57.647314,-25.309941],[-57.647043,-25.309586],[-57.647025,-25.309452],[-57.646927,-25.309353],[-57.646899,-25.30925],[-57.646786,-25.309046],[-57.646691,-25.308943],[-57.64652,-25.308839],[-57.646512,-25.308786],[-57.646425,-25.308714],[-57.646378,-25.308587],[-57.646096,-25.308334],[-57.645722,-25.307921],[-57.645267,-25.307544],[-57.645229,-25.307471],[-57.645184,-25.307232],[-57.645008,-25.307051]]}},{"type":"Feature","properties":{"nombre":"ARROYO SALAMANCA"},"geometry":{"type":"LineString","coordinates":[[-57.643372,-25.305556],[-57.643451,-25.305701],[-57.643495,-25.305863],[-57.643762,-25.306165],[-57.644117,-25.306387],[-57.644393,-25.306504],[-57.644762,-25.30671],[-57.644901,-25.30702]]}},{"type":"Feature","properties":{"nombre":null},"geometry":{"type":"LineString","coordinates":[[-57.649144,-25.312256],[-57.649044,-25.31234],[-57.648931,-25.312372]]}},{"type":"Feature","properties":{"nombre":"ARROYO Z. MOROTI"},"geometry":{"type":"LineString","coordinates":[[-57.642504,-25.31219],[-57.642693,-25.31227],[-57.642931,-25.312279],[-57.642998,-25.312332],[-57.643033,-25.312463],[-57.643021,-25.31257],[-57.642974,-25.312667],[-57.64301,-25.313151],[-57.643099,-25.313257],[-57.643399,-25.313429]]}},{"type":"Feature","properties":{"nombre":null},"geometry":{"type":"LineString","coordinates":[[-57.642374,-25.320518],[-57.642262,-25.32036],[-57.642179,-25.320318],[-57.641793,-25.320355],[-57.641667,-25.320401]]}},{"type":"Feature","properties":{"nombre":null},"geometry":{"type":"LineString","coordinates":[[-57.645927,-25.318037],[-57.646093,-25.318083],[-57.646309,-25.318229],[-57.646453,-25.318232],[-57.646471,-25.318271]]}},{"type":"Feature","properties":{"nombre":null},"geometry":{"type":"LineString","coordinates":[[-57.644676,-25.317151],[-57.64476,-25.317205],[-57.645146,-25.317745]]}},{"type":"Feature","properties":{"nombre":null},"geometry":{"type":"LineString","coordinates":[[-57.627763,-25.325505],[-57.627869,-25.325512]]}},{"type":"Feature","properties":{"nombre":"ARROYO FERREIRA"},"geometry":{"type":"LineString","coordinates":[[-57.642734,-25.319414],[-57.642879,-25.319652],[-57.643273,-25.31991],[-57.643538,-25.320179],[-57.643703,-25.32041],[-57.6438,-25.320506],[-57.644152,-25.321012],[-57.64419,-25.321151],[-57.644324,-25.321428],[-57.644451,-25.321597],[-57.644713,-25.321771],[-57.644999,-25.321891],[-57.64511,-25.321968],[-57.645651,-25.322222]]}},{"type":"Feature","properties":{"nombre":null},"geometry":{"type":"LineString","coordinates":[[-57.641951,-25.324071],[-57.642091,-25.323563],[-57.642286,-25.322997]]}},{"type":"Feature","properties":{"nombre":null},"geometry":{"type":"LineString","coordinates":[[-57.6424,-25.324764],[-57.64202,-25.324587],[-57.641971,-25.324596],[-57.641928,-25.32464],[-57.641937,-25.324713],[-57.642164,-25.324809],[-57.643502,-25.325266],[-57.643507,-25.325253],[-57.642473,-25.324905],[-57.642013,-25.324719],[-57.641962,-25.324687],[-57.641955,-25.324658],[-57.641986,-25.324622],[-57.642072,-25.324632],[-57.642396,-25.324783]]}},{"type":"Feature","properties":{"nombre":null},"geometry":{"type":"LineString","coordinates":[[-57.645491,-25.322865],[-57.645358,-25.323236],[-57.645719,-25.323404],[-57.645846,-25.323419]]}},{"type":"Feature","properties":{"nombre":null},"geometry":{"type":"LineString","coordinates":[[-57.643413,-25.32612],[-57.643676,-25.325256],[-57.643678,-25.325216],[-57.643634,-25.325194],[-57.643613,-25.325216],[-57.64362,-25.325383],[-57.6434,-25.326091]]}},{"type":"Feature","properties":{"nombre":null},"geometry":{"type":"LineString","coordinates":[[-57.646163,-25.333333],[-57.646213,-25.333297],[-57.646263,-25.333295],[-57.646345,-25.333333]]}},{"type":"Feature","properties":{"nombre":null},"geometry":{"type":"LineString","coordinates":[[-57.643817,-25.338384],[-57.643923,-25.338425],[-57.643988,-25.338476],[-57.64395,-25.338482],[-57.643812,-25.338425],[-57.64379,-25.338406],[-57.643817,-25.338384]]}},{"type":"Feature","properties":{"nombre":null},"geometry":{"type":"LineString","coordinates":[[-57.643758,-25.333905],[-57.644063,-25.333333]]}},{"type":"Feature","properties":{"nombre":"ARROYO Z. MOROTI"},"geometry":{"type":"LineString","coordinates":[[-57.637157,-25.310129],[-57.637331,-25.310401],[-57.637327,-25.310616],[-57.63741,-25.31075]]}},{"type":"Feature","properties":{"nombre":"ARROYO Z. MOROTI"},"geometry":{"type":"LineString","coordinates":[[-57.637157,-25.310129],[-57.63711,-25.310033]]}},{"type":"Feature","properties":{"nombre":"ARROYO Z. MOROTI"},"geometry":{"type":"LineString","coordinates":[[-57.637187,-25.310116],[-57.637141,-25.310019]]}},{"type":"Feature","properties":{"nombre":"ARROYO Z. MOROTI"},"geometry":{"type":"LineString","coordinates":[[-57.636448,-25.308069],[-57.636333,-25.307967]]}},{"type":"Feature","properties":{"nombre":null},"geometry":{"type":"LineString","coordinates":[[-57.592043,-25.244444],[-57.592071,-25.24446],[-57.592091,-25.244444]]}},{"type":"Feature","properties":{"nombre":"ARROYO MBURICAO"},"geometry":{"type":"LineString","coordinates":[[-57.591503,-25.265297],[-57.591445,-25.26541],[-57.591544,-25.265315],[-57.591621,-25.265279],[-57.591627,-25.265232],[-57.591503,-25.265297]]}},{"type":"Feature","properties":{"nombre":null},"geometry":{"type":"LineString","coordinates":[[-57.585806,-25.262352],[-57.587035,-25.262621]]}},{"type":"Feature","properties":{"nombre":null},"geometry":{"type":"LineString","coordinates":[[-57.589588,-25.26314],[-57.58959,-25.263129]]}},{"type":"Feature","properties":{"nombre":"ARROYO MBURICAO"},"geometry":{"type":"LineString","coordinates":[[-57.590025,-25.269987],[-57.589899,-25.269957],[-57.589682,-25.269969],[-57.589329,-25.270066],[-57.589236,-25.270062]]}},{"type":"Feature","properties":{"nombre":null},"geometry":{"type":"LineString","coordinates":[[-57.590978,-25.271002],[-57.591061,-25.271022],[-57.591283,-25.271022]]}},{"type":"Feature","properties":{"nombre":null},"geometry":{"type":"LineString","coordinates":[[-57.586282,-25.267679],[-57.586645,-25.267864]]}},{"type":"Feature","properties":{"nombre":"ARROYO MBURICAO"},"geometry":{"type":"LineString","coordinates":[[-57.589307,-25.269591],[-57.589239,-25.270049],[-57.589166,-25.270323],[-57.589153,-25.270749]]}},{"type":"Feature","properties":{"nombre":null},"geometry":{"type":"LineString","coordinates":[[-57.587021,-25.267995],[-57.587126,-25.268013]]}},{"type":"Feature","properties":{"nombre":"ARROYO MBURICAO"},"geometry":{"type":"LineString","coordinates":[[-57.590469,-25.267581],[-57.590483,-25.267797]]}},{"type":"Feature","properties":{"nombre":null},"geometry":{"type":"LineString","coordinates":[[-57.591662,-25.266903],[-57.591667,-25.266908]]}},{"type":"Feature","properties":{"nombre":null},"geometry":{"type":"LineString","coordinates":[[-57.588112,-25.266987],[-57.588195,-25.266872]]}},{"type":"Feature","properties":{"nombre":null},"geometry":{"type":"LineString","coordinates":[[-57.588195,-25.266872],[-57.588329,-25.266667]]}},{"type":"Feature","properties":{"nombre":null},"geometry":{"type":"LineString","coordinates":[[-57.591577,-25.276717],[-57.591565,-25.276648],[-57.59151,-25.276599],[-57.59145,-25.276673],[-57.591404,-25.276692],[-57.591117,-25.276669],[-57.591065,-25.276542],[-57.590973,-25.276503],[-57.590815,-25.276477],[-57.590604,-25.27628],[-57.590377,-25.276275],[-57.590296,-25.276223],[-57.590142,-25.276236],[-57.590024,-25.276281],[-57.589847,-25.27623]]}},{"type":"Feature","properties":{"nombre":"ARROYO MBURICAO"},"geometry":{"type":"LineString","coordinates":[[-57.589532,-25.272222],[-57.589498,-25.272305],[-57.589324,-25.272386],[-57.589172,-25.272428],[-57.588934,-25.272593],[-57.588851,-25.272699],[-57.588792,-25.272843],[-57.588731,-25.27309],[-57.588761,-25.27334],[-57.588713,-25.27345],[-57.58871,-25.273528],[-57.588667,-25.273582],[-57.588514,-25.273967],[-57.58851,-25.274181],[-57.588551,-25.274324],[-57.588648,-25.274415],[-57.588924,-25.274549]]}},{"type":"Feature","properties":{"nombre":"ARROYO SANTO DOMINGO"},"geometry":{"type":"LineString","coordinates":[[-57.585931,-25.275513],[-57.585909,-25.275652],[-57.585721,-25.275704],[-57.585662,-25.275689],[-57.585625,-25.275616],[-57.585313,-25.275652]]}},{"type":"Feature","properties":{"nombre":null},"geometry":{"type":"LineString","coordinates":[[-57.589372,-25.277778],[-57.589365,-25.277764]]}},{"type":"Feature","properties":{"nombre":"ARROYO MBURICAO"},"geometry":{"type":"LineString","coordinates":[[-57.589016,-25.275404],[-57.588972,-25.275365],[-57.588845,-25.275349],[-57.588732,-25.275401],[-57.588572,-25.275517],[-57.588365,-25.27573],[-57.588262,-25.276068],[-57.588075,-25.276233],[-57.587963,-25.276293],[-57.587864,-25.276317],[-57.587767,-25.276391],[-57.587788,-25.276686],[-57.587871,-25.276859],[-57.588024,-25.277386],[-57.588032,-25.277482],[-57.588006,-25.277594],[-57.58807,-25.27767],[-57.588099,-25.277778]]}},{"type":"Feature","properties":{"nombre":null},"geometry":{"type":"LineString","coordinates":[[-57.588065,-25.278566],[-57.588065,-25.278589],[-57.58804,-25.278595],[-57.587982,-25.278562],[-57.588065,-25.278566]]}},{"type":"Feature","properties":{"nombre":null},"geometry":{"type":"LineString","coordinates":[[-57.590856,-25.280061],[-57.590572,-25.279976],[-57.59037,-25.279823],[-57.590026,-25.279692],[-57.59,-25.279591],[-57.590013,-25.279462],[-57.589984,-25.279363],[-57.590006,-25.27922],[-57.589976,-25.279149],[-57.589922,-25.279095]]}},{"type":"Feature","properties":{"nombre":null},"geometry":{"type":"LineString","coordinates":[[-57.590911,-25.279513],[-57.59056,-25.27956],[-57.590493,-25.279443],[-57.590366,-25.279378]]}},{"type":"Feature","properties":{"nombre":null},"geometry":{"type":"LineString","coordinates":[[-57.590821,-25.282117],[-57.590404,-25.28222]]}},{"type":"Feature","properties":{"nombre":null},"geometry":{"type":"LineString","coordinates":[[-57.591278,-25.282312],[-57.59046,-25.282481]]}},{"type":"Feature","properties":{"nombre":null},"geometry":{"type":"LineString","coordinates":[[-57.590447,-25.282393],[-57.590715,-25.282331]]}},{"type":"Feature","properties":{"nombre":null},"geometry":{"type":"LineString","coordinates":[[-57.590694,-25.282483],[-57.590475,-25.282536]]}},{"type":"Feature","properties":{"nombre":null},"geometry":{"type":"LineString","coordinates":[[-57.591282,-25.282315],[-57.591288,-25.282422]]}},{"type":"Feature","properties":{"nombre":null},"geometry":{"type":"LineString","coordinates":[[-57.591088,-25.282469],[-57.591064,-25.282474]]}},{"type":"Feature","properties":{"nombre":null},"geometry":{"type":"LineString","coordinates":[[-57.590342,-25.281965],[-57.590661,-25.281882]]}},{"type":"Feature","properties":{"nombre":"ARROYO MBURICAO"},"geometry":{"type":"LineString","coordinates":[[-57.591667,-25.28955],[-57.591616,-25.289561],[-57.591598,-25.289536],[-57.591499,-25.289312],[-57.591435,-25.289088],[-57.591422,-25.288889]]}},{"type":"Feature","properties":{"nombre":null},"geometry":{"type":"LineString","coordinates":[[-57.577475,-25.253596],[-57.577647,-25.253435]]}},{"type":"Feature","properties":{"nombre":"ARROYO Z. MOROTI"},"geometry":{"type":"LineString","coordinates":[[-57.637445,-25.311247],[-57.637493,-25.311289],[-57.637631,-25.311512]]}},{"type":"Feature","properties":{"nombre":"ARROYO Z. MOROTI"},"geometry":{"type":"LineString","coordinates":[[-57.638121,-25.311996],[-57.637993,-25.311849],[-57.637771,-25.311661],[-57.637643,-25.311504]]}},{"type":"Feature","properties":{"nombre":"ARROYO FERREIRA"},"geometry":{"type":"LineString","coordinates":[[-57.641667,-25.319075],[-57.641441,-25.319015],[-57.641389,-25.318981],[-57.641254,-25.318969],[-57.641136,-25.318993],[-57.640974,-25.318908],[-57.640924,-25.318902],[-57.640783,-25.318785],[-57.640642,-25.318623],[-57.640563,-25.318571],[-57.640455,-25.318586],[-57.640381,-25.318541],[-57.640238,-25.318541],[-57.640127,-25.318489],[-57.639908,-25.318484],[-57.639626,-25.318436],[-57.639499,-25.318369],[-57.639347,-25.318223],[-57.639284,-25.31819],[-57.639231,-25.318191],[-57.63901,-25.318352],[-57.638942,-25.318349],[-57.63884,-25.3183],[-57.638733,-25.318177],[-57.638648,-25.318124],[-57.638632,-25.318026],[-57.638672,-25.317914],[-57.638675,-25.317809],[-57.638549,-25.317619],[-57.638565,-25.317551],[-57.638464,-25.317413],[-57.638463,-25.317363],[-57.638422,-25.317297],[-57.63833,-25.317249],[-57.638102,-25.317281],[-57.638059,-25.317224],[-57.637946,-25.317182]]}},{"type":"Feature","properties":{"nombre":"ARROYO FERREIRA"},"geometry":{"type":"LineString","coordinates":[[-57.641667,-25.318973],[-57.641492,-25.318972],[-57.641395,-25.318923],[-57.641252,-25.3189],[-57.641194,-25.318938],[-57.641031,-25.318904],[-57.640915,-25.318854],[-57.640612,-25.318536],[-57.640453,-25.318533],[-57.640394,-25.318494],[-57.640265,-25.318495],[-57.640119,-25.318439],[-57.639913,-25.318447],[-57.639674,-25.318397],[-57.639512,-25.318307],[-57.639401,-25.318189],[-57.639302,-25.318126],[-57.639202,-25.318141],[-57.639067,-25.318274],[-57.638901,-25.318301],[-57.638838,-25.318223],[-57.638688,-25.318108],[-57.638755,-25.317924],[-57.638755,-25.317832],[-57.638609,-25.317548],[-57.638521,-25.317439],[-57.638516,-25.317358],[-57.638459,-25.317283],[-57.638349,-25.317213],[-57.63818,-25.317213],[-57.638007,-25.317148]]}},{"type":"Feature","properties":{"nombre":"ARROYO FERREIRA"},"geometry":{"type":"LineString","coordinates":[[-57.637221,-25.316667],[-57.637282,-25.316752],[-57.637383,-25.316833],[-57.637527,-25.316916],[-57.637691,-25.316945],[-57.637794,-25.31703],[-57.63786,-25.317055],[-57.637874,-25.317095]]}},{"type":"Feature","properties":{"nombre":"ARROYO FERREIRA"},"geometry":{"type":"LineString","coordinates":[[-57.637285,-25.316667],[-57.63733,-25.31675],[-57.637401,-25.316804],[-57.637534,-25.316875],[-57.637694,-25.316908],[-57.637803,-25.31698],[-57.637888,-25.316998],[-57.63792,-25.317069]]}},{"type":"Feature","properties":{"nombre":null},"geometry":{"type":"LineString","coordinates":[[-57.639137,-25.326944],[-57.639179,-25.327245],[-57.639282,-25.327428]]}},{"type":"Feature","properties":{"nombre":null},"geometry":{"type":"LineString","coordinates":[[-57.639303,-25.327626],[-57.639435,-25.327694],[-57.639481,-25.327778]]}},{"type":"Feature","properties":{"nombre":null},"geometry":{"type":"LineString","coordinates":[[-57.638409,-25.327245],[-57.638428,-25.327521],[-57.638717,-25.32749],[-57.638911,-25.327521]]}},{"type":"Feature","properties":{"nombre":null},"geometry":{"type":"LineString","coordinates":[[-57.637211,-25.326775],[-57.637474,-25.326527],[-57.637851,-25.326398]]}},{"type":"Feature","properties":{"nombre":null},"geometry":{"type":"LineString","coordinates":[[-57.635717,-25.32449],[-57.635839,-25.325093]]}},{"type":"Feature","properties":{"nombre":null},"geometry":{"type":"LineString","coordinates":[[-57.635925,-25.32676],[-57.635833,-25.327039],[-57.636045,-25.327465]]}},{"type":"Feature","properties":{"nombre":null},"geometry":{"type":"LineString","coordinates":[[-57.637036,-25.324335],[-57.636965,-25.3245]]}},{"type":"Feature","properties":{"nombre":null},"geometry":{"type":"LineString","coordinates":[[-57.636781,-25.328327],[-57.636722,-25.328228],[-57.63646,-25.328086],[-57.636323,-25.327946],[-57.636114,-25.32782],[-57.636089,-25.327778]]}},{"type":"Feature","properties":{"nombre":null},"geometry":{"type":"LineString","coordinates":[[-57.634975,-25.329938],[-57.634987,-25.329262],[-57.634962,-25.329009],[-57.634926,-25.328759],[-57.634874,-25.328765],[-57.634836,-25.328502],[-57.634805,-25.328433]]}},{"type":"Feature","properties":{"nombre":null},"geometry":{"type":"LineString","coordinates":[[-57.635447,-25.329963],[-57.635524,-25.329951]]}},{"type":"Feature","properties":{"nombre":null},"geometry":{"type":"LineString","coordinates":[[-57.635548,-25.329944],[-57.635773,-25.329918]]}},{"type":"Feature","properties":{"nombre":null},"geometry":{"type":"LineString","coordinates":[[-57.63541,-25.329972],[-57.635447,-25.329963]]}},{"type":"Feature","properties":{"nombre":null},"geometry":{"type":"LineString","coordinates":[[-57.641188,-25.335185],[-57.641569,-25.334882],[-57.64163,-25.334853],[-57.641656,-25.334863],[-57.641459,-25.335003],[-57.641269,-25.335174],[-57.641185,-25.335229],[-57.641127,-25.335224],[-57.641188,-25.335185]]}},{"type":"Feature","properties":{"nombre":null},"geometry":{"type":"LineString","coordinates":[[-57.639246,-25.343122],[-57.640427,-25.343236]]}},{"type":"Feature","properties":{"nombre":null},"geometry":{"type":"LineString","coordinates":[[-57.638735,-25.33975],[-57.638837,-25.339697],[-57.638844,-25.339711],[-57.638735,-25.339762],[-57.638735,-25.33975]]}},{"type":"Feature","properties":{"nombre":"ARROYO FERREIRA"},"geometry":{"type":"LineString","coordinates":[[-57.625959,-25.310338],[-57.62581,-25.310404],[-57.625866,-25.31042],[-57.62598,-25.31037],[-57.625959,-25.310338]]}},{"type":"Feature","properties":{"nombre":null},"geometry":{"type":"LineString","coordinates":[[-57.629529,-25.313712],[-57.629574,-25.313642]]}},{"type":"Feature","properties":{"nombre":"ARROYO FERREIRA"},"geometry":{"type":"LineString","coordinates":[[-57.628046,-25.311111],[-57.628104,-25.311169],[-57.628205,-25.311201],[-57.628283,-25.311297],[-57.628289,-25.311374],[-57.628216,-25.311449],[-57.628219,-25.31149],[-57.62826,-25.311578],[-57.628324,-25.311646],[-57.628434,-25.311681],[-57.628575,-25.311689],[-57.628836,-25.311813]]}},{"type":"Feature","properties":{"nombre":"ARROYO SOSA"},"geometry":{"type":"LineString","coordinates":[[-57.625,-25.330368],[-57.625298,-25.330667],[-57.625481,-25.330814],[-57.625591,-25.331055],[-57.625625,-25.331211],[-57.62569,-25.33129],[-57.625699,-25.331382],[-57.625879,-25.331567]]}},{"type":"Feature","properties":{"nombre":null},"geometry":{"type":"LineString","coordinates":[[-57.632681,-25.328359],[-57.632796,-25.328241],[-57.632948,-25.328017],[-57.632976,-25.327937],[-57.633007,-25.327906],[-57.633067,-25.327894]]}},{"type":"Feature","properties":{"nombre":"ARROYO SOSA"},"geometry":{"type":"LineString","coordinates":[[-57.628151,-25.333333],[-57.628288,-25.333446],[-57.628599,-25.333574],[-57.628863,-25.333725],[-57.629141,-25.334032],[-57.629355,-25.334178],[-57.629664,-25.334286]]}},{"type":"Feature","properties":{"nombre":null},"geometry":{"type":"LineString","coordinates":[[-57.624557,-25.322724],[-57.623819,-25.322564],[-57.623927,-25.322222]]}},{"type":"Feature","properties":{"nombre":"ARROYO SOSA"},"geometry":{"type":"LineString","coordinates":[[-57.62462,-25.329414],[-57.624678,-25.329479],[-57.624713,-25.329614],[-57.624858,-25.329878],[-57.62488,-25.329984],[-57.624868,-25.3302],[-57.625,-25.330368]]}},{"type":"Feature","properties":{"nombre":null},"geometry":{"type":"LineString","coordinates":[[-57.60421,-25.301712],[-57.604063,-25.301639],[-57.603867,-25.30163],[-57.60376,-25.301568],[-57.603632,-25.301436],[-57.603352,-25.301337],[-57.602905,-25.301233],[-57.602807,-25.301133],[-57.602741,-25.301171],[-57.602647,-25.301159]]}},{"type":"Feature","properties":{"nombre":null},"geometry":{"type":"LineString","coordinates":[[-57.644559,-25.350801],[-57.643225,-25.35091]]}},{"type":"Feature","properties":{"nombre":null},"geometry":{"type":"LineString","coordinates":[[-57.644199,-25.354283],[-57.644328,-25.354257],[-57.644569,-25.354266]]}},{"type":"Feature","properties":{"nombre":null},"geometry":{"type":"LineString","coordinates":[[-57.643904,-25.350527],[-57.644123,-25.350501],[-57.644426,-25.350381]]}},{"type":"Feature","properties":{"nombre":null},"geometry":{"type":"LineString","coordinates":[[-57.641667,-25.351594],[-57.642378,-25.353144],[-57.64248,-25.353079],[-57.642522,-25.35309],[-57.643039,-25.352881],[-57.642518,-25.353079],[-57.642478,-25.353069],[-57.64238,-25.353127],[-57.641685,-25.351623],[-57.641743,-25.351566],[-57.641729,-25.351467],[-57.641704,-25.351562],[-57.641667,-25.35158]]}},{"type":"Feature","properties":{"nombre":null},"geometry":{"type":"LineString","coordinates":[[-57.644119,-25.352143],[-57.644394,-25.352242],[-57.644475,-25.352247]]}},{"type":"Feature","properties":{"nombre":null},"geometry":{"type":"LineString","coordinates":[[-57.645277,-25.361111],[-57.64504,-25.360869],[-57.645019,-25.360863],[-57.64498,-25.360899],[-57.644889,-25.360856],[-57.644776,-25.360879],[-57.644729,-25.360862],[-57.644582,-25.360656],[-57.644387,-25.360503],[-57.644233,-25.360458]]}},{"type":"Feature","properties":{"nombre":null},"geometry":{"type":"LineString","coordinates":[[-57.642593,-25.361111],[-57.642642,-25.361181],[-57.6427,-25.361176],[-57.642845,-25.361111]]}},{"type":"Feature","properties":{"nombre":null},"geometry":{"type":"LineString","coordinates":[[-57.641667,-25.35158],[-57.641577,-25.35137]]}},{"type":"Feature","properties":{"nombre":null},"geometry":{"type":"LineString","coordinates":[[-57.639009,-25.36597],[-57.639194,-25.365844],[-57.639241,-25.365845],[-57.63921,-25.365909],[-57.639062,-25.365978],[-57.639009,-25.36597]]}},{"type":"Feature","properties":{"nombre":null},"geometry":{"type":"LineString","coordinates":[[-57.639197,-25.365977],[-57.639273,-25.365944],[-57.63932,-25.365972],[-57.639311,-25.365997],[-57.639249,-25.366017],[-57.639185,-25.366014],[-57.639197,-25.365977]]}},{"type":"Feature","properties":{"nombre":null},"geometry":{"type":"LineString","coordinates":[[-57.591667,-25.243213],[-57.591351,-25.242957],[-57.591127,-25.242712],[-57.591061,-25.242573],[-57.590922,-25.2426],[-57.590839,-25.242685],[-57.590754,-25.242703],[-57.590727,-25.242728],[-57.590535,-25.24277],[-57.59043,-25.242652],[-57.590214,-25.242583],[-57.590153,-25.242674],[-57.590158,-25.242996],[-57.590047,-25.243001],[-57.589822,-25.242951],[-57.589752,-25.243024],[-57.589682,-25.243272],[-57.589757,-25.243394],[-57.589899,-25.243461],[-57.590124,-25.243421],[-57.590305,-25.243319],[-57.590434,-25.243349],[-57.590645,-25.243356],[-57.59077,-25.243335],[-57.590809,-25.243354],[-57.590839,-25.243437],[-57.591025,-25.2435],[-57.591142,-25.243719],[-57.591148,-25.243773],[-57.591093,-25.243789],[-57.591166,-25.243878],[-57.59127,-25.243899],[-57.591298,-25.243952],[-57.591381,-25.244019],[-57.591439,-25.243978],[-57.591546,-25.243984],[-57.591621,-25.243942],[-57.591667,-25.243946]]}},{"type":"Feature","properties":{"nombre":null},"geometry":{"type":"LineString","coordinates":[[-57.589089,-25.240662],[-57.588902,-25.2405],[-57.58864,-25.240349],[-57.588343,-25.240134],[-57.588227,-25.240005],[-57.587796,-25.239631],[-57.587693,-25.239573],[-57.587056,-25.239325],[-57.586828,-25.239166],[-57.586595,-25.239098],[-57.586362,-25.238889]]}},{"type":"Feature","properties":{"nombre":null},"geometry":{"type":"LineString","coordinates":[[-57.583333,-25.24317],[-57.583738,-25.24292],[-57.583765,-25.242885]]}},{"type":"Feature","properties":{"nombre":null},"geometry":{"type":"LineString","coordinates":[[-57.584052,-25.243303],[-57.584347,-25.243286],[-57.584513,-25.243238]]}},{"type":"Feature","properties":{"nombre":null},"geometry":{"type":"LineString","coordinates":[[-57.583855,-25.247702],[-57.583651,-25.247633],[-57.583609,-25.247637]]}},{"type":"Feature","properties":{"nombre":null},"geometry":{"type":"LineString","coordinates":[[-57.583549,-25.246729],[-57.583599,-25.246706],[-57.583584,-25.246661],[-57.583704,-25.246618],[-57.583751,-25.246651],[-57.583845,-25.24662],[-57.583865,-25.24658],[-57.583917,-25.24657],[-57.583938,-25.246633]]}},{"type":"Feature","properties":{"nombre":null},"geometry":{"type":"LineString","coordinates":[[-57.587646,-25.24724],[-57.587591,-25.247313],[-57.587455,-25.247397],[-57.587371,-25.247573],[-57.587352,-25.247666],[-57.587266,-25.247731],[-57.587261,-25.247765],[-57.587066,-25.247754],[-57.586739,-25.247643],[-57.586532,-25.247496],[-57.586405,-25.247355],[-57.586362,-25.247343],[-57.586321,-25.247357],[-57.586147,-25.247534],[-57.586115,-25.247635],[-57.585943,-25.247831],[-57.585805,-25.247881],[-57.585635,-25.247876],[-57.585551,-25.247849],[-57.585403,-25.247733],[-57.585245,-25.247691],[-57.585199,-25.24764],[-57.585148,-25.247644],[-57.585101,-25.24772],[-57.585036,-25.24802],[-57.585039,-25.248144],[-57.585001,-25.248178],[-57.584998,-25.24823],[-57.585104,-25.248428],[-57.585167,-25.248482],[-57.585256,-25.248519],[-57.585291,-25.248563],[-57.58526,-25.24875]]}},{"type":"Feature","properties":{"nombre":null},"geometry":{"type":"LineString","coordinates":[[-57.583333,-25.249644],[-57.583645,-25.249309],[-57.583943,-25.249323],[-57.584092,-25.249239],[-57.584369,-25.249169],[-57.584463,-25.249116],[-57.584556,-25.249101],[-57.584683,-25.24912],[-57.584876,-25.249073],[-57.58522,-25.24878]]}},{"type":"Feature","properties":{"nombre":null},"geometry":{"type":"LineString","coordinates":[[-57.575,-25.227778],[-57.577033,-25.230497],[-57.577102,-25.230509],[-57.577149,-25.230473],[-57.577387,-25.230614],[-57.577739,-25.230714],[-57.577882,-25.230817],[-57.577937,-25.230882],[-57.577962,-25.23097],[-57.577933,-25.231051],[-57.577494,-25.231239],[-57.577705,-25.231239],[-57.577837,-25.23121],[-57.578064,-25.231112],[-57.578124,-25.230991],[-57.57829,-25.231023],[-57.578426,-25.230941],[-57.578872,-25.231192]]}},{"type":"Feature","properties":{"nombre":null},"geometry":{"type":"LineString","coordinates":[[-57.576183,-25.231651],[-57.576456,-25.231635],[-57.576532,-25.231598],[-57.576629,-25.231504],[-57.57675,-25.231459],[-57.576923,-25.231441],[-57.57698,-25.231354],[-57.577221,-25.231272],[-57.577477,-25.231237]]}},{"type":"Feature","properties":{"nombre":null},"geometry":{"type":"LineString","coordinates":[[-57.579209,-25.231846],[-57.578845,-25.231988],[-57.578615,-25.232135]]}},{"type":"Feature","properties":{"nombre":null},"geometry":{"type":"LineString","coordinates":[[-57.580679,-25.238889],[-57.580733,-25.238889]]}},{"type":"Feature","properties":{"nombre":null},"geometry":{"type":"LineString","coordinates":[[-57.575941,-25.238889],[-57.575918,-25.238978],[-57.575874,-25.239028],[-57.575808,-25.239184],[-57.575714,-25.23929],[-57.575677,-25.239624]]}},{"type":"Feature","properties":{"nombre":null},"geometry":{"type":"LineString","coordinates":[[-57.582905,-25.240935],[-57.582706,-25.240815],[-57.582571,-25.240835],[-57.582453,-25.240812]]}},{"type":"Feature","properties":{"nombre":null},"geometry":{"type":"LineString","coordinates":[[-57.580349,-25.241556],[-57.580517,-25.24178],[-57.580584,-25.241801]]}},{"type":"Feature","properties":{"nombre":null},"geometry":{"type":"LineString","coordinates":[[-57.581388,-25.23988],[-57.581484,-25.239873],[-57.581555,-25.239829]]}},{"type":"Feature","properties":{"nombre":null},"geometry":{"type":"LineString","coordinates":[[-57.551596,-25.255415],[-57.551546,-25.255297]]}},{"type":"Feature","properties":{"nombre":null},"geometry":{"type":"LineString","coordinates":[[-57.556135,-25.251268],[-57.555775,-25.251122]]}},{"type":"Feature","properties":{"nombre":null},"geometry":{"type":"LineString","coordinates":[[-57.558095,-25.251183],[-57.558333,-25.251215]]}},{"type":"Feature","properties":{"nombre":null},"geometry":{"type":"LineString","coordinates":[[-57.567669,-25.234222],[-57.567647,-25.234283],[-57.56773,-25.234445],[-57.567971,-25.234802]]}},{"type":"Feature","properties":{"nombre":null},"geometry":{"type":"LineString","coordinates":[[-57.575,-25.234384],[-57.574824,-25.234232]]}},{"type":"Feature","properties":{"nombre":null},"geometry":{"type":"LineString","coordinates":[[-57.574396,-25.233447],[-57.574503,-25.233354]]}},{"type":"Feature","properties":{"nombre":null},"geometry":{"type":"LineString","coordinates":[[-57.573099,-25.233595],[-57.57338,-25.233333]]}},{"type":"Feature","properties":{"nombre":null},"geometry":{"type":"LineString","coordinates":[[-57.574052,-25.235557],[-57.574012,-25.23555],[-57.573944,-25.235374],[-57.573947,-25.235329],[-57.573986,-25.235288]]}},{"type":"Feature","properties":{"nombre":null},"geometry":{"type":"LineString","coordinates":[[-57.573255,-25.235954],[-57.572887,-25.236086]]}},{"type":"Feature","properties":{"nombre":null},"geometry":{"type":"LineString","coordinates":[[-57.570312,-25.236523],[-57.570604,-25.23643]]}},{"type":"Feature","properties":{"nombre":null},"geometry":{"type":"LineString","coordinates":[[-57.57338,-25.233333],[-57.573519,-25.23321],[-57.573527,-25.233226],[-57.57341,-25.233333]]}},{"type":"Feature","properties":{"nombre":null},"geometry":{"type":"LineString","coordinates":[[-57.574843,-25.233055],[-57.574922,-25.232981]]}},{"type":"Feature","properties":{"nombre":null},"geometry":{"type":"LineString","coordinates":[[-57.5714,-25.231135],[-57.571661,-25.230997]]}},{"type":"Feature","properties":{"nombre":null},"geometry":{"type":"LineString","coordinates":[[-57.572015,-25.230793],[-57.572134,-25.230719]]}},{"type":"Feature","properties":{"nombre":null},"geometry":{"type":"LineString","coordinates":[[-57.574389,-25.235429],[-57.574348,-25.235325]]}},{"type":"Feature","properties":{"nombre":null},"geometry":{"type":"LineString","coordinates":[[-57.57444,-25.236635],[-57.574631,-25.236488],[-57.574661,-25.23649],[-57.574743,-25.236577],[-57.574731,-25.236611]]}},{"type":"Feature","properties":{"nombre":null},"geometry":{"type":"LineString","coordinates":[[-57.579858,-25.256325],[-57.579859,-25.256358],[-57.579773,-25.256433]]}},{"type":"Feature","properties":{"nombre":null},"geometry":{"type":"LineString","coordinates":[[-57.582332,-25.242786],[-57.582844,-25.242455],[-57.583158,-25.242284],[-57.583263,-25.242289],[-57.583333,-25.242263]]}},{"type":"Feature","properties":{"nombre":null},"geometry":{"type":"LineString","coordinates":[[-57.581262,-25.244682],[-57.581377,-25.244648],[-57.581448,-25.24475]]}},{"type":"Feature","properties":{"nombre":null},"geometry":{"type":"LineString","coordinates":[[-57.582498,-25.249069],[-57.582628,-25.248977],[-57.582767,-25.248925]]}},{"type":"Feature","properties":{"nombre":null},"geometry":{"type":"LineString","coordinates":[[-57.58101,-25.246551],[-57.58093,-25.246552],[-57.580241,-25.246717],[-57.579806,-25.24688]]}},{"type":"Feature","properties":{"nombre":null},"geometry":{"type":"LineString","coordinates":[[-57.571682,-25.230492],[-57.572081,-25.230162],[-57.572275,-25.230097],[-57.572476,-25.229965]]}},{"type":"Feature","properties":{"nombre":null},"geometry":{"type":"LineString","coordinates":[[-57.57131,-25.231098],[-57.572125,-25.230609]]}},{"type":"Feature","properties":{"nombre":null},"geometry":{"type":"LineString","coordinates":[[-57.574941,-25.232994],[-57.575,-25.232941]]}},{"type":"Feature","properties":{"nombre":null},"geometry":{"type":"LineString","coordinates":[[-57.566667,-25.231621],[-57.566677,-25.231638]]}},{"type":"Feature","properties":{"nombre":null},"geometry":{"type":"LineString","coordinates":[[-57.571409,-25.248367],[-57.571377,-25.248427],[-57.571328,-25.248435],[-57.571206,-25.248543],[-57.571164,-25.248542],[-57.57105,-25.248404],[-57.571267,-25.248212],[-57.571285,-25.248228]]}},{"type":"Feature","properties":{"nombre":null},"geometry":{"type":"LineString","coordinates":[[-57.565216,-25.227753],[-57.565232,-25.227671],[-57.565213,-25.227577],[-57.565164,-25.227537],[-57.565181,-25.227546]]}},{"type":"Feature","properties":{"nombre":null},"geometry":{"type":"LineString","coordinates":[[-57.566079,-25.227114],[-57.566267,-25.227056]]}},{"type":"Feature","properties":{"nombre":null},"geometry":{"type":"LineString","coordinates":[[-57.564189,-25.227778],[-57.564082,-25.227561],[-57.56411,-25.227494],[-57.564045,-25.227542],[-57.563728,-25.227609]]}},{"type":"Feature","properties":{"nombre":null},"geometry":{"type":"LineString","coordinates":[[-57.55991,-25.22949],[-57.559873,-25.229447],[-57.559757,-25.229397],[-57.559733,-25.229275],[-57.559684,-25.229197]]}},{"type":"Feature","properties":{"nombre":null},"geometry":{"type":"LineString","coordinates":[[-57.558837,-25.228451],[-57.5588,-25.228576]]}},{"type":"Feature","properties":{"nombre":null},"geometry":{"type":"LineString","coordinates":[[-57.558785,-25.229544],[-57.55847,-25.22966],[-57.558333,-25.229781]]}},{"type":"Feature","properties":{"nombre":null},"geometry":{"type":"LineString","coordinates":[[-57.564896,-25.227778],[-57.564834,-25.22787],[-57.564797,-25.22798]]}},{"type":"Feature","properties":{"nombre":null},"geometry":{"type":"LineString","coordinates":[[-57.55972,-25.232909],[-57.559625,-25.232677],[-57.559495,-25.232616],[-57.559242,-25.232423]]}},{"type":"Feature","properties":{"nombre":null},"geometry":{"type":"LineString","coordinates":[[-57.564997,-25.229369],[-57.564897,-25.229205]]}},{"type":"Feature","properties":{"nombre":null},"geometry":{"type":"LineString","coordinates":[[-57.563526,-25.227778],[-57.563523,-25.227851],[-57.563491,-25.227876],[-57.563079,-25.227968],[-57.56288,-25.228049],[-57.562978,-25.228468],[-57.562869,-25.228492],[-57.56285,-25.228523],[-57.562913,-25.228639],[-57.562958,-25.22866]]}},{"type":"Feature","properties":{"nombre":null},"geometry":{"type":"LineString","coordinates":[[-57.56307,-25.228999],[-57.563064,-25.229133],[-57.563024,-25.229216],[-57.563006,-25.22938]]}},{"type":"Feature","properties":{"nombre":null},"geometry":{"type":"LineString","coordinates":[[-57.564335,-25.228326],[-57.56437,-25.228318]]}},{"type":"Feature","properties":{"nombre":null},"geometry":{"type":"LineString","coordinates":[[-57.558608,-25.232274],[-57.558692,-25.232204]]}},{"type":"Feature","properties":{"nombre":null},"geometry":{"type":"LineString","coordinates":[[-57.559102,-25.231521],[-57.558958,-25.23177],[-57.558943,-25.231896],[-57.558896,-25.232013],[-57.558798,-25.232014]]}},{"type":"Feature","properties":{"nombre":null},"geometry":{"type":"LineString","coordinates":[[-57.56567,-25.235168],[-57.565623,-25.235071]]}},{"type":"Feature","properties":{"nombre":null},"geometry":{"type":"LineString","coordinates":[[-57.563033,-25.244322],[-57.563126,-25.244445]]}},{"type":"Feature","properties":{"nombre":null},"geometry":{"type":"LineString","coordinates":[[-57.564141,-25.245331],[-57.564233,-25.245159],[-57.564329,-25.245044],[-57.564545,-25.244891],[-57.564833,-25.244751],[-57.564975,-25.244718],[-57.565626,-25.244444]]}},{"type":"Feature","properties":{"nombre":null},"geometry":{"type":"LineString","coordinates":[[-57.56043,-25.249578],[-57.560407,-25.249473],[-57.560578,-25.249229],[-57.560579,-25.249118]]}},{"type":"Feature","properties":{"nombre":null},"geometry":{"type":"LineString","coordinates":[[-57.561898,-25.247151],[-57.562011,-25.24714],[-57.562108,-25.247097],[-57.562158,-25.24712],[-57.562451,-25.247117],[-57.562578,-25.247154],[-57.562905,-25.247317],[-57.562974,-25.24731],[-57.563013,-25.247255]]}},{"type":"Feature","properties":{"nombre":null},"geometry":{"type":"LineString","coordinates":[[-57.563013,-25.247255],[-57.563094,-25.247165],[-57.563672,-25.246827],[-57.563763,-25.246743],[-57.56388,-25.246554]]}},{"type":"Feature","properties":{"nombre":null},"geometry":{"type":"LineString","coordinates":[[-57.563126,-25.244445],[-57.563126,-25.244445]]}},{"type":"Feature","properties":{"nombre":null},"geometry":{"type":"LineString","coordinates":[[-57.563132,-25.244454],[-57.563255,-25.244616],[-57.563686,-25.245066],[-57.563942,-25.245184],[-57.564139,-25.245335]]}},{"type":"Feature","properties":{"nombre":null},"geometry":{"type":"LineString","coordinates":[[-57.565163,-25.284067],[-57.565162,-25.284007],[-57.565328,-25.283943],[-57.565325,-25.283901]]}},{"type":"Feature","properties":{"nombre":null},"geometry":{"type":"LineString","coordinates":[[-57.559473,-25.24864],[-57.55962,-25.248487],[-57.559847,-25.248519],[-57.560039,-25.248486]]}},{"type":"Feature","properties":{"nombre":null},"geometry":{"type":"LineString","coordinates":[[-57.559944,-25.248868],[-57.559628,-25.249077],[-57.559509,-25.248945],[-57.559856,-25.248703],[-57.559889,-25.248688],[-57.559957,-25.248699]]}},{"type":"Feature","properties":{"nombre":null},"geometry":{"type":"LineString","coordinates":[[-57.558218,-25.229472],[-57.558333,-25.229449]]}},{"type":"Feature","properties":{"nombre":null},"geometry":{"type":"LineString","coordinates":[[-57.554676,-25.232989],[-57.554812,-25.232944],[-57.554935,-25.232874],[-57.555001,-25.232902],[-57.555056,-25.233019]]}},{"type":"Feature","properties":{"nombre":null},"geometry":{"type":"LineString","coordinates":[[-57.557795,-25.231602],[-57.557867,-25.231671]]}},{"type":"Feature","properties":{"nombre":null},"geometry":{"type":"LineString","coordinates":[[-57.557521,-25.236089],[-57.558247,-25.235904],[-57.557965,-25.234978],[-57.557592,-25.235066],[-57.557256,-25.235176],[-57.557521,-25.236089]]}},{"type":"Feature","properties":{"nombre":null},"geometry":{"type":"LineString","coordinates":[[-57.557444,-25.238213],[-57.557465,-25.238035],[-57.557523,-25.237955],[-57.557414,-25.23756],[-57.557371,-25.237496],[-57.557331,-25.237307],[-57.55724,-25.237189],[-57.557037,-25.237089],[-57.556684,-25.237043],[-57.556638,-25.236959],[-57.556326,-25.237076],[-57.556161,-25.237088],[-57.555975,-25.23706],[-57.555918,-25.237009],[-57.555898,-25.236952]]}},{"type":"Feature","properties":{"nombre":null},"geometry":{"type":"LineString","coordinates":[[-57.553398,-25.237265],[-57.553352,-25.237121],[-57.553279,-25.237088],[-57.553216,-25.23712],[-57.553062,-25.237302],[-57.552983,-25.237259],[-57.55295,-25.237271],[-57.552895,-25.237384],[-57.552831,-25.237643],[-57.55273,-25.237675],[-57.552479,-25.237627],[-57.552328,-25.237566],[-57.55224,-25.237581],[-57.552149,-25.237486],[-57.551925,-25.237408],[-57.551788,-25.237538],[-57.551674,-25.237574],[-57.551572,-25.237568],[-57.551536,-25.237524],[-57.551556,-25.237445],[-57.55152,-25.237395],[-57.55149,-25.237395],[-57.551451,-25.237462],[-57.551362,-25.237446],[-57.551327,-25.237373],[-57.551285,-25.237151],[-57.551256,-25.237133],[-57.551136,-25.237161],[-57.550908,-25.237339],[-57.550725,-25.237433],[-57.550341,-25.23754],[-57.55024,-25.237591],[-57.550141,-25.23759],[-57.550054,-25.237546],[-57.55,-25.237456]]}},{"type":"Feature","properties":{"nombre":null},"geometry":{"type":"LineString","coordinates":[[-57.556296,-25.242517],[-57.55638,-25.242211],[-57.556386,-25.241991],[-57.556371,-25.241652],[-57.556295,-25.241348],[-57.556196,-25.241207],[-57.556117,-25.240941],[-57.55602,-25.240822],[-57.55586,-25.240718],[-57.555483,-25.24013],[-57.555341,-25.23997]]}},{"type":"Feature","properties":{"nombre":null},"geometry":{"type":"LineString","coordinates":[[-57.556717,-25.240937],[-57.556574,-25.240983],[-57.556225,-25.241009],[-57.556141,-25.240995]]}},{"type":"Feature","properties":{"nombre":null},"geometry":{"type":"LineString","coordinates":[[-57.553049,-25.241263],[-57.553033,-25.241046],[-57.55293,-25.240733],[-57.552777,-25.240409],[-57.552677,-25.240273],[-57.552614,-25.240266],[-57.552453,-25.240387],[-57.552536,-25.240566],[-57.552536,-25.240679],[-57.552508,-25.240733],[-57.552412,-25.240811],[-57.552417,-25.240871],[-57.552529,-25.241076],[-57.55256,-25.241087],[-57.552761,-25.241045]]}},{"type":"Feature","properties":{"nombre":null},"geometry":{"type":"LineString","coordinates":[[-57.552254,-25.239621],[-57.551969,-25.239778],[-57.551997,-25.239845],[-57.551984,-25.239871],[-57.55208,-25.239962]]}},{"type":"Feature","properties":{"nombre":null},"geometry":{"type":"LineString","coordinates":[[-57.553434,-25.247329],[-57.553609,-25.247103]]}},{"type":"Feature","properties":{"nombre":null},"geometry":{"type":"LineString","coordinates":[[-57.553293,-25.247522],[-57.553373,-25.247374],[-57.553434,-25.247329]]}},{"type":"Feature","properties":{"nombre":null},"geometry":{"type":"LineString","coordinates":[[-57.553458,-25.24728],[-57.553336,-25.247383],[-57.553277,-25.247512]]}},{"type":"Feature","properties":{"nombre":null},"geometry":{"type":"LineString","coordinates":[[-57.550991,-25.249005],[-57.55102,-25.249002]]}},{"type":"Feature","properties":{"nombre":null},"geometry":{"type":"LineString","coordinates":[[-57.552467,-25.2468],[-57.552631,-25.246764],[-57.552857,-25.246788],[-57.553163,-25.246759],[-57.553676,-25.246536],[-57.55379,-25.246594],[-57.554318,-25.246558]]}},{"type":"Feature","properties":{"nombre":null},"geometry":{"type":"LineString","coordinates":[[-57.551284,-25.247838],[-57.551362,-25.247758]]}},{"type":"Feature","properties":{"nombre":null},"geometry":{"type":"LineString","coordinates":[[-57.550042,-25.248759],[-57.55,-25.248777]]}},{"type":"Feature","properties":{"nombre":null},"geometry":{"type":"LineString","coordinates":[[-57.557759,-25.247728],[-57.557715,-25.247298],[-57.557782,-25.247102],[-57.557764,-25.24705],[-57.557691,-25.247035]]}},{"type":"Feature","properties":{"nombre":"ARROYO MBURICAO"},"geometry":{"type":"LineString","coordinates":[[-57.593689,-25.258359],[-57.593719,-25.258397],[-57.593755,-25.258465],[-57.593692,-25.258415],[-57.593689,-25.258359]]}},{"type":"Feature","properties":{"nombre":null},"geometry":{"type":"LineString","coordinates":[[-57.593556,-25.260154],[-57.593504,-25.260144],[-57.593471,-25.260105],[-57.593519,-25.260103],[-57.593556,-25.260154]]}},{"type":"Feature","properties":{"nombre":"ARROYO MBURICAO"},"geometry":{"type":"LineString","coordinates":[[-57.593768,-25.25905],[-57.593947,-25.259159],[-57.593766,-25.259066]]}},{"type":"Feature","properties":{"nombre":null},"geometry":{"type":"LineString","coordinates":[[-57.59529,-25.265006],[-57.595129,-25.26491],[-57.595079,-25.264854],[-57.595089,-25.264836],[-57.594893,-25.264688],[-57.594541,-25.264479],[-57.59401,-25.264209],[-57.593916,-25.26423],[-57.593639,-25.264098],[-57.5928,-25.263838],[-57.592302,-25.263722],[-57.592158,-25.26376]]}},{"type":"Feature","properties":{"nombre":null},"geometry":{"type":"LineString","coordinates":[[-57.59217,-25.277665],[-57.592139,-25.277361]]}},{"type":"Feature","properties":{"nombre":null},"geometry":{"type":"LineString","coordinates":[[-57.592187,-25.277587],[-57.59216,-25.277591]]}},{"type":"Feature","properties":{"nombre":null},"geometry":{"type":"LineString","coordinates":[[-57.592506,-25.27769],[-57.592396,-25.277699]]}},{"type":"Feature","properties":{"nombre":null},"geometry":{"type":"LineString","coordinates":[[-57.593108,-25.277999],[-57.592702,-25.278047]]}},{"type":"Feature","properties":{"nombre":"ARROYO MBURICAO"},"geometry":{"type":"LineString","coordinates":[[-57.591718,-25.289345],[-57.591667,-25.28935]]}},{"type":"Feature","properties":{"nombre":"ARROYO MBURICAO"},"geometry":{"type":"LineString","coordinates":[[-57.595327,-25.299077],[-57.595257,-25.298956],[-57.595215,-25.29882],[-57.595225,-25.29873],[-57.595006,-25.298482]]}},{"type":"Feature","properties":{"nombre":null},"geometry":{"type":"LineString","coordinates":[[-57.595622,-25.297996],[-57.595709,-25.298011],[-57.595748,-25.298148],[-57.595783,-25.29814]]}},{"type":"Feature","properties":{"nombre":null},"geometry":{"type":"LineString","coordinates":[[-57.591667,-25.250638],[-57.591585,-25.250839],[-57.591409,-25.250919],[-57.59134,-25.250973],[-57.591387,-25.251087],[-57.591552,-25.251199],[-57.591598,-25.251264],[-57.591571,-25.25139],[-57.591467,-25.251518],[-57.5915,-25.251539],[-57.591603,-25.251497],[-57.591667,-25.251497]]}},{"type":"Feature","properties":{"nombre":null},"geometry":{"type":"LineString","coordinates":[[-57.591667,-25.252166],[-57.591466,-25.252096],[-57.591369,-25.25217],[-57.591269,-25.252157],[-57.591158,-25.25211],[-57.591101,-25.252112],[-57.591015,-25.25214],[-57.590968,-25.252227],[-57.591121,-25.252292],[-57.591162,-25.252378],[-57.591194,-25.252399],[-57.591493,-25.252544],[-57.591621,-25.252694],[-57.591667,-25.252796]]}},{"type":"Feature","properties":{"nombre":null},"geometry":{"type":"LineString","coordinates":[[-57.56529,-25.283447],[-57.565213,-25.28344]]}},{"type":"Feature","properties":{"nombre":"ARROYO YBYRAY"},"geometry":{"type":"LineString","coordinates":[[-57.58952,-25.254388],[-57.589518,-25.25448],[-57.589412,-25.254514],[-57.58931,-25.254628]]}},{"type":"Feature","properties":{"nombre":"ARROYO YBYRAY"},"geometry":{"type":"LineString","coordinates":[[-57.589579,-25.258219],[-57.589509,-25.258017]]}},{"type":"Feature","properties":{"nombre":"ARROYO YBYRAY"},"geometry":{"type":"LineString","coordinates":[[-57.586142,-25.260626],[-57.586178,-25.260487],[-57.586159,-25.260329],[-57.586284,-25.26017],[-57.586417,-25.260055],[-57.586468,-25.259938],[-57.586654,-25.259724]]}},{"type":"Feature","properties":{"nombre":"ARROYO YBYRAY"},"geometry":{"type":"LineString","coordinates":[[-57.585536,-25.261111],[-57.585669,-25.260909],[-57.585745,-25.260841],[-57.585985,-25.260816],[-57.586075,-25.260766],[-57.586156,-25.260651]]}},{"type":"Feature","properties":{"nombre":"ARROYO YBYRAY"},"geometry":{"type":"LineString","coordinates":[[-57.589143,-25.257463],[-57.589146,-25.257511],[-57.589254,-25.257583],[-57.589341,-25.257695]]}},{"type":"Feature","properties":{"nombre":"ARROYO YBYRAY"},"geometry":{"type":"LineString","coordinates":[[-57.589143,-25.257463],[-57.589229,-25.257357],[-57.58932,-25.257171],[-57.589343,-25.257099],[-57.589334,-25.257004],[-57.589233,-25.256991],[-57.588967,-25.257018],[-57.588836,-25.256867]]}},{"type":"Feature","properties":{"nombre":"ARROYO YBYRAY"},"geometry":{"type":"LineString","coordinates":[[-57.589539,-25.257747],[-57.589409,-25.257744]]}},{"type":"Feature","properties":{"nombre":null},"geometry":{"type":"LineString","coordinates":[[-57.582507,-25.251137],[-57.582709,-25.250905],[-57.582977,-25.25074],[-57.583086,-25.250599],[-57.5831,-25.250485],[-57.583081,-25.250308],[-57.583008,-25.250126]]}},{"type":"Feature","properties":{"nombre":null},"geometry":{"type":"LineString","coordinates":[[-57.577939,-25.253558],[-57.578498,-25.25397],[-57.578656,-25.254046],[-57.578722,-25.254106]]}},{"type":"Feature","properties":{"nombre":null},"geometry":{"type":"LineString","coordinates":[[-57.581289,-25.253503],[-57.581351,-25.253422],[-57.581628,-25.253176],[-57.581694,-25.253076],[-57.58169,-25.253028],[-57.581583,-25.252846],[-57.581509,-25.252778]]}},{"type":"Feature","properties":{"nombre":null},"geometry":{"type":"LineString","coordinates":[[-57.581502,-25.250162],[-57.581372,-25.250226]]}},{"type":"Feature","properties":{"nombre":null},"geometry":{"type":"LineString","coordinates":[[-57.578871,-25.254241],[-57.578722,-25.254106]]}},{"type":"Feature","properties":{"nombre":null},"geometry":{"type":"LineString","coordinates":[[-57.57874,-25.257182],[-57.579101,-25.256904]]}},{"type":"Feature","properties":{"nombre":null},"geometry":{"type":"LineString","coordinates":[[-57.575553,-25.25803],[-57.575601,-25.258053],[-57.575665,-25.258132],[-57.575762,-25.258137],[-57.575821,-25.258164],[-57.57586,-25.258153],[-57.575926,-25.25807]]}},{"type":"Feature","properties":{"nombre":null},"geometry":{"type":"LineString","coordinates":[[-57.579443,-25.25565],[-57.579513,-25.255556]]}},{"type":"Feature","properties":{"nombre":null},"geometry":{"type":"LineString","coordinates":[[-57.575,-25.258797],[-57.575076,-25.258655],[-57.575091,-25.258555],[-57.575164,-25.258433],[-57.575268,-25.258306],[-57.575321,-25.258286]]}},{"type":"Feature","properties":{"nombre":null},"geometry":{"type":"LineString","coordinates":[[-57.577998,-25.25894],[-57.578192,-25.259248],[-57.578031,-25.259365]]}},{"type":"Feature","properties":{"nombre":null},"geometry":{"type":"LineString","coordinates":[[-57.579263,-25.256827],[-57.579121,-25.256917]]}},{"type":"Feature","properties":{"nombre":null},"geometry":{"type":"LineString","coordinates":[[-57.577967,-25.25725],[-57.578474,-25.257413]]}},{"type":"Feature","properties":{"nombre":null},"geometry":{"type":"LineString","coordinates":[[-57.55622,-25.2513],[-57.556135,-25.251268]]}},{"type":"Feature","properties":{"nombre":"ARROYO YBYRAY"},"geometry":{"type":"LineString","coordinates":[[-57.575,-25.267133],[-57.575079,-25.266996],[-57.575223,-25.266861],[-57.57534,-25.266667]]}},{"type":"Feature","properties":{"nombre":null},"geometry":{"type":"LineString","coordinates":[[-57.579474,-25.270878],[-57.579257,-25.270143],[-57.580467,-25.269205]]}},{"type":"Feature","properties":{"nombre":null},"geometry":{"type":"LineString","coordinates":[[-57.58133,-25.271771],[-57.581072,-25.27178],[-57.58101,-25.271563],[-57.580944,-25.271561]]}},{"type":"Feature","properties":{"nombre":null},"geometry":{"type":"LineString","coordinates":[[-57.580631,-25.270517],[-57.581079,-25.270397],[-57.581092,-25.270379],[-57.581021,-25.270123],[-57.581032,-25.270103],[-57.583333,-25.269564]]}},{"type":"Feature","properties":{"nombre":null},"geometry":{"type":"LineString","coordinates":[[-57.583333,-25.270259],[-57.582762,-25.270609]]}},{"type":"Feature","properties":{"nombre":"ARROYO SANTO DOMINGO"},"geometry":{"type":"LineString","coordinates":[[-57.581738,-25.277778],[-57.581999,-25.277603],[-57.582218,-25.27752],[-57.582393,-25.277496],[-57.58259,-25.277084]]}},{"type":"Feature","properties":{"nombre":"ARROYO SANTO DOMINGO"},"geometry":{"type":"LineString","coordinates":[[-57.581409,-25.278589],[-57.581315,-25.278304],[-57.581483,-25.278042],[-57.581647,-25.27785],[-57.581738,-25.277778]]}},{"type":"Feature","properties":{"nombre":null},"geometry":{"type":"LineString","coordinates":[[-57.56944,-25.251851],[-57.56939,-25.251876],[-57.56933,-25.251867]]}},{"type":"Feature","properties":{"nombre":null},"geometry":{"type":"LineString","coordinates":[[-57.574811,-25.259573],[-57.574891,-25.259382],[-57.574906,-25.259232],[-57.575,-25.259027]]}},{"type":"Feature","properties":{"nombre":null},"geometry":{"type":"LineString","coordinates":[[-57.566667,-25.256039],[-57.570097,-25.256075],[-57.570538,-25.256028],[-57.571116,-25.255882]]}},{"type":"Feature","properties":{"nombre":null},"geometry":{"type":"LineString","coordinates":[[-57.567249,-25.25696],[-57.567326,-25.256999]]}},{"type":"Feature","properties":{"nombre":null},"geometry":{"type":"LineString","coordinates":[[-57.570197,-25.258822],[-57.570301,-25.258735]]}},{"type":"Feature","properties":{"nombre":null},"geometry":{"type":"LineString","coordinates":[[-57.570175,-25.259167],[-57.570231,-25.259268]]}},{"type":"Feature","properties":{"nombre":null},"geometry":{"type":"LineString","coordinates":[[-57.571234,-25.259072],[-57.571229,-25.259008]]}},{"type":"Feature","properties":{"nombre":null},"geometry":{"type":"LineString","coordinates":[[-57.568936,-25.271732],[-57.56925,-25.272222]]}},{"type":"Feature","properties":{"nombre":null},"geometry":{"type":"LineString","coordinates":[[-57.570055,-25.286527],[-57.569959,-25.286262]]}},{"type":"Feature","properties":{"nombre":null},"geometry":{"type":"LineString","coordinates":[[-57.569233,-25.285302],[-57.569106,-25.285218],[-57.569114,-25.285207],[-57.569242,-25.285292],[-57.569233,-25.285302]]}},{"type":"Feature","properties":{"nombre":null},"geometry":{"type":"LineString","coordinates":[[-57.567979,-25.284487],[-57.568153,-25.284581],[-57.568146,-25.284591],[-57.567972,-25.284498],[-57.567979,-25.284487]]}},{"type":"Feature","properties":{"nombre":null},"geometry":{"type":"LineString","coordinates":[[-57.567921,-25.284455],[-57.567477,-25.284238],[-57.567469,-25.284251],[-57.567913,-25.284468],[-57.567921,-25.284455]]}},{"type":"Feature","properties":{"nombre":null},"geometry":{"type":"LineString","coordinates":[[-57.563219,-25.252424],[-57.562994,-25.252248]]}},{"type":"Feature","properties":{"nombre":null},"geometry":{"type":"LineString","coordinates":[[-57.5606,-25.250294],[-57.560359,-25.250469]]}},{"type":"Feature","properties":{"nombre":null},"geometry":{"type":"LineString","coordinates":[[-57.564991,-25.255556],[-57.564467,-25.255309],[-57.564334,-25.255224],[-57.563735,-25.254972]]}},{"type":"Feature","properties":{"nombre":null},"geometry":{"type":"LineString","coordinates":[[-57.562092,-25.255342],[-57.562091,-25.255556]]}},{"type":"Feature","properties":{"nombre":null},"geometry":{"type":"LineString","coordinates":[[-57.558724,-25.250995],[-57.558808,-25.250857],[-57.559006,-25.250721],[-57.559116,-25.250504],[-57.559335,-25.250365]]}},{"type":"Feature","properties":{"nombre":null},"geometry":{"type":"LineString","coordinates":[[-57.55951,-25.255556],[-57.55954,-25.255789],[-57.559508,-25.256108],[-57.559475,-25.256225],[-57.559487,-25.256314],[-57.558925,-25.256321]]}},{"type":"Feature","properties":{"nombre":null},"geometry":{"type":"LineString","coordinates":[[-57.559015,-25.256629],[-57.559154,-25.256609]]}},{"type":"Feature","properties":{"nombre":null},"geometry":{"type":"LineString","coordinates":[[-57.558801,-25.280308],[-57.558752,-25.280274]]}},{"type":"Feature","properties":{"nombre":null},"geometry":{"type":"LineString","coordinates":[[-57.56107,-25.281452],[-57.561026,-25.281414]]}},{"type":"Feature","properties":{"nombre":null},"geometry":{"type":"LineString","coordinates":[[-57.560742,-25.28149],[-57.560704,-25.281459],[-57.560696,-25.281471],[-57.560742,-25.28149]]}},{"type":"Feature","properties":{"nombre":null},"geometry":{"type":"LineString","coordinates":[[-57.566667,-25.283931],[-57.566327,-25.283844],[-57.566667,-25.283945]]}},{"type":"Feature","properties":{"nombre":null},"geometry":{"type":"LineString","coordinates":[[-57.563845,-25.283573],[-57.563813,-25.283457],[-57.563392,-25.283333]]}},{"type":"Feature","properties":{"nombre":null},"geometry":{"type":"LineString","coordinates":[[-57.554789,-25.250747],[-57.55445,-25.25062],[-57.554408,-25.250485]]}},{"type":"Feature","properties":{"nombre":null},"geometry":{"type":"LineString","coordinates":[[-57.554093,-25.250384],[-57.554,-25.250357]]}},{"type":"Feature","properties":{"nombre":null},"geometry":{"type":"LineString","coordinates":[[-57.55018,-25.250921],[-57.550456,-25.250878]]}},{"type":"Feature","properties":{"nombre":null},"geometry":{"type":"LineString","coordinates":[[-57.550126,-25.250655],[-57.550403,-25.250603]]}},{"type":"Feature","properties":{"nombre":null},"geometry":{"type":"LineString","coordinates":[[-57.552421,-25.252287],[-57.552374,-25.252153],[-57.552379,-25.251928]]}},{"type":"Feature","properties":{"nombre":null},"geometry":{"type":"LineString","coordinates":[[-57.556163,-25.251535],[-57.556054,-25.251497]]}},{"type":"Feature","properties":{"nombre":null},"geometry":{"type":"LineString","coordinates":[[-57.550789,-25.252443],[-57.550805,-25.25249],[-57.550789,-25.252625]]}},{"type":"Feature","properties":{"nombre":null},"geometry":{"type":"LineString","coordinates":[[-57.557834,-25.256541],[-57.553582,-25.256581]]}},{"type":"Feature","properties":{"nombre":null},"geometry":{"type":"LineString","coordinates":[[-57.557785,-25.256539],[-57.557786,-25.256606],[-57.557726,-25.256609],[-57.554143,-25.256645],[-57.554128,-25.256673],[-57.554158,-25.256787]]}},{"type":"Feature","properties":{"nombre":null},"geometry":{"type":"LineString","coordinates":[[-57.551976,-25.265256],[-57.551804,-25.265063],[-57.551784,-25.264974],[-57.551733,-25.2649],[-57.55149,-25.265022],[-57.55134,-25.265123]]}},{"type":"Feature","properties":{"nombre":null},"geometry":{"type":"LineString","coordinates":[[-57.553573,-25.262484],[-57.553772,-25.26236],[-57.553832,-25.262261],[-57.553818,-25.262234],[-57.554005,-25.262083]]}},{"type":"Feature","properties":{"nombre":null},"geometry":{"type":"LineString","coordinates":[[-57.551063,-25.277066],[-57.55097,-25.277041]]}},{"type":"Feature","properties":{"nombre":null},"geometry":{"type":"LineString","coordinates":[[-57.555253,-25.276785],[-57.55524,-25.276767]]}},{"type":"Feature","properties":{"nombre":null},"geometry":{"type":"LineString","coordinates":[[-57.55169,-25.277224],[-57.551678,-25.277221]]}},{"type":"Feature","properties":{"nombre":null},"geometry":{"type":"LineString","coordinates":[[-57.550473,-25.276883],[-57.550495,-25.276889]]}},{"type":"Feature","properties":{"nombre":null},"geometry":{"type":"LineString","coordinates":[[-57.553976,-25.275708],[-57.553873,-25.27575]]}},{"type":"Feature","properties":{"nombre":null},"geometry":{"type":"LineString","coordinates":[[-57.553186,-25.277684],[-57.55325,-25.277713]]}},{"type":"Feature","properties":{"nombre":null},"geometry":{"type":"LineString","coordinates":[[-57.551642,-25.276988],[-57.551423,-25.276927]]}},{"type":"Feature","properties":{"nombre":null},"geometry":{"type":"LineString","coordinates":[[-57.553279,-25.276424],[-57.5531,-25.276252]]}},{"type":"Feature","properties":{"nombre":null},"geometry":{"type":"LineString","coordinates":[[-57.554331,-25.276668],[-57.554417,-25.276661]]}},{"type":"Feature","properties":{"nombre":null},"geometry":{"type":"LineString","coordinates":[[-57.550425,-25.278419],[-57.550415,-25.27834]]}},{"type":"Feature","properties":{"nombre":null},"geometry":{"type":"LineString","coordinates":[[-57.552619,-25.278948],[-57.55268,-25.278817]]}},{"type":"Feature","properties":{"nombre":null},"geometry":{"type":"LineString","coordinates":[[-57.553103,-25.277882],[-57.553122,-25.277846]]}},{"type":"Feature","properties":{"nombre":null},"geometry":{"type":"LineString","coordinates":[[-57.553097,-25.277879],[-57.553105,-25.277861]]}},{"type":"Feature","properties":{"nombre":null},"geometry":{"type":"LineString","coordinates":[[-57.553122,-25.277846],[-57.553152,-25.277778]]}},{"type":"Feature","properties":{"nombre":null},"geometry":{"type":"LineString","coordinates":[[-57.556521,-25.281366],[-57.556314,-25.281302]]}},{"type":"Feature","properties":{"nombre":null},"geometry":{"type":"LineString","coordinates":[[-57.5565,-25.281187],[-57.55655,-25.281055]]}},{"type":"Feature","properties":{"nombre":null},"geometry":{"type":"LineString","coordinates":[[-57.556872,-25.281085],[-57.556768,-25.280999],[-57.556673,-25.281078],[-57.556568,-25.281046]]}},{"type":"Feature","properties":{"nombre":null},"geometry":{"type":"LineString","coordinates":[[-57.556163,-25.280103],[-57.556086,-25.280203]]}},{"type":"Feature","properties":{"nombre":null},"geometry":{"type":"LineString","coordinates":[[-57.557215,-25.280057],[-57.557179,-25.280256]]}},{"type":"Feature","properties":{"nombre":null},"geometry":{"type":"LineString","coordinates":[[-57.557211,-25.279542],[-57.557081,-25.279682],[-57.556985,-25.27987],[-57.556838,-25.280078],[-57.556982,-25.280139],[-57.55699,-25.280161],[-57.556935,-25.280303],[-57.55694,-25.280374],[-57.557115,-25.28042]]}},{"type":"Feature","properties":{"nombre":null},"geometry":{"type":"LineString","coordinates":[[-57.557185,-25.279251],[-57.55711,-25.2792]]}},{"type":"Feature","properties":{"nombre":null},"geometry":{"type":"LineString","coordinates":[[-57.552581,-25.290943],[-57.552924,-25.290599],[-57.553346,-25.290033],[-57.553937,-25.289491],[-57.554681,-25.288889]]}},{"type":"Feature","properties":{"nombre":"ARROYO YTAY"},"geometry":{"type":"LineString","coordinates":[[-57.550582,-25.294444],[-57.551046,-25.296163],[-57.551134,-25.296609],[-57.551217,-25.296749],[-57.551234,-25.296848]]}},{"type":"Feature","properties":{"nombre":"ARROYO YTAY"},"geometry":{"type":"LineString","coordinates":[[-57.551151,-25.297205],[-57.551364,-25.298129],[-57.551521,-25.298605],[-57.551602,-25.298785],[-57.551641,-25.299068],[-57.551809,-25.299772],[-57.551898,-25.3]]}},{"type":"Feature","properties":{"nombre":null},"geometry":{"type":"LineString","coordinates":[[-57.551018,-25.296068],[-57.551145,-25.296124],[-57.551298,-25.296068]]}},{"type":"Feature","properties":{"nombre":"ARROYO MBURICAO"},"geometry":{"type":"LineString","coordinates":[[-57.59573,-25.3027],[-57.595804,-25.302586]]}},{"type":"Feature","properties":{"nombre":"ARROYO MBURICAO"},"geometry":{"type":"LineString","coordinates":[[-57.595903,-25.302074],[-57.595888,-25.302179],[-57.595922,-25.30245],[-57.595804,-25.302586]]}},{"type":"Feature","properties":{"nombre":"ARROYO MBURICAO"},"geometry":{"type":"LineString","coordinates":[[-57.595903,-25.302074],[-57.595887,-25.301982],[-57.595837,-25.301898],[-57.595843,-25.301581],[-57.595805,-25.301485]]}},{"type":"Feature","properties":{"nombre":null},"geometry":{"type":"LineString","coordinates":[[-57.595251,-25.323333],[-57.595231,-25.323444],[-57.595263,-25.323559],[-57.595252,-25.323705],[-57.595225,-25.323746],[-57.595232,-25.324147],[-57.595142,-25.324295],[-57.59513,-25.324493],[-57.595091,-25.324589],[-57.595007,-25.324682],[-57.594904,-25.324753],[-57.594571,-25.324905],[-57.594416,-25.325143],[-57.594321,-25.32547],[-57.594184,-25.325573],[-57.594138,-25.325634],[-57.594012,-25.325845],[-57.593994,-25.325923],[-57.593765,-25.326101],[-57.593652,-25.326158],[-57.59355,-25.326324],[-57.593362,-25.326494],[-57.593214,-25.326748]]}},{"type":"Feature","properties":{"nombre":null},"geometry":{"type":"LineString","coordinates":[[-57.588302,-25.317527],[-57.58811,-25.317376],[-57.587997,-25.317319]]}},{"type":"Feature","properties":{"nombre":null},"geometry":{"type":"LineString","coordinates":[[-57.587992,-25.317326],[-57.588302,-25.317527]]}},{"type":"Feature","properties":{"nombre":"ARROYO MBURICAO"},"geometry":{"type":"LineString","coordinates":[[-57.591403,-25.288889],[-57.591401,-25.288691],[-57.591498,-25.288339],[-57.591465,-25.2882],[-57.591395,-25.288152],[-57.591087,-25.288072],[-57.59095,-25.28792],[-57.59073,-25.287577],[-57.590543,-25.287472],[-57.590275,-25.287423],[-57.590203,-25.287374],[-57.590154,-25.287274]]}},{"type":"Feature","properties":{"nombre":null},"geometry":{"type":"LineString","coordinates":[[-57.580607,-25.318475],[-57.580236,-25.318007],[-57.58011,-25.317953]]}},{"type":"Feature","properties":{"nombre":null},"geometry":{"type":"LineString","coordinates":[[-57.567672,-25.321932],[-57.567652,-25.321942],[-57.567625,-25.321958],[-57.567636,-25.321969],[-57.567672,-25.321932]]}},{"type":"Feature","properties":{"nombre":null},"geometry":{"type":"LineString","coordinates":[[-57.561425,-25.315504],[-57.561327,-25.315498]]}},{"type":"Feature","properties":{"nombre":null},"geometry":{"type":"LineString","coordinates":[[-57.558694,-25.314077],[-57.558742,-25.314112]]}},{"type":"Feature","properties":{"nombre":null},"geometry":{"type":"LineString","coordinates":[[-57.566646,-25.321685],[-57.566663,-25.321648],[-57.566581,-25.321569],[-57.566614,-25.321539]]}},{"type":"Feature","properties":{"nombre":null},"geometry":{"type":"LineString","coordinates":[[-57.563145,-25.317259],[-57.563053,-25.317134]]}},{"type":"Feature","properties":{"nombre":null},"geometry":{"type":"LineString","coordinates":[[-57.566072,-25.320978],[-57.566201,-25.320849],[-57.566218,-25.3208]]}},{"type":"Feature","properties":{"nombre":null},"geometry":{"type":"LineString","coordinates":[[-57.554182,-25.302637],[-57.554188,-25.302706]]}},{"type":"Feature","properties":{"nombre":"ARROYO YTAY"},"geometry":{"type":"LineString","coordinates":[[-57.552282,-25.302456],[-57.552227,-25.301906],[-57.552253,-25.301802],[-57.552213,-25.30157],[-57.552217,-25.301386],[-57.552113,-25.300955],[-57.552063,-25.300511],[-57.551948,-25.300211],[-57.551936,-25.300089],[-57.551898,-25.3]]}},{"type":"Feature","properties":{"nombre":null},"geometry":{"type":"LineString","coordinates":[[-57.555053,-25.309849],[-57.555121,-25.309759],[-57.555062,-25.309549],[-57.55499,-25.309416]]}},{"type":"Feature","properties":{"nombre":null},"geometry":{"type":"LineString","coordinates":[[-57.555449,-25.310065],[-57.555217,-25.31002],[-57.555098,-25.309905]]}},{"type":"Feature","properties":{"nombre":null},"geometry":{"type":"LineString","coordinates":[[-57.555317,-25.30853],[-57.555296,-25.30853]]}},{"type":"Feature","properties":{"nombre":null},"geometry":{"type":"LineString","coordinates":[[-57.558333,-25.314897],[-57.558167,-25.314995],[-57.558134,-25.314957],[-57.558116,-25.314968],[-57.558089,-25.314897],[-57.558132,-25.314872],[-57.558006,-25.314694],[-57.558173,-25.314596],[-57.558333,-25.314822]]}},{"type":"Feature","properties":{"nombre":null},"geometry":{"type":"LineString","coordinates":[[-57.557405,-25.311643],[-57.556158,-25.312171]]}},{"type":"Feature","properties":{"nombre":null},"geometry":{"type":"LineString","coordinates":[[-57.556153,-25.312163],[-57.555411,-25.312468]]}},{"type":"Feature","properties":{"nombre":null},"geometry":{"type":"LineString","coordinates":[[-57.557567,-25.314476],[-57.556773,-25.314841]]}},{"type":"Feature","properties":{"nombre":null},"geometry":{"type":"LineString","coordinates":[[-57.546857,-25.237854],[-57.54683,-25.237919],[-57.54671,-25.238012]]}},{"type":"Feature","properties":{"nombre":null},"geometry":{"type":"LineString","coordinates":[[-57.549367,-25.238616],[-57.54941,-25.2386],[-57.549425,-25.238614],[-57.549407,-25.238704],[-57.549424,-25.238737],[-57.549501,-25.238768],[-57.549683,-25.23879],[-57.549801,-25.238764],[-57.549902,-25.238686],[-57.55,-25.238644]]}},{"type":"Feature","properties":{"nombre":null},"geometry":{"type":"LineString","coordinates":[[-57.548079,-25.239835],[-57.548155,-25.239743],[-57.5483,-25.239631],[-57.54861,-25.239607],[-57.548678,-25.239517],[-57.548664,-25.239418]]}},{"type":"Feature","properties":{"nombre":null},"geometry":{"type":"LineString","coordinates":[[-57.543141,-25.23939],[-57.543062,-25.239238],[-57.542898,-25.239051],[-57.542806,-25.238889]]}},{"type":"Feature","properties":{"nombre":null},"geometry":{"type":"LineString","coordinates":[[-57.543232,-25.241046],[-57.543184,-25.241101]]}},{"type":"Feature","properties":{"nombre":null},"geometry":{"type":"LineString","coordinates":[[-57.543299,-25.241047],[-57.54322,-25.240981]]}},{"type":"Feature","properties":{"nombre":null},"geometry":{"type":"LineString","coordinates":[[-57.546365,-25.248554],[-57.546822,-25.248024]]}},{"type":"Feature","properties":{"nombre":null},"geometry":{"type":"LineString","coordinates":[[-57.54924,-25.248698],[-57.549127,-25.24874]]}},{"type":"Feature","properties":{"nombre":null},"geometry":{"type":"LineString","coordinates":[[-57.549485,-25.249778],[-57.549799,-25.24974]]}},{"type":"Feature","properties":{"nombre":null},"geometry":{"type":"LineString","coordinates":[[-57.549727,-25.249922],[-57.549692,-25.249786]]}},{"type":"Feature","properties":{"nombre":null},"geometry":{"type":"LineString","coordinates":[[-57.549391,-25.249195],[-57.55,-25.248931]]}},{"type":"Feature","properties":{"nombre":null},"geometry":{"type":"LineString","coordinates":[[-57.54975,-25.249083],[-57.55,-25.249012]]}},{"type":"Feature","properties":{"nombre":null},"geometry":{"type":"LineString","coordinates":[[-57.549177,-25.249115],[-57.55,-25.24875]]}},{"type":"Feature","properties":{"nombre":null},"geometry":{"type":"LineString","coordinates":[[-57.5429,-25.24513],[-57.542917,-25.2451]]}},{"type":"Feature","properties":{"nombre":null},"geometry":{"type":"LineString","coordinates":[[-57.54978,-25.246631],[-57.549837,-25.246656],[-57.549945,-25.246767]]}},{"type":"Feature","properties":{"nombre":null},"geometry":{"type":"LineString","coordinates":[[-57.539404,-25.237777],[-57.539298,-25.237657]]}},{"type":"Feature","properties":{"nombre":null},"geometry":{"type":"LineString","coordinates":[[-57.539999,-25.237945],[-57.539808,-25.238099]]}},{"type":"Feature","properties":{"nombre":null},"geometry":{"type":"LineString","coordinates":[[-57.540173,-25.236386],[-57.540217,-25.236479]]}},{"type":"Feature","properties":{"nombre":null},"geometry":{"type":"LineString","coordinates":[[-57.541621,-25.238852],[-57.541231,-25.238314],[-57.540836,-25.237609]]}},{"type":"Feature","properties":{"nombre":null},"geometry":{"type":"LineString","coordinates":[[-57.534365,-25.241452],[-57.534292,-25.241327],[-57.534236,-25.241307],[-57.533735,-25.241513]]}},{"type":"Feature","properties":{"nombre":null},"geometry":{"type":"LineString","coordinates":[[-57.539146,-25.239368],[-57.539357,-25.239206]]}},{"type":"Feature","properties":{"nombre":null},"geometry":{"type":"LineString","coordinates":[[-57.539072,-25.243422],[-57.538277,-25.243881],[-57.537375,-25.244367]]}},{"type":"Feature","properties":{"nombre":null},"geometry":{"type":"LineString","coordinates":[[-57.537692,-25.240076],[-57.537634,-25.240123]]}},{"type":"Feature","properties":{"nombre":null},"geometry":{"type":"LineString","coordinates":[[-57.533517,-25.25],[-57.533412,-25.249881],[-57.533333,-25.249832]]}},{"type":"Feature","properties":{"nombre":null},"geometry":{"type":"LineString","coordinates":[[-57.540405,-25.248633],[-57.53958,-25.249181]]}},{"type":"Feature","properties":{"nombre":null},"geometry":{"type":"LineString","coordinates":[[-57.536632,-25.249335],[-57.536391,-25.249493]]}},{"type":"Feature","properties":{"nombre":null},"geometry":{"type":"LineString","coordinates":[[-57.53753,-25.244445],[-57.536259,-25.245136],[-57.535978,-25.245318]]}},{"type":"Feature","properties":{"nombre":null},"geometry":{"type":"LineString","coordinates":[[-57.541385,-25.248428],[-57.541414,-25.248479]]}},{"type":"Feature","properties":{"nombre":null},"geometry":{"type":"LineString","coordinates":[[-57.541493,-25.248425],[-57.541465,-25.248378]]}},{"type":"Feature","properties":{"nombre":null},"geometry":{"type":"LineString","coordinates":[[-57.532775,-25.238366],[-57.532354,-25.238609]]}},{"type":"Feature","properties":{"nombre":null},"geometry":{"type":"LineString","coordinates":[[-57.531888,-25.239725],[-57.532004,-25.239628],[-57.532196,-25.239579],[-57.532676,-25.23934]]}},{"type":"Feature","properties":{"nombre":null},"geometry":{"type":"LineString","coordinates":[[-57.527331,-25.244342],[-57.527323,-25.244444]]}},{"type":"Feature","properties":{"nombre":null},"geometry":{"type":"LineString","coordinates":[[-57.532353,-25.244181],[-57.532295,-25.244249]]}},{"type":"Feature","properties":{"nombre":null},"geometry":{"type":"LineString","coordinates":[[-57.530545,-25.239694],[-57.530164,-25.239912]]}},{"type":"Feature","properties":{"nombre":null},"geometry":{"type":"LineString","coordinates":[[-57.532803,-25.244008],[-57.53285,-25.243902]]}},{"type":"Feature","properties":{"nombre":null},"geometry":{"type":"LineString","coordinates":[[-57.531792,-25.241898],[-57.531421,-25.242049]]}},{"type":"Feature","properties":{"nombre":null},"geometry":{"type":"LineString","coordinates":[[-57.532198,-25.242086],[-57.532042,-25.242135],[-57.531986,-25.242234]]}},{"type":"Feature","properties":{"nombre":"ARROYO YTAY"},"geometry":{"type":"LineString","coordinates":[[-57.532879,-25.25],[-57.532982,-25.249571],[-57.532952,-25.249398],[-57.532961,-25.249309],[-57.532916,-25.249102],[-57.532762,-25.248834],[-57.532549,-25.248709],[-57.531955,-25.248712],[-57.531617,-25.248659],[-57.531456,-25.248616],[-57.531369,-25.248568],[-57.531103,-25.248296],[-57.530924,-25.248055],[-57.530851,-25.247918],[-57.530705,-25.247482],[-57.530585,-25.247224],[-57.530254,-25.246919],[-57.530058,-25.246881],[-57.529922,-25.246903],[-57.529691,-25.247077],[-57.52951,-25.247136],[-57.529296,-25.247151],[-57.529162,-25.24709],[-57.529118,-25.247016],[-57.529105,-25.24665],[-57.52914,-25.245967],[-57.529016,-25.245795],[-57.528937,-25.245738],[-57.528884,-25.245661],[-57.528771,-25.245585],[-57.528575,-25.24538],[-57.528025,-25.244895],[-57.527743,-25.244725],[-57.527646,-25.244636],[-57.527399,-25.244552],[-57.527292,-25.244562],[-57.526839,-25.244455],[-57.526668,-25.244449],[-57.52654,-25.244475],[-57.526367,-25.244575],[-57.526058,-25.244638],[-57.525867,-25.244596],[-57.525659,-25.244444]]}},{"type":"Feature","properties":{"nombre":null},"geometry":{"type":"LineString","coordinates":[[-57.528561,-25.244444],[-57.529213,-25.245345],[-57.52922,-25.245382]]}},{"type":"Feature","properties":{"nombre":null},"geometry":{"type":"LineString","coordinates":[[-57.529656,-25.245786],[-57.529182,-25.245812],[-57.529115,-25.245845]]}},{"type":"Feature","properties":{"nombre":null},"geometry":{"type":"LineString","coordinates":[[-57.529103,-25.245084],[-57.528647,-25.244445]]}},{"type":"Feature","properties":{"nombre":null},"geometry":{"type":"LineString","coordinates":[[-57.5327,-25.247711],[-57.532496,-25.247556],[-57.532393,-25.247513],[-57.53231,-25.247516],[-57.532137,-25.247596],[-57.53184,-25.247798],[-57.531538,-25.247923],[-57.531304,-25.247977],[-57.531226,-25.247975],[-57.531167,-25.247947],[-57.531103,-25.247959],[-57.53107,-25.248002],[-57.531158,-25.248111],[-57.531164,-25.248209],[-57.531154,-25.248267],[-57.531109,-25.248302]]}},{"type":"Feature","properties":{"nombre":null},"geometry":{"type":"LineString","coordinates":[[-57.542302,-25.254434],[-57.542627,-25.254311]]}},{"type":"Feature","properties":{"nombre":null},"geometry":{"type":"LineString","coordinates":[[-57.542559,-25.254254],[-57.542268,-25.254364]]}},{"type":"Feature","properties":{"nombre":null},"geometry":{"type":"LineString","coordinates":[[-57.542231,-25.25397],[-57.542104,-25.254021]]}},{"type":"Feature","properties":{"nombre":null},"geometry":{"type":"LineString","coordinates":[[-57.544588,-25.25497],[-57.544631,-25.254982],[-57.544621,-25.255067],[-57.544456,-25.255333]]}},{"type":"Feature","properties":{"nombre":null},"geometry":{"type":"LineString","coordinates":[[-57.544744,-25.254797],[-57.544631,-25.254982]]}},{"type":"Feature","properties":{"nombre":null},"geometry":{"type":"LineString","coordinates":[[-57.548949,-25.257235],[-57.548851,-25.257243],[-57.548605,-25.257269],[-57.548952,-25.257215],[-57.548949,-25.257235]]}},{"type":"Feature","properties":{"nombre":null},"geometry":{"type":"LineString","coordinates":[[-57.548932,-25.256994],[-57.548834,-25.256998],[-57.548747,-25.256969],[-57.548255,-25.257081],[-57.548113,-25.257085],[-57.547534,-25.257179],[-57.547414,-25.257213],[-57.545019,-25.257605],[-57.544278,-25.257746],[-57.544091,-25.257758],[-57.543627,-25.257857],[-57.541667,-25.258184]]}},{"type":"Feature","properties":{"nombre":null},"geometry":{"type":"LineString","coordinates":[[-57.542144,-25.257952],[-57.542143,-25.257846]]}},{"type":"Feature","properties":{"nombre":null},"geometry":{"type":"LineString","coordinates":[[-57.546044,-25.270986],[-57.546041,-25.271006],[-57.546018,-25.271006],[-57.546022,-25.270971],[-57.546045,-25.27098]]}},{"type":"Feature","properties":{"nombre":null},"geometry":{"type":"LineString","coordinates":[[-57.54567,-25.271316],[-57.545837,-25.271302]]}},{"type":"Feature","properties":{"nombre":null},"geometry":{"type":"LineString","coordinates":[[-57.545941,-25.271316],[-57.545981,-25.271326]]}},{"type":"Feature","properties":{"nombre":null},"geometry":{"type":"LineString","coordinates":[[-57.54447,-25.270264],[-57.544506,-25.269222]]}},{"type":"Feature","properties":{"nombre":null},"geometry":{"type":"LineString","coordinates":[[-57.544344,-25.267877],[-57.544344,-25.267936],[-57.54439,-25.268039],[-57.544393,-25.268136],[-57.544255,-25.268378]]}},{"type":"Feature","properties":{"nombre":null},"geometry":{"type":"LineString","coordinates":[[-57.547664,-25.272211],[-57.547612,-25.272146]]}},{"type":"Feature","properties":{"nombre":null},"geometry":{"type":"LineString","coordinates":[[-57.547243,-25.271649],[-57.547127,-25.271428],[-57.547052,-25.271346]]}},{"type":"Feature","properties":{"nombre":null},"geometry":{"type":"LineString","coordinates":[[-57.546052,-25.269308],[-57.54597,-25.269704],[-57.546004,-25.269709]]}},{"type":"Feature","properties":{"nombre":null},"geometry":{"type":"LineString","coordinates":[[-57.546589,-25.26683],[-57.546627,-25.266667]]}},{"type":"Feature","properties":{"nombre":null},"geometry":{"type":"LineString","coordinates":[[-57.549149,-25.273603],[-57.548988,-25.273416]]}},{"type":"Feature","properties":{"nombre":null},"geometry":{"type":"LineString","coordinates":[[-57.545684,-25.273309],[-57.54564,-25.27352],[-57.545591,-25.273534],[-57.54564,-25.273317],[-57.545684,-25.273309]]}},{"type":"Feature","properties":{"nombre":null},"geometry":{"type":"LineString","coordinates":[[-57.547278,-25.276089],[-57.547305,-25.27622]]}},{"type":"Feature","properties":{"nombre":null},"geometry":{"type":"LineString","coordinates":[[-57.55,-25.274773],[-57.549761,-25.27453],[-57.5495,-25.274203],[-57.549337,-25.27404]]}},{"type":"Feature","properties":{"nombre":null},"geometry":{"type":"LineString","coordinates":[[-57.546095,-25.275457],[-57.54705,-25.275723]]}},{"type":"Feature","properties":{"nombre":null},"geometry":{"type":"LineString","coordinates":[[-57.549303,-25.278068],[-57.549255,-25.277778]]}},{"type":"Feature","properties":{"nombre":null},"geometry":{"type":"LineString","coordinates":[[-57.54818,-25.27979],[-57.547209,-25.280235]]}},{"type":"Feature","properties":{"nombre":null},"geometry":{"type":"LineString","coordinates":[[-57.545548,-25.294288],[-57.54527,-25.294227],[-57.545199,-25.294286],[-57.545172,-25.294352]]}},{"type":"Feature","properties":{"nombre":null},"geometry":{"type":"LineString","coordinates":[[-57.603803,-25.272117],[-57.60393,-25.271793]]}},{"type":"Feature","properties":{"nombre":null},"geometry":{"type":"LineString","coordinates":[[-57.5453,-25.293181],[-57.545364,-25.293022],[-57.545342,-25.292935],[-57.545286,-25.292889],[-57.545135,-25.292852],[-57.545,-25.29288],[-57.544883,-25.292933],[-57.544769,-25.292945],[-57.544644,-25.292912],[-57.544568,-25.292837]]}},{"type":"Feature","properties":{"nombre":null},"geometry":{"type":"LineString","coordinates":[[-57.544481,-25.294122],[-57.544313,-25.294115],[-57.544277,-25.294075],[-57.544274,-25.294015]]}},{"type":"Feature","properties":{"nombre":null},"geometry":{"type":"LineString","coordinates":[[-57.543701,-25.294444],[-57.543663,-25.294366],[-57.543655,-25.294279],[-57.543718,-25.294115]]}},{"type":"Feature","properties":{"nombre":null},"geometry":{"type":"LineString","coordinates":[[-57.549209,-25.289654],[-57.549222,-25.289604],[-57.549183,-25.289531],[-57.549187,-25.289427],[-57.549145,-25.2893],[-57.549147,-25.289203],[-57.549071,-25.288941]]}},{"type":"Feature","properties":{"nombre":"ARROYO YTAY"},"geometry":{"type":"LineString","coordinates":[[-57.535417,-25.252674],[-57.533876,-25.2526],[-57.533619,-25.252559],[-57.533642,-25.252372],[-57.533613,-25.252216],[-57.533628,-25.252033],[-57.533606,-25.251866],[-57.533688,-25.251296],[-57.533779,-25.250939],[-57.533776,-25.250847],[-57.533706,-25.250545],[-57.533642,-25.250449],[-57.533591,-25.250414],[-57.533333,-25.25033]]}},{"type":"Feature","properties":{"nombre":null},"geometry":{"type":"LineString","coordinates":[[-57.540307,-25.25188],[-57.539866,-25.252081],[-57.539856,-25.252058],[-57.540301,-25.251863],[-57.540307,-25.25188]]}},{"type":"Feature","properties":{"nombre":null},"geometry":{"type":"LineString","coordinates":[[-57.536896,-25.251114],[-57.53683,-25.251041],[-57.536804,-25.251057]]}},{"type":"Feature","properties":{"nombre":null},"geometry":{"type":"LineString","coordinates":[[-57.535069,-25.251828],[-57.534995,-25.251831],[-57.53465,-25.251957],[-57.534374,-25.2519],[-57.534248,-25.251923],[-57.534202,-25.251982],[-57.534198,-25.252045],[-57.53421,-25.25207],[-57.534267,-25.252085],[-57.534258,-25.252112],[-57.534023,-25.252195],[-57.533903,-25.252259],[-57.533802,-25.25235],[-57.533639,-25.252399]]}},{"type":"Feature","properties":{"nombre":null},"geometry":{"type":"LineString","coordinates":[[-57.535342,-25.253836],[-57.535135,-25.253882],[-57.534314,-25.254149],[-57.534067,-25.254205],[-57.534053,-25.254233]]}},{"type":"Feature","properties":{"nombre":null},"geometry":{"type":"LineString","coordinates":[[-57.53557,-25.254817],[-57.535615,-25.254795]]}},{"type":"Feature","properties":{"nombre":null},"geometry":{"type":"LineString","coordinates":[[-57.535656,-25.254782],[-57.5357,-25.254774]]}},{"type":"Feature","properties":{"nombre":null},"geometry":{"type":"LineString","coordinates":[[-57.536924,-25.252099],[-57.537023,-25.252299]]}},{"type":"Feature","properties":{"nombre":null},"geometry":{"type":"LineString","coordinates":[[-57.535176,-25.251962],[-57.535458,-25.252668]]}},{"type":"Feature","properties":{"nombre":null},"geometry":{"type":"LineString","coordinates":[[-57.534401,-25.252686],[-57.53551,-25.253087]]}},{"type":"Feature","properties":{"nombre":null},"geometry":{"type":"LineString","coordinates":[[-57.541536,-25.258058],[-57.538277,-25.258621]]}},{"type":"Feature","properties":{"nombre":null},"geometry":{"type":"LineString","coordinates":[[-57.536754,-25.260789],[-57.536668,-25.260549],[-57.536409,-25.260016],[-57.536405,-25.259923],[-57.53644,-25.259857]]}},{"type":"Feature","properties":{"nombre":null},"geometry":{"type":"LineString","coordinates":[[-57.544481,-25.294122],[-57.544313,-25.294115],[-57.544277,-25.294075],[-57.544274,-25.294015]]}},{"type":"Feature","properties":{"nombre":null},"geometry":{"type":"LineString","coordinates":[[-57.547442,-25.290284],[-57.547543,-25.290214],[-57.547533,-25.290114]]}},{"type":"Feature","properties":{"nombre":null},"geometry":{"type":"LineString","coordinates":[[-57.541667,-25.288954],[-57.541579,-25.289113],[-57.541598,-25.289298],[-57.541667,-25.289375]]}},{"type":"Feature","properties":{"nombre":null},"geometry":{"type":"LineString","coordinates":[[-57.53786,-25.255556],[-57.538039,-25.256551],[-57.538078,-25.256686],[-57.538143,-25.256808],[-57.538153,-25.257143],[-57.538134,-25.25722],[-57.538045,-25.25728],[-57.537645,-25.257306],[-57.537475,-25.257241],[-57.537356,-25.257069],[-57.537203,-25.256959],[-57.53712,-25.256856],[-57.537015,-25.256793]]}},{"type":"Feature","properties":{"nombre":null},"geometry":{"type":"LineString","coordinates":[[-57.541061,-25.287005],[-57.541078,-25.286938]]}},{"type":"Feature","properties":{"nombre":null},"geometry":{"type":"LineString","coordinates":[[-57.541108,-25.286836],[-57.541167,-25.286643],[-57.5413,-25.286402],[-57.541286,-25.286361],[-57.541091,-25.286173]]}},{"type":"Feature","properties":{"nombre":null},"geometry":{"type":"LineString","coordinates":[[-57.589428,-25.333739],[-57.589291,-25.333857],[-57.589137,-25.333888],[-57.588986,-25.333987]]}},{"type":"Feature","properties":{"nombre":null},"geometry":{"type":"LineString","coordinates":[[-57.588993,-25.33401],[-57.58928,-25.333895],[-57.589441,-25.333755]]}},{"type":"Feature","properties":{"nombre":null},"geometry":{"type":"LineString","coordinates":[[-57.591497,-25.333333],[-57.591613,-25.333404],[-57.591667,-25.333493]]}},{"type":"Feature","properties":{"nombre":null},"geometry":{"type":"LineString","coordinates":[[-57.591667,-25.333521],[-57.591597,-25.33341],[-57.591454,-25.333333]]}},{"type":"Feature","properties":{"nombre":null},"geometry":{"type":"LineString","coordinates":[[-57.591181,-25.334091],[-57.591667,-25.333897]]}},{"type":"Feature","properties":{"nombre":null},"geometry":{"type":"LineString","coordinates":[[-57.570433,-25.326988],[-57.570546,-25.326865]]}},{"type":"Feature","properties":{"nombre":null},"geometry":{"type":"LineString","coordinates":[[-57.566667,-25.320642],[-57.566643,-25.320665]]}},{"type":"Feature","properties":{"nombre":null},"geometry":{"type":"LineString","coordinates":[[-57.566667,-25.321576],[-57.566334,-25.321349],[-57.566322,-25.321306],[-57.566108,-25.321092],[-57.56599,-25.321008],[-57.565865,-25.32083]]}},{"type":"Feature","properties":{"nombre":null},"geometry":{"type":"LineString","coordinates":[[-57.554264,-25.307133],[-57.554246,-25.307338],[-57.554264,-25.307505],[-57.55435,-25.307728],[-57.554443,-25.307866],[-57.554483,-25.308031],[-57.554988,-25.308515],[-57.554946,-25.308517],[-57.554897,-25.308468],[-57.554893,-25.3085]]}},{"type":"Feature","properties":{"nombre":null},"geometry":{"type":"LineString","coordinates":[[-57.55429,-25.306991],[-57.554312,-25.306957],[-57.554853,-25.306648]]}},{"type":"Feature","properties":{"nombre":null},"geometry":{"type":"LineString","coordinates":[[-57.555924,-25.308545],[-57.555688,-25.308533]]}},{"type":"Feature","properties":{"nombre":null},"geometry":{"type":"LineString","coordinates":[[-57.558308,-25.314786],[-57.558333,-25.314781]]}},{"type":"Feature","properties":{"nombre":null},"geometry":{"type":"LineString","coordinates":[[-57.558333,-25.314897],[-57.558167,-25.314995],[-57.558134,-25.314957],[-57.558116,-25.314968],[-57.558089,-25.314897],[-57.558132,-25.314872],[-57.558006,-25.314694],[-57.558173,-25.314596],[-57.558333,-25.314822]]}},{"type":"Feature","properties":{"nombre":null},"geometry":{"type":"LineString","coordinates":[[-57.558301,-25.314777],[-57.558173,-25.314596],[-57.558199,-25.31458],[-57.55833,-25.31476],[-57.558301,-25.314777]]}},{"type":"Feature","properties":{"nombre":null},"geometry":{"type":"LineString","coordinates":[[-57.541846,-25.288889],[-57.541667,-25.288954]]}},{"type":"Feature","properties":{"nombre":null},"geometry":{"type":"LineString","coordinates":[[-57.544831,-25.292788],[-57.544575,-25.292827]]}},{"type":"Feature","properties":{"nombre":null},"geometry":{"type":"LineString","coordinates":[[-57.529103,-25.245084],[-57.528647,-25.244445]]}},{"type":"Feature","properties":{"nombre":null},"geometry":{"type":"LineString","coordinates":[[-57.530527,-25.244535],[-57.530468,-25.244556],[-57.530291,-25.244508],[-57.530094,-25.244671]]}},{"type":"Feature","properties":{"nombre":null},"geometry":{"type":"LineString","coordinates":[[-57.530871,-25.246082],[-57.530329,-25.24651],[-57.530283,-25.246518]]}},{"type":"Feature","properties":{"nombre":null},"geometry":{"type":"LineString","coordinates":[[-57.527447,-25.244444],[-57.527315,-25.244518]]}},{"type":"Feature","properties":{"nombre":"ARROYO YTAY"},"geometry":{"type":"LineString","coordinates":[[-57.532879,-25.25],[-57.532982,-25.249571],[-57.532952,-25.249398],[-57.532961,-25.249309],[-57.532916,-25.249102],[-57.532762,-25.248834],[-57.532549,-25.248709],[-57.531955,-25.248712],[-57.531617,-25.248659],[-57.531456,-25.248616],[-57.531369,-25.248568],[-57.531103,-25.248296],[-57.530924,-25.248055],[-57.530851,-25.247918],[-57.530705,-25.247482],[-57.530585,-25.247224],[-57.530254,-25.246919],[-57.530058,-25.246881],[-57.529922,-25.246903],[-57.529691,-25.247077],[-57.52951,-25.247136],[-57.529296,-25.247151],[-57.529162,-25.24709],[-57.529118,-25.247016],[-57.529105,-25.24665],[-57.52914,-25.245967],[-57.529016,-25.245795],[-57.528937,-25.245738],[-57.528884,-25.245661],[-57.528771,-25.245585],[-57.528575,-25.24538],[-57.528025,-25.244895],[-57.527743,-25.244725],[-57.527646,-25.244636],[-57.527399,-25.244552],[-57.527292,-25.244562],[-57.526839,-25.244455],[-57.526668,-25.244449],[-57.52654,-25.244475],[-57.526367,-25.244575],[-57.526058,-25.244638],[-57.525867,-25.244596],[-57.525659,-25.244444]]}},{"type":"Feature","properties":{"nombre":null},"geometry":{"type":"LineString","coordinates":[[-57.541673,-25.277376],[-57.541779,-25.277437],[-57.541788,-25.277512],[-57.541751,-25.277561],[-57.541667,-25.277596]]}},{"type":"Feature","properties":{"nombre":"ARROYO YTAY"},"geometry":{"type":"LineString","coordinates":[[-57.542565,-25.272222],[-57.54266,-25.272408],[-57.542763,-25.272757],[-57.542766,-25.27299],[-57.542736,-25.273177],[-57.542674,-25.273312],[-57.542736,-25.273664],[-57.542805,-25.273707],[-57.542828,-25.273756],[-57.542821,-25.273832],[-57.542854,-25.273878],[-57.542853,-25.273918],[-57.542799,-25.274001],[-57.542796,-25.274172],[-57.542831,-25.274218],[-57.542885,-25.274245],[-57.54312,-25.27425],[-57.543343,-25.274324],[-57.543517,-25.274433],[-57.543966,-25.274618],[-57.544031,-25.274665],[-57.544389,-25.27477],[-57.54451,-25.274846],[-57.544613,-25.274872],[-57.544676,-25.274871],[-57.544748,-25.274831],[-57.545016,-25.274586],[-57.545062,-25.274571]]}},{"type":"Feature","properties":{"nombre":null},"geometry":{"type":"LineString","coordinates":[[-57.541667,-25.277373],[-57.541673,-25.277376]]}},{"type":"Feature","properties":{"nombre":null},"geometry":{"type":"LineString","coordinates":[[-57.549521,-25.273996],[-57.549442,-25.273914]]}},{"type":"Feature","properties":{"nombre":null},"geometry":{"type":"LineString","coordinates":[[-57.548767,-25.273431],[-57.548711,-25.273361]]}},{"type":"Feature","properties":{"nombre":null},"geometry":{"type":"LineString","coordinates":[[-57.547576,-25.276077],[-57.547573,-25.27609],[-57.547569,-25.27609],[-57.547572,-25.276076],[-57.547576,-25.276077]]}},{"type":"Feature","properties":{"nombre":null},"geometry":{"type":"LineString","coordinates":[[-57.547381,-25.276024],[-57.547368,-25.27602],[-57.547364,-25.276029],[-57.547377,-25.276033],[-57.547381,-25.276024]]}},{"type":"Feature","properties":{"nombre":null},"geometry":{"type":"LineString","coordinates":[[-57.549861,-25.272816],[-57.55,-25.272719]]}},{"type":"Feature","properties":{"nombre":null},"geometry":{"type":"LineString","coordinates":[[-57.549858,-25.274647],[-57.549783,-25.274568]]}},{"type":"Feature","properties":{"nombre":null},"geometry":{"type":"LineString","coordinates":[[-57.54392,-25.272996],[-57.542809,-25.272782]]}},{"type":"Feature","properties":{"nombre":null},"geometry":{"type":"LineString","coordinates":[[-57.544535,-25.275259],[-57.544542,-25.275335],[-57.544676,-25.275382]]}},{"type":"Feature","properties":{"nombre":null},"geometry":{"type":"LineString","coordinates":[[-57.544639,-25.274987],[-57.544646,-25.274938]]}},{"type":"Feature","properties":{"nombre":null},"geometry":{"type":"LineString","coordinates":[[-57.548401,-25.276302],[-57.54836,-25.276292],[-57.548355,-25.276311],[-57.548396,-25.276321],[-57.548401,-25.276302]]}},{"type":"Feature","properties":{"nombre":"ARROYO YTAY"},"geometry":{"type":"LineString","coordinates":[[-57.548451,-25.286798],[-57.548551,-25.287107],[-57.548595,-25.287386],[-57.548871,-25.288184],[-57.548939,-25.288445]]}},{"type":"Feature","properties":{"nombre":null},"geometry":{"type":"LineString","coordinates":[[-57.543935,-25.28708],[-57.542998,-25.287291],[-57.543107,-25.287669]]}},{"type":"Feature","properties":{"nombre":null},"geometry":{"type":"LineString","coordinates":[[-57.544101,-25.287717],[-57.544025,-25.287438]]}},{"type":"Feature","properties":{"nombre":null},"geometry":{"type":"LineString","coordinates":[[-57.543011,-25.286402],[-57.542877,-25.28591],[-57.543102,-25.285857]]}},{"type":"Feature","properties":{"nombre":null},"geometry":{"type":"LineString","coordinates":[[-57.54961,-25.291107],[-57.549535,-25.290785],[-57.549537,-25.290664],[-57.549499,-25.290578]]}},{"type":"Feature","properties":{"nombre":null},"geometry":{"type":"LineString","coordinates":[[-57.545869,-25.292729],[-57.545634,-25.292742],[-57.545538,-25.292721],[-57.545494,-25.292667],[-57.54528,-25.292693],[-57.545043,-25.292772],[-57.544894,-25.292788]]}},{"type":"Feature","properties":{"nombre":null},"geometry":{"type":"LineString","coordinates":[[-57.545832,-25.293779],[-57.545862,-25.293535],[-57.545896,-25.293461],[-57.545839,-25.293337],[-57.545739,-25.293331],[-57.545772,-25.293197],[-57.54573,-25.293077],[-57.545745,-25.292966],[-57.545635,-25.292909],[-57.545603,-25.292833],[-57.545484,-25.292826],[-57.545449,-25.292726],[-57.545402,-25.292674]]}},{"type":"Feature","properties":{"nombre":null},"geometry":{"type":"LineString","coordinates":[[-57.541084,-25.263218],[-57.540866,-25.263214],[-57.540764,-25.26319],[-57.540675,-25.263117],[-57.540603,-25.263013],[-57.540642,-25.262856],[-57.540619,-25.262833],[-57.540493,-25.262831],[-57.540415,-25.262761],[-57.540301,-25.262718],[-57.540076,-25.262714],[-57.539964,-25.262622]]}},{"type":"Feature","properties":{"nombre":null},"geometry":{"type":"LineString","coordinates":[[-57.54072,-25.263149],[-57.540889,-25.263176],[-57.540955,-25.263159],[-57.540988,-25.263175],[-57.541093,-25.263169]]}},{"type":"Feature","properties":{"nombre":null},"geometry":{"type":"LineString","coordinates":[[-57.5386,-25.261418],[-57.538422,-25.261428],[-57.538295,-25.261485],[-57.538191,-25.261561]]}},{"type":"Feature","properties":{"nombre":"ARROYO YTAY"},"geometry":{"type":"LineString","coordinates":[[-57.541667,-25.269943],[-57.541515,-25.269676],[-57.541469,-25.269637],[-57.541403,-25.26965],[-57.541374,-25.26963],[-57.541353,-25.269532],[-57.541241,-25.269381],[-57.541111,-25.269272],[-57.54113,-25.269278],[-57.541071,-25.269158],[-57.540945,-25.268983],[-57.540949,-25.268933],[-57.54089,-25.26884],[-57.540827,-25.268653],[-57.540777,-25.268626],[-57.540749,-25.268577],[-57.540765,-25.26856],[-57.54041,-25.267968],[-57.540322,-25.267752],[-57.540036,-25.267228],[-57.539965,-25.267015],[-57.539859,-25.266857],[-57.539746,-25.266802],[-57.539746,-25.266745],[-57.539671,-25.266667]]}},{"type":"Feature","properties":{"nombre":null},"geometry":{"type":"LineString","coordinates":[[-57.541667,-25.269832],[-57.541588,-25.269803]]}},{"type":"Feature","properties":{"nombre":null},"geometry":{"type":"LineString","coordinates":[[-57.541667,-25.277596],[-57.541401,-25.277778]]}},{"type":"Feature","properties":{"nombre":null},"geometry":{"type":"LineString","coordinates":[[-57.541401,-25.277778],[-57.54136,-25.277844],[-57.541355,-25.277939],[-57.541506,-25.278099],[-57.541542,-25.278233],[-57.541544,-25.27843],[-57.541466,-25.278568],[-57.541463,-25.278626],[-57.541528,-25.278832],[-57.541599,-25.278951],[-57.541571,-25.279083],[-57.541569,-25.279244],[-57.54161,-25.279371],[-57.541463,-25.279713],[-57.541443,-25.280086],[-57.541402,-25.280169],[-57.541407,-25.280273],[-57.541254,-25.280558],[-57.541134,-25.280621],[-57.540879,-25.2807],[-57.540767,-25.280795],[-57.540766,-25.280858],[-57.540665,-25.28115],[-57.540535,-25.281458],[-57.540544,-25.281627],[-57.540603,-25.281765],[-57.540643,-25.281958],[-57.540779,-25.282249],[-57.540873,-25.282677],[-57.540948,-25.282799],[-57.541065,-25.283084],[-57.541101,-25.283333]]}},{"type":"Feature","properties":{"nombre":null},"geometry":{"type":"LineString","coordinates":[[-57.541061,-25.287005],[-57.541077,-25.28709],[-57.541291,-25.287264],[-57.54133,-25.287366],[-57.541373,-25.28762],[-57.541302,-25.287745],[-57.541301,-25.287965],[-57.541319,-25.288014],[-57.541464,-25.288052],[-57.541605,-25.288071],[-57.541641,-25.288057],[-57.541613,-25.288372],[-57.541667,-25.288521]]}},{"type":"Feature","properties":{"nombre":null},"geometry":{"type":"LineString","coordinates":[[-57.541667,-25.288051],[-57.541641,-25.288067]]}},{"type":"Feature","properties":{"nombre":null},"geometry":{"type":"LineString","coordinates":[[-57.541061,-25.287005],[-57.541167,-25.286643],[-57.5413,-25.28642],[-57.541286,-25.286361],[-57.541091,-25.286173]]}},{"type":"Feature","properties":{"nombre":null},"geometry":{"type":"LineString","coordinates":[[-57.667059,-25.288636],[-57.667072,-25.28858]]}},{"type":"Feature","properties":{"nombre":null},"geometry":{"type":"LineString","coordinates":[[-57.670415,-25.294339],[-57.67038,-25.294444]]}},{"type":"Feature","properties":{"nombre":null},"geometry":{"type":"LineString","coordinates":[[-57.669137,-25.288906],[-57.669172,-25.288923],[-57.669139,-25.288892]]}},{"type":"Feature","properties":{"nombre":null},"geometry":{"type":"LineString","coordinates":[[-57.67038,-25.294444],[-57.67031,-25.29485],[-57.670316,-25.295014]]}},{"type":"Feature","properties":{"nombre":null},"geometry":{"type":"LineString","coordinates":[[-57.654487,-25.27477],[-57.654563,-25.274781],[-57.654586,-25.274806],[-57.654555,-25.274835],[-57.654592,-25.274828],[-57.65461,-25.274889],[-57.6545,-25.274889],[-57.654477,-25.27491],[-57.654452,-25.274889],[-57.654419,-25.274854],[-57.654418,-25.274798],[-57.654487,-25.27477]]}},{"type":"Feature","properties":{"nombre":null},"geometry":{"type":"LineString","coordinates":[[-57.655827,-25.282228],[-57.655816,-25.282223],[-57.655796,-25.282137],[-57.655807,-25.282134],[-57.655827,-25.282228]]}},{"type":"Feature","properties":{"nombre":null},"geometry":{"type":"LineString","coordinates":[[-57.656027,-25.281288],[-57.655942,-25.281632]]}},{"type":"Feature","properties":{"nombre":null},"geometry":{"type":"LineString","coordinates":[[-57.647459,-25.281667],[-57.647477,-25.281893],[-57.647631,-25.282763],[-57.647627,-25.282793],[-57.647531,-25.282865],[-57.647505,-25.282825],[-57.647558,-25.282783],[-57.647575,-25.282719],[-57.647385,-25.281559],[-57.647459,-25.281667]]}},{"type":"Feature","properties":{"nombre":null},"geometry":{"type":"LineString","coordinates":[[-57.610692,-25.295348],[-57.610797,-25.29547],[-57.6109,-25.295488],[-57.610974,-25.295441],[-57.610965,-25.295382]]}},{"type":"Feature","properties":{"nombre":null},"geometry":{"type":"LineString","coordinates":[[-57.602878,-25.268192],[-57.603129,-25.26837]]}},{"type":"Feature","properties":{"nombre":"ARROYO MBURICAO SUR"},"geometry":{"type":"LineString","coordinates":[[-57.651941,-25.296193],[-57.652073,-25.296196],[-57.652188,-25.296263],[-57.65223,-25.296386],[-57.652231,-25.296556],[-57.652523,-25.296993],[-57.652555,-25.297023],[-57.65271,-25.297054],[-57.652827,-25.297112],[-57.6529,-25.29719],[-57.652929,-25.297262],[-57.652922,-25.297311],[-57.652952,-25.297349],[-57.653215,-25.297361],[-57.653405,-25.297507],[-57.653569,-25.29771],[-57.653601,-25.297785],[-57.653617,-25.297925],[-57.653722,-25.298063],[-57.653846,-25.298178],[-57.654062,-25.298299],[-57.654106,-25.298362],[-57.6544,-25.29863],[-57.654651,-25.29863],[-57.654806,-25.298542],[-57.654968,-25.298503],[-57.655097,-25.298501],[-57.655249,-25.298551],[-57.655618,-25.298455],[-57.655708,-25.298462],[-57.655813,-25.298425],[-57.65588,-25.298372],[-57.655988,-25.29835],[-57.656137,-25.298185]]}},{"type":"Feature","properties":{"nombre":null},"geometry":{"type":"LineString","coordinates":[[-57.667756,-25.303074],[-57.667594,-25.303173],[-57.667608,-25.303225],[-57.667664,-25.303283],[-57.667696,-25.303282],[-57.66774,-25.303243],[-57.667844,-25.303278],[-57.667954,-25.303251],[-57.66802,-25.303156],[-57.66796,-25.303034],[-57.668078,-25.303035],[-57.668002,-25.302972],[-57.667936,-25.303],[-57.667875,-25.302975],[-57.667842,-25.302984],[-57.667829,-25.303019],[-57.667756,-25.303074]]}},{"type":"Feature","properties":{"nombre":null},"geometry":{"type":"LineString","coordinates":[[-57.666667,-25.300685],[-57.666838,-25.300707]]}},{"type":"Feature","properties":{"nombre":null},"geometry":{"type":"LineString","coordinates":[[-57.667415,-25.319702],[-57.667257,-25.319956],[-57.667155,-25.320244],[-57.66706,-25.320415],[-57.66677,-25.320733],[-57.666667,-25.320801]]}},{"type":"Feature","properties":{"nombre":"ARROYO MBURICAO SUR"},"geometry":{"type":"LineString","coordinates":[[-57.664656,-25.300307],[-57.665077,-25.30051],[-57.66511,-25.30056],[-57.665322,-25.300723],[-57.665399,-25.300889]]}},{"type":"Feature","properties":{"nombre":null},"geometry":{"type":"LineString","coordinates":[[-57.66501,-25.30609],[-57.664993,-25.30624]]}},{"type":"Feature","properties":{"nombre":null},"geometry":{"type":"LineString","coordinates":[[-57.663875,-25.312845],[-57.663828,-25.31292]]}},{"type":"Feature","properties":{"nombre":null},"geometry":{"type":"LineString","coordinates":[[-57.650802,-25.311111],[-57.650907,-25.311352],[-57.650974,-25.311444],[-57.651019,-25.311594]]}},{"type":"Feature","properties":{"nombre":null},"geometry":{"type":"LineString","coordinates":[[-57.650779,-25.311906],[-57.65089,-25.312154],[-57.651011,-25.312091],[-57.651093,-25.312089],[-57.651205,-25.312032],[-57.651255,-25.312037],[-57.651336,-25.312097],[-57.651298,-25.31226],[-57.651242,-25.312339],[-57.651251,-25.312426]]}},{"type":"Feature","properties":{"nombre":null},"geometry":{"type":"LineString","coordinates":[[-57.65,-25.274636],[-57.64982,-25.274643],[-57.649733,-25.274668],[-57.64971,-25.274697],[-57.649744,-25.274802],[-57.649809,-25.274824],[-57.65,-25.274739]]}},{"type":"Feature","properties":{"nombre":null},"geometry":{"type":"LineString","coordinates":[[-57.634842,-25.262874],[-57.63479,-25.262854],[-57.634734,-25.262793],[-57.634756,-25.262746],[-57.634745,-25.262712],[-57.634619,-25.262675],[-57.63466,-25.262624],[-57.634643,-25.262585],[-57.634567,-25.262553],[-57.634505,-25.262586],[-57.63436,-25.262602],[-57.634269,-25.26258],[-57.634202,-25.262472],[-57.634109,-25.262403],[-57.634053,-25.262281],[-57.633912,-25.262189],[-57.633842,-25.262114],[-57.633717,-25.262059],[-57.633588,-25.26196],[-57.633333,-25.261701]]}},{"type":"Feature","properties":{"nombre":null},"geometry":{"type":"LineString","coordinates":[[-57.633333,-25.277917],[-57.633333,-25.277925]]}},{"type":"Feature","properties":{"nombre":null},"geometry":{"type":"LineString","coordinates":[[-57.625,-25.259195],[-57.625105,-25.259162],[-57.625145,-25.259187],[-57.62516,-25.259231],[-57.625106,-25.259282],[-57.625098,-25.259362],[-57.625,-25.259504]]}},{"type":"Feature","properties":{"nombre":null},"geometry":{"type":"LineString","coordinates":[[-57.625,-25.262072],[-57.625052,-25.262068],[-57.625108,-25.261995],[-57.625218,-25.261929],[-57.625173,-25.261913],[-57.625105,-25.261838],[-57.625068,-25.261742],[-57.625074,-25.261697],[-57.625136,-25.261627],[-57.625105,-25.261568],[-57.625133,-25.261508],[-57.625231,-25.261388],[-57.625331,-25.26132],[-57.625459,-25.261265],[-57.625571,-25.261274],[-57.625664,-25.261244],[-57.625753,-25.261111]]}},{"type":"Feature","properties":{"nombre":null},"geometry":{"type":"LineString","coordinates":[[-57.627306,-25.268679],[-57.627283,-25.268734],[-57.627349,-25.268762],[-57.627384,-25.268727],[-57.627377,-25.268687],[-57.627341,-25.268643],[-57.627337,-25.268674],[-57.627306,-25.268679]]}},{"type":"Feature","properties":{"nombre":null},"geometry":{"type":"LineString","coordinates":[[-57.624347,-25.261111],[-57.624474,-25.26125],[-57.624507,-25.261354],[-57.624483,-25.261501],[-57.624495,-25.261611],[-57.624428,-25.261716],[-57.624513,-25.261749],[-57.624522,-25.26177],[-57.624471,-25.26189],[-57.624356,-25.262037],[-57.624328,-25.26223],[-57.624241,-25.26226],[-57.624157,-25.262321],[-57.624091,-25.262538],[-57.623885,-25.262895],[-57.623897,-25.262968],[-57.624013,-25.263007],[-57.624022,-25.26314],[-57.624058,-25.263225],[-57.624016,-25.263294],[-57.624026,-25.263363],[-57.62395,-25.263421],[-57.623895,-25.263544],[-57.623697,-25.263617],[-57.623683,-25.263678],[-57.623525,-25.263742],[-57.623496,-25.263691],[-57.623566,-25.263508],[-57.623505,-25.263453],[-57.62331,-25.26341],[-57.623304,-25.263339],[-57.623267,-25.263329],[-57.623167,-25.263361],[-57.623075,-25.263345],[-57.622948,-25.263482],[-57.62288,-25.263479],[-57.622798,-25.263419],[-57.62249,-25.263566],[-57.622382,-25.263569],[-57.622334,-25.263592],[-57.622263,-25.263557],[-57.622227,-25.263485],[-57.622198,-25.263484],[-57.622165,-25.263628],[-57.62211,-25.263645],[-57.622082,-25.263605],[-57.622081,-25.263529],[-57.622099,-25.26343],[-57.622153,-25.263333],[-57.622141,-25.263187],[-57.622081,-25.262989],[-57.621974,-25.262925],[-57.62194,-25.262857],[-57.621999,-25.262761],[-57.622037,-25.262781],[-57.622036,-25.262832],[-57.622055,-25.26284],[-57.622098,-25.262836],[-57.622143,-25.262783],[-57.622008,-25.262714],[-57.621985,-25.26253],[-57.621906,-25.262459],[-57.62194,-25.262415],[-57.622007,-25.262388],[-57.622001,-25.262343],[-57.62207,-25.262184],[-57.622066,-25.262123],[-57.621967,-25.262072],[-57.621957,-25.26198],[-57.621819,-25.261939],[-57.621789,-25.26187],[-57.621752,-25.261841],[-57.621449,-25.261799],[-57.621332,-25.261755],[-57.621294,-25.261765],[-57.621287,-25.261812],[-57.62125,-25.261849],[-57.621313,-25.262136],[-57.621249,-25.262207],[-57.621298,-25.26227],[-57.621306,-25.262359],[-57.621209,-25.262546],[-57.621226,-25.262611],[-57.621289,-25.262608],[-57.621307,-25.262777],[-57.621139,-25.263022],[-57.621018,-25.26311],[-57.621031,-25.263277],[-57.620936,-25.263331],[-57.620887,-25.263491],[-57.620932,-25.263565],[-57.620966,-25.263732]]}},{"type":"Feature","properties":{"nombre":null},"geometry":{"type":"LineString","coordinates":[[-57.624904,-25.261111],[-57.624726,-25.261268],[-57.624588,-25.261183],[-57.624552,-25.261111]]}},{"type":"Feature","properties":{"nombre":null},"geometry":{"type":"LineString","coordinates":[[-57.623547,-25.26576],[-57.62349,-25.265716],[-57.623422,-25.265721],[-57.623405,-25.265837],[-57.623459,-25.265895],[-57.623519,-25.265839],[-57.623568,-25.265831],[-57.623547,-25.26576]]}},{"type":"Feature","properties":{"nombre":null},"geometry":{"type":"LineString","coordinates":[[-57.620672,-25.277778],[-57.620606,-25.277669],[-57.620484,-25.27755],[-57.620466,-25.277471],[-57.62038,-25.277402],[-57.620419,-25.277361],[-57.620431,-25.277282],[-57.620363,-25.277211],[-57.620441,-25.277038],[-57.620466,-25.276879],[-57.620444,-25.2768],[-57.62037,-25.276757],[-57.62035,-25.276708],[-57.620369,-25.276602],[-57.620437,-25.276515],[-57.620227,-25.276335],[-57.620262,-25.276296],[-57.620379,-25.276283],[-57.620397,-25.276233],[-57.620378,-25.276212],[-57.620297,-25.276181],[-57.620208,-25.276178],[-57.620097,-25.276218],[-57.620004,-25.276285],[-57.619833,-25.276249],[-57.619718,-25.276268],[-57.619697,-25.276171],[-57.619656,-25.27621],[-57.619594,-25.276207],[-57.61954,-25.276111],[-57.619629,-25.275941],[-57.619613,-25.275863],[-57.619505,-25.275736],[-57.619228,-25.27553],[-57.619028,-25.275479],[-57.618673,-25.27544],[-57.618385,-25.27549],[-57.618274,-25.27546],[-57.618266,-25.275408],[-57.618321,-25.275282],[-57.618312,-25.275202],[-57.618078,-25.274858],[-57.618056,-25.27456],[-57.618024,-25.274484],[-57.617939,-25.274409],[-57.617905,-25.274306],[-57.617794,-25.27418],[-57.617609,-25.274046],[-57.617295,-25.273968],[-57.617175,-25.273814],[-57.61689,-25.273615],[-57.616667,-25.273406]]}},{"type":"Feature","properties":{"nombre":null},"geometry":{"type":"LineString","coordinates":[[-57.616667,-25.273286],[-57.616332,-25.273242],[-57.61623,-25.273106],[-57.616088,-25.273011],[-57.616027,-25.272942],[-57.615893,-25.272973],[-57.615833,-25.272956],[-57.615801,-25.272904],[-57.615717,-25.272911],[-57.615484,-25.272859],[-57.61529,-25.272909],[-57.615203,-25.272958],[-57.61509,-25.273067],[-57.614887,-25.273092],[-57.614746,-25.273157],[-57.614503,-25.273101],[-57.614322,-25.273016],[-57.61431,-25.272984],[-57.614376,-25.272913],[-57.614466,-25.272861],[-57.614485,-25.272858],[-57.614497,-25.272901],[-57.61454,-25.272927],[-57.614672,-25.272749],[-57.614501,-25.272628],[-57.614293,-25.272553],[-57.614037,-25.272409],[-57.613967,-25.272344],[-57.61392,-25.272222]]}},{"type":"Feature","properties":{"nombre":null},"geometry":{"type":"LineString","coordinates":[[-57.610739,-25.273643],[-57.610892,-25.273532],[-57.611238,-25.273377],[-57.611411,-25.273044]]}},{"type":"Feature","properties":{"nombre":null},"geometry":{"type":"LineString","coordinates":[[-57.608495,-25.285183],[-57.608455,-25.285243],[-57.608379,-25.285566],[-57.608333,-25.285635]]}},{"type":"Feature","properties":{"nombre":null},"geometry":{"type":"LineString","coordinates":[[-57.612968,-25.297235],[-57.612924,-25.297264]]}},{"type":"Feature","properties":{"nombre":null},"geometry":{"type":"LineString","coordinates":[[-57.60331,-25.295003],[-57.602966,-25.294938],[-57.602779,-25.294674],[-57.602561,-25.294444]]}},{"type":"Feature","properties":{"nombre":null},"geometry":{"type":"LineString","coordinates":[[-57.644139,-25.316251],[-57.644534,-25.316536]]}},{"type":"Feature","properties":{"nombre":null},"geometry":{"type":"LineString","coordinates":[[-57.64642,-25.318396],[-57.646087,-25.318569],[-57.645926,-25.318714],[-57.645586,-25.318926],[-57.645219,-25.319135],[-57.64505,-25.319183],[-57.644916,-25.319042],[-57.644597,-25.318623],[-57.644299,-25.318168],[-57.644345,-25.318082],[-57.644434,-25.318017],[-57.644681,-25.317912],[-57.644879,-25.317798],[-57.645133,-25.317733]]}},{"type":"Feature","properties":{"nombre":null},"geometry":{"type":"LineString","coordinates":[[-57.641876,-25.318275],[-57.642108,-25.318152],[-57.642145,-25.318158]]}},{"type":"Feature","properties":{"nombre":null},"geometry":{"type":"LineString","coordinates":[[-57.645496,-25.319262],[-57.645552,-25.319198],[-57.645558,-25.319145],[-57.645476,-25.319046],[-57.645476,-25.318988]]}},{"type":"Feature","properties":{"nombre":"ARROYO FERREIRA"},"geometry":{"type":"LineString","coordinates":[[-57.642734,-25.319414],[-57.642597,-25.319304],[-57.642558,-25.319204]]}},{"type":"Feature","properties":{"nombre":null},"geometry":{"type":"LineString","coordinates":[[-57.642311,-25.323005],[-57.642042,-25.323918]]}},{"type":"Feature","properties":{"nombre":null},"geometry":{"type":"LineString","coordinates":[[-57.641667,-25.324316],[-57.641855,-25.324381],[-57.641913,-25.324204]]}},{"type":"Feature","properties":{"nombre":null},"geometry":{"type":"LineString","coordinates":[[-57.644311,-25.327728],[-57.644203,-25.32774],[-57.64313,-25.327464],[-57.6435,-25.326404],[-57.643593,-25.326066]]}},{"type":"Feature","properties":{"nombre":null},"geometry":{"type":"LineString","coordinates":[[-57.642735,-25.330149],[-57.642821,-25.33026],[-57.642972,-25.330338],[-57.643252,-25.330402],[-57.643786,-25.330587],[-57.644084,-25.330741],[-57.64416,-25.330764],[-57.644302,-25.330753],[-57.644141,-25.330749],[-57.643965,-25.330649],[-57.643689,-25.330539],[-57.643259,-25.330383],[-57.642927,-25.330288],[-57.642808,-25.330197],[-57.642669,-25.329919],[-57.642493,-25.32968],[-57.642483,-25.329464],[-57.64256,-25.329185],[-57.642616,-25.329136],[-57.642695,-25.32913],[-57.642832,-25.329199],[-57.643296,-25.329287],[-57.643165,-25.32921],[-57.64293,-25.329175],[-57.642597,-25.329061],[-57.642681,-25.328711],[-57.642657,-25.328712],[-57.642568,-25.329027],[-57.642542,-25.329054],[-57.642594,-25.329108],[-57.642527,-25.329194],[-57.642449,-25.329584],[-57.642481,-25.329724],[-57.642677,-25.329994],[-57.642732,-25.330145]]}},{"type":"Feature","properties":{"nombre":null},"geometry":{"type":"LineString","coordinates":[[-57.645502,-25.331168],[-57.64543,-25.331223],[-57.645417,-25.331268],[-57.645419,-25.331577],[-57.645341,-25.33162],[-57.645424,-25.331786]]}},{"type":"Feature","properties":{"nombre":null},"geometry":{"type":"LineString","coordinates":[[-57.642997,-25.327778],[-57.642932,-25.328001],[-57.642951,-25.328],[-57.642973,-25.32793],[-57.644485,-25.328144]]}},{"type":"Feature","properties":{"nombre":null},"geometry":{"type":"LineString","coordinates":[[-57.641667,-25.343698],[-57.643598,-25.344367]]}},{"type":"Feature","properties":{"nombre":null},"geometry":{"type":"LineString","coordinates":[[-57.642664,-25.345267],[-57.643014,-25.345266],[-57.64303,-25.345541]]}},{"type":"Feature","properties":{"nombre":null},"geometry":{"type":"LineString","coordinates":[[-57.642754,-25.348746],[-57.642852,-25.34926]]}},{"type":"Feature","properties":{"nombre":"ARROYO Z. MOROTI"},"geometry":{"type":"LineString","coordinates":[[-57.636429,-25.308075],[-57.636513,-25.308145],[-57.636576,-25.308319],[-57.636621,-25.308363]]}},{"type":"Feature","properties":{"nombre":"ARROYO Z. MOROTI"},"geometry":{"type":"LineString","coordinates":[[-57.636316,-25.307974],[-57.636429,-25.308075]]}},{"type":"Feature","properties":{"nombre":"ARROYO Z. MOROTI"},"geometry":{"type":"LineString","coordinates":[[-57.641218,-25.313571],[-57.641226,-25.313535],[-57.641386,-25.313482],[-57.641443,-25.313406],[-57.641501,-25.313376],[-57.641583,-25.313366],[-57.641667,-25.313405]]}},{"type":"Feature","properties":{"nombre":"ARROYO FERREIRA"},"geometry":{"type":"LineString","coordinates":[[-57.634172,-25.314007],[-57.633733,-25.313955],[-57.633449,-25.314016],[-57.633333,-25.313922]]}},{"type":"Feature","properties":{"nombre":"ARROYO FERREIRA"},"geometry":{"type":"LineString","coordinates":[[-57.634171,-25.313977],[-57.634264,-25.314063],[-57.634268,-25.314212],[-57.634293,-25.314274],[-57.634378,-25.314348],[-57.634477,-25.314365],[-57.634518,-25.314428],[-57.634585,-25.314648],[-57.634582,-25.314765],[-57.634691,-25.314972]]}},{"type":"Feature","properties":{"nombre":null},"geometry":{"type":"LineString","coordinates":[[-57.641667,-25.320401],[-57.641667,-25.320411]]}},{"type":"Feature","properties":{"nombre":null},"geometry":{"type":"LineString","coordinates":[[-57.641667,-25.324345],[-57.641351,-25.324215]]}},{"type":"Feature","properties":{"nombre":null},"geometry":{"type":"LineString","coordinates":[[-57.635908,-25.326522],[-57.63593,-25.326701]]}},{"type":"Feature","properties":{"nombre":null},"geometry":{"type":"LineString","coordinates":[[-57.633618,-25.328433],[-57.633794,-25.328442],[-57.633936,-25.328389]]}},{"type":"Feature","properties":{"nombre":null},"geometry":{"type":"LineString","coordinates":[[-57.64008,-25.327778],[-57.64042,-25.328024],[-57.640992,-25.32868],[-57.641499,-25.328963],[-57.641667,-25.328998]]}},{"type":"Feature","properties":{"nombre":null},"geometry":{"type":"LineString","coordinates":[[-57.641667,-25.32898],[-57.641479,-25.328927],[-57.641004,-25.328648],[-57.640452,-25.32801],[-57.64014,-25.327778]]}},{"type":"Feature","properties":{"nombre":null},"geometry":{"type":"LineString","coordinates":[[-57.634848,-25.330314],[-57.634749,-25.330781]]}},{"type":"Feature","properties":{"nombre":null},"geometry":{"type":"LineString","coordinates":[[-57.635524,-25.329951],[-57.635548,-25.329944]]}},{"type":"Feature","properties":{"nombre":null},"geometry":{"type":"LineString","coordinates":[[-57.63904,-25.337013],[-57.638832,-25.337081]]}},{"type":"Feature","properties":{"nombre":null},"geometry":{"type":"LineString","coordinates":[[-57.638659,-25.343661],[-57.63861,-25.343664],[-57.638229,-25.343404]]}},{"type":"Feature","properties":{"nombre":null},"geometry":{"type":"LineString","coordinates":[[-57.638798,-25.340175],[-57.638924,-25.339743]]}},{"type":"Feature","properties":{"nombre":null},"geometry":{"type":"LineString","coordinates":[[-57.640969,-25.345249],[-57.640969,-25.345317],[-57.641111,-25.345571],[-57.641143,-25.345598],[-57.641215,-25.345599],[-57.641357,-25.345845],[-57.641409,-25.345981],[-57.641667,-25.346267]]}},{"type":"Feature","properties":{"nombre":null},"geometry":{"type":"LineString","coordinates":[[-57.640617,-25.345727],[-57.640131,-25.345901]]}},{"type":"Feature","properties":{"nombre":null},"geometry":{"type":"LineString","coordinates":[[-57.566129,-25.231135],[-57.566052,-25.231017],[-57.565993,-25.231057]]}},{"type":"Feature","properties":{"nombre":null},"geometry":{"type":"LineString","coordinates":[[-57.575966,-25.231903],[-57.575929,-25.23196]]}},{"type":"Feature","properties":{"nombre":null},"geometry":{"type":"LineString","coordinates":[[-57.566218,-25.231386],[-57.566327,-25.23122]]}},{"type":"Feature","properties":{"nombre":"ARROYO FERREIRA"},"geometry":{"type":"LineString","coordinates":[[-57.625458,-25.310126],[-57.625495,-25.310156],[-57.625483,-25.310184],[-57.625508,-25.31021],[-57.625705,-25.310346]]}},{"type":"Feature","properties":{"nombre":"ARROYO FERREIRA"},"geometry":{"type":"LineString","coordinates":[[-57.626049,-25.31033],[-57.62598,-25.31037]]}},{"type":"Feature","properties":{"nombre":null},"geometry":{"type":"LineString","coordinates":[[-57.629034,-25.320618],[-57.629409,-25.32087]]}},{"type":"Feature","properties":{"nombre":"ARROYO SOSA"},"geometry":{"type":"LineString","coordinates":[[-57.621218,-25.326522],[-57.621125,-25.326973],[-57.621151,-25.327191],[-57.62123,-25.327294],[-57.6213,-25.327459],[-57.621412,-25.327637],[-57.621691,-25.327778]]}},{"type":"Feature","properties":{"nombre":null},"geometry":{"type":"LineString","coordinates":[[-57.606705,-25.318109],[-57.606667,-25.318109],[-57.606133,-25.317864]]}},{"type":"Feature","properties":{"nombre":null},"geometry":{"type":"LineString","coordinates":[[-57.607671,-25.31723],[-57.60797,-25.317146],[-57.608087,-25.317147],[-57.608178,-25.317212]]}},{"type":"Feature","properties":{"nombre":null},"geometry":{"type":"LineString","coordinates":[[-57.644867,-25.355473],[-57.644632,-25.355556]]}},{"type":"Feature","properties":{"nombre":null},"geometry":{"type":"LineString","coordinates":[[-57.643052,-25.352874],[-57.643125,-25.3529],[-57.643213,-25.35283],[-57.643295,-25.352806],[-57.643491,-25.352806],[-57.643571,-25.352829],[-57.643793,-25.352782]]}},{"type":"Feature","properties":{"nombre":null},"geometry":{"type":"LineString","coordinates":[[-57.643096,-25.350615],[-57.643146,-25.350598],[-57.643653,-25.350826],[-57.644561,-25.350748]]}},{"type":"Feature","properties":{"nombre":null},"geometry":{"type":"LineString","coordinates":[[-57.64456,-25.350766],[-57.643319,-25.350879],[-57.64455,-25.350776]]}},{"type":"Feature","properties":{"nombre":null},"geometry":{"type":"LineString","coordinates":[[-57.643677,-25.351934],[-57.64375,-25.352011],[-57.644049,-25.351955],[-57.644125,-25.352125],[-57.644119,-25.352143],[-57.643998,-25.35213]]}},{"type":"Feature","properties":{"nombre":null},"geometry":{"type":"LineString","coordinates":[[-57.643293,-25.352469],[-57.643409,-25.352469],[-57.643371,-25.352379],[-57.643278,-25.352326]]}},{"type":"Feature","properties":{"nombre":null},"geometry":{"type":"LineString","coordinates":[[-57.645107,-25.356601],[-57.645093,-25.356428],[-57.645073,-25.356409],[-57.644993,-25.356424],[-57.644929,-25.356315],[-57.644915,-25.356192],[-57.644853,-25.356031],[-57.644874,-25.355984],[-57.644865,-25.355767]]}},{"type":"Feature","properties":{"nombre":null},"geometry":{"type":"LineString","coordinates":[[-57.64351,-25.358916],[-57.643399,-25.358969],[-57.643329,-25.358986],[-57.643297,-25.358971],[-57.64288,-25.359135]]}},{"type":"Feature","properties":{"nombre":null},"geometry":{"type":"LineString","coordinates":[[-57.642358,-25.36061],[-57.642492,-25.360938],[-57.642593,-25.361111]]}},{"type":"Feature","properties":{"nombre":null},"geometry":{"type":"LineString","coordinates":[[-57.642955,-25.361766],[-57.643109,-25.361912],[-57.643592,-25.362253]]}},{"type":"Feature","properties":{"nombre":null},"geometry":{"type":"LineString","coordinates":[[-57.642623,-25.361436],[-57.642718,-25.361618],[-57.642822,-25.361575],[-57.642866,-25.361625],[-57.642955,-25.361766],[-57.642901,-25.361778]]}},{"type":"Feature","properties":{"nombre":null},"geometry":{"type":"LineString","coordinates":[[-57.639204,-25.353787],[-57.638887,-25.35504]]}},{"type":"Feature","properties":{"nombre":null},"geometry":{"type":"LineString","coordinates":[[-57.641038,-25.350813],[-57.640891,-25.350482]]}},{"type":"Feature","properties":{"nombre":null},"geometry":{"type":"LineString","coordinates":[[-57.64008,-25.352146],[-57.641052,-25.351897],[-57.641482,-25.351843],[-57.641512,-25.351806]]}},{"type":"Feature","properties":{"nombre":null},"geometry":{"type":"LineString","coordinates":[[-57.639181,-25.356271],[-57.638981,-25.356254],[-57.638902,-25.356279],[-57.638872,-25.356321],[-57.638691,-25.356322],[-57.638613,-25.35635],[-57.638499,-25.356448],[-57.638421,-25.35658],[-57.638421,-25.356679],[-57.638344,-25.356759],[-57.638013,-25.356922],[-57.637988,-25.356988],[-57.63795,-25.357009],[-57.637823,-25.357024]]}},{"type":"Feature","properties":{"nombre":null},"geometry":{"type":"LineString","coordinates":[[-57.638114,-25.356638],[-57.638241,-25.356584],[-57.638444,-25.356542]]}},{"type":"Feature","properties":{"nombre":"ARROYO MBURICAO"},"geometry":{"type":"LineString","coordinates":[[-57.59052,-25.268266],[-57.59053,-25.268441],[-57.590566,-25.268452],[-57.591009,-25.268249],[-57.591175,-25.268152]]}},{"type":"Feature","properties":{"nombre":null},"geometry":{"type":"LineString","coordinates":[[-57.638488,-25.366274],[-57.638578,-25.366252],[-57.638615,-25.3663],[-57.638559,-25.366346],[-57.638484,-25.366319],[-57.638488,-25.366274]]}},{"type":"Feature","properties":{"nombre":null},"geometry":{"type":"LineString","coordinates":[[-57.637432,-25.362254],[-57.637256,-25.36227],[-57.636989,-25.362237],[-57.636898,-25.362205]]}},{"type":"Feature","properties":{"nombre":null},"geometry":{"type":"LineString","coordinates":[[-57.637468,-25.361637],[-57.637425,-25.361827],[-57.637452,-25.361853],[-57.637451,-25.361887],[-57.637283,-25.362097],[-57.637046,-25.362245]]}},{"type":"Feature","properties":{"nombre":null},"geometry":{"type":"LineString","coordinates":[[-57.591667,-25.243946],[-57.591761,-25.243948],[-57.591775,-25.244086],[-57.591891,-25.244199],[-57.591893,-25.244318],[-57.591915,-25.244363],[-57.592043,-25.244444]]}},{"type":"Feature","properties":{"nombre":null},"geometry":{"type":"LineString","coordinates":[[-57.592091,-25.244444],[-57.592164,-25.244335],[-57.592335,-25.244183],[-57.592354,-25.244082],[-57.592498,-25.244178],[-57.592517,-25.24429],[-57.59246,-25.244375],[-57.592319,-25.244444]]}},{"type":"Feature","properties":{"nombre":null},"geometry":{"type":"LineString","coordinates":[[-57.583333,-25.236536],[-57.583474,-25.236539],[-57.583688,-25.23659],[-57.583797,-25.236566],[-57.583927,-25.236574],[-57.584047,-25.236768],[-57.584469,-25.237069],[-57.584559,-25.237189],[-57.584805,-25.237362],[-57.585029,-25.237727],[-57.585157,-25.237875],[-57.585303,-25.238001],[-57.585375,-25.238011],[-57.585459,-25.238084],[-57.585629,-25.238169],[-57.585725,-25.238384],[-57.585743,-25.238522],[-57.585795,-25.238578],[-57.585939,-25.238708],[-57.586076,-25.238789],[-57.586362,-25.238889]]}},{"type":"Feature","properties":{"nombre":null},"geometry":{"type":"LineString","coordinates":[[-57.583333,-25.236108],[-57.583465,-25.236162],[-57.583373,-25.235969],[-57.583333,-25.235934]]}},{"type":"Feature","properties":{"nombre":null},"geometry":{"type":"LineString","coordinates":[[-57.589457,-25.242553],[-57.589448,-25.242526],[-57.589492,-25.242518],[-57.589482,-25.242538],[-57.589457,-25.242553]]}},{"type":"Feature","properties":{"nombre":null},"geometry":{"type":"LineString","coordinates":[[-57.585664,-25.239417],[-57.585621,-25.239398],[-57.585534,-25.239287],[-57.585328,-25.239164],[-57.58522,-25.239144],[-57.585131,-25.239202],[-57.585038,-25.239171],[-57.585125,-25.239135],[-57.585372,-25.239133],[-57.585614,-25.239335],[-57.585695,-25.239366]]}},{"type":"Feature","properties":{"nombre":null},"geometry":{"type":"LineString","coordinates":[[-57.590595,-25.244126],[-57.590582,-25.244067],[-57.590527,-25.244025],[-57.590483,-25.243928],[-57.59044,-25.243737],[-57.590475,-25.243661],[-57.590543,-25.243635],[-57.59058,-25.243651],[-57.590554,-25.24371],[-57.590637,-25.243759],[-57.590625,-25.243859],[-57.590608,-25.243897],[-57.590574,-25.243912],[-57.590608,-25.243953],[-57.590608,-25.244045],[-57.590648,-25.244075],[-57.590652,-25.244117],[-57.590595,-25.244126]]}},{"type":"Feature","properties":{"nombre":null},"geometry":{"type":"LineString","coordinates":[[-57.586341,-25.249916],[-57.586468,-25.25]]}},{"type":"Feature","properties":{"nombre":null},"geometry":{"type":"LineString","coordinates":[[-57.583333,-25.248677],[-57.583476,-25.249019],[-57.583333,-25.249126]]}},{"type":"Feature","properties":{"nombre":null},"geometry":{"type":"LineString","coordinates":[[-57.575,-25.232941],[-57.575594,-25.232364],[-57.57577,-25.232241],[-57.57588,-25.232129],[-57.575955,-25.231991]]}},{"type":"Feature","properties":{"nombre":null},"geometry":{"type":"LineString","coordinates":[[-57.575923,-25.231969],[-57.57582,-25.232154],[-57.575561,-25.232353],[-57.575,-25.232911]]}},{"type":"Feature","properties":{"nombre":null},"geometry":{"type":"LineString","coordinates":[[-57.5765,-25.233333],[-57.576347,-25.233177],[-57.576289,-25.233064],[-57.576217,-25.232996],[-57.576217,-25.232932],[-57.576722,-25.232614],[-57.577255,-25.232136],[-57.578459,-25.231146],[-57.578517,-25.231132],[-57.578584,-25.23116]]}},{"type":"Feature","properties":{"nombre":null},"geometry":{"type":"LineString","coordinates":[[-57.575992,-25.238779],[-57.575993,-25.23885],[-57.575941,-25.238889]]}},{"type":"Feature","properties":{"nombre":null},"geometry":{"type":"LineString","coordinates":[[-57.583333,-25.236536],[-57.583239,-25.236481],[-57.582958,-25.236226],[-57.582793,-25.236166],[-57.582564,-25.236015],[-57.582462,-25.235974],[-57.582388,-25.235826],[-57.582343,-25.235664],[-57.582393,-25.235604],[-57.58247,-25.235563],[-57.582691,-25.235475],[-57.582732,-25.23548],[-57.582785,-25.23554],[-57.582833,-25.235662],[-57.583051,-25.235896],[-57.58321,-25.235977],[-57.583219,-25.235999],[-57.583138,-25.236123],[-57.583333,-25.236108]]}},{"type":"Feature","properties":{"nombre":null},"geometry":{"type":"LineString","coordinates":[[-57.575,-25.235411],[-57.575244,-25.235227]]}},{"type":"Feature","properties":{"nombre":null},"geometry":{"type":"LineString","coordinates":[[-57.577199,-25.238114],[-57.577238,-25.238269],[-57.577188,-25.238682]]}},{"type":"Feature","properties":{"nombre":null},"geometry":{"type":"LineString","coordinates":[[-57.583333,-25.238272],[-57.583051,-25.238194]]}},{"type":"Feature","properties":{"nombre":null},"geometry":{"type":"LineString","coordinates":[[-57.578062,-25.234349],[-57.578505,-25.234339]]}},{"type":"Feature","properties":{"nombre":null},"geometry":{"type":"LineString","coordinates":[[-57.579513,-25.238889],[-57.579433,-25.23899],[-57.579162,-25.239106],[-57.579073,-25.239211],[-57.578986,-25.239257],[-57.578859,-25.23931],[-57.578774,-25.239282],[-57.578734,-25.239323],[-57.578702,-25.239321],[-57.578654,-25.239289],[-57.578403,-25.239363],[-57.57829,-25.239335],[-57.578015,-25.239171],[-57.577847,-25.239025],[-57.577758,-25.238889]]}},{"type":"Feature","properties":{"nombre":null},"geometry":{"type":"LineString","coordinates":[[-57.57954,-25.238889],[-57.579458,-25.239017],[-57.579166,-25.239136],[-57.579083,-25.239254],[-57.578925,-25.239348],[-57.578746,-25.239357],[-57.578639,-25.23932],[-57.578376,-25.23939],[-57.578302,-25.239369],[-57.57801,-25.239204],[-57.577803,-25.239034],[-57.577704,-25.238889]]}},{"type":"Feature","properties":{"nombre":null},"geometry":{"type":"LineString","coordinates":[[-57.582443,-25.24481],[-57.582638,-25.245166],[-57.582651,-25.245333],[-57.582771,-25.245586]]}},{"type":"Feature","properties":{"nombre":null},"geometry":{"type":"LineString","coordinates":[[-57.581471,-25.249488],[-57.581529,-25.24946],[-57.58189,-25.249944]]}},{"type":"Feature","properties":{"nombre":null},"geometry":{"type":"LineString","coordinates":[[-57.58045,-25.25],[-57.580543,-25.249915]]}},{"type":"Feature","properties":{"nombre":null},"geometry":{"type":"LineString","coordinates":[[-57.580737,-25.249911],[-57.58081,-25.24987]]}},{"type":"Feature","properties":{"nombre":null},"geometry":{"type":"LineString","coordinates":[[-57.566078,-25.229152],[-57.56595,-25.228687],[-57.565952,-25.228647],[-57.566006,-25.228563]]}},{"type":"Feature","properties":{"nombre":null},"geometry":{"type":"LineString","coordinates":[[-57.581728,-25.248557],[-57.581539,-25.247958],[-57.581494,-25.247905],[-57.581469,-25.247811],[-57.581408,-25.24776],[-57.581315,-25.247553],[-57.580993,-25.246484]]}},{"type":"Feature","properties":{"nombre":null},"geometry":{"type":"LineString","coordinates":[[-57.571401,-25.229636],[-57.5713,-25.229719],[-57.571218,-25.229844]]}},{"type":"Feature","properties":{"nombre":null},"geometry":{"type":"LineString","coordinates":[[-57.570061,-25.232266],[-57.570745,-25.231437]]}},{"type":"Feature","properties":{"nombre":null},"geometry":{"type":"LineString","coordinates":[[-57.574758,-25.233171],[-57.574569,-25.233333]]}},{"type":"Feature","properties":{"nombre":null},"geometry":{"type":"LineString","coordinates":[[-57.566962,-25.23228],[-57.566707,-25.23188]]}},{"type":"Feature","properties":{"nombre":null},"geometry":{"type":"LineString","coordinates":[[-57.566834,-25.231903],[-57.567635,-25.233214]]}},{"type":"Feature","properties":{"nombre":null},"geometry":{"type":"LineString","coordinates":[[-57.571661,-25.230997],[-57.57178,-25.230925]]}},{"type":"Feature","properties":{"nombre":null},"geometry":{"type":"LineString","coordinates":[[-57.57115,-25.234426],[-57.571125,-25.234457],[-57.571057,-25.234451],[-57.570984,-25.234475],[-57.570881,-25.234449],[-57.570639,-25.234457],[-57.570413,-25.234526],[-57.570264,-25.234621],[-57.570113,-25.234563],[-57.57002,-25.234558],[-57.569507,-25.234659],[-57.569474,-25.234713],[-57.569359,-25.234739],[-57.569278,-25.23475],[-57.569072,-25.234712],[-57.568591,-25.234789],[-57.568154,-25.234868],[-57.568096,-25.23494],[-57.568069,-25.234945],[-57.567249,-25.234975],[-57.567126,-25.234916],[-57.567006,-25.234888],[-57.56683,-25.234909],[-57.566743,-25.234832]]}},{"type":"Feature","properties":{"nombre":null},"geometry":{"type":"LineString","coordinates":[[-57.572256,-25.236082],[-57.572018,-25.236069]]}},{"type":"Feature","properties":{"nombre":null},"geometry":{"type":"LineString","coordinates":[[-57.574366,-25.233469],[-57.574271,-25.233551],[-57.574287,-25.233567],[-57.574382,-25.233488]]}},{"type":"Feature","properties":{"nombre":null},"geometry":{"type":"LineString","coordinates":[[-57.574749,-25.236587],[-57.57481,-25.236655]]}},{"type":"Feature","properties":{"nombre":null},"geometry":{"type":"LineString","coordinates":[[-57.566667,-25.235668],[-57.567119,-25.235447]]}},{"type":"Feature","properties":{"nombre":null},"geometry":{"type":"LineString","coordinates":[[-57.568226,-25.237043],[-57.568742,-25.236854],[-57.568916,-25.236822],[-57.56915,-25.2367],[-57.569275,-25.236673],[-57.569372,-25.236698],[-57.569453,-25.236666]]}},{"type":"Feature","properties":{"nombre":null},"geometry":{"type":"LineString","coordinates":[[-57.567981,-25.234495],[-57.567888,-25.234552]]}},{"type":"Feature","properties":{"nombre":null},"geometry":{"type":"LineString","coordinates":[[-57.567392,-25.234502],[-57.567511,-25.234702]]}},{"type":"Feature","properties":{"nombre":null},"geometry":{"type":"LineString","coordinates":[[-57.574072,-25.233441],[-57.574161,-25.233509]]}},{"type":"Feature","properties":{"nombre":null},"geometry":{"type":"LineString","coordinates":[[-57.57183,-25.249474],[-57.571557,-25.249593]]}},{"type":"Feature","properties":{"nombre":null},"geometry":{"type":"LineString","coordinates":[[-57.564867,-25.227322],[-57.564857,-25.227382],[-57.564887,-25.227524],[-57.56482,-25.227615]]}},{"type":"Feature","properties":{"nombre":null},"geometry":{"type":"LineString","coordinates":[[-57.566267,-25.227056],[-57.566459,-25.227025]]}},{"type":"Feature","properties":{"nombre":null},"geometry":{"type":"LineString","coordinates":[[-57.565635,-25.227244],[-57.566267,-25.227056]]}},{"type":"Feature","properties":{"nombre":null},"geometry":{"type":"LineString","coordinates":[[-57.559863,-25.230813],[-57.559695,-25.23061],[-57.559651,-25.230536],[-57.559623,-25.230419],[-57.559367,-25.230227],[-57.559288,-25.230144],[-57.559212,-25.229987],[-57.559165,-25.229782],[-57.559046,-25.229695],[-57.559042,-25.229594]]}},{"type":"Feature","properties":{"nombre":null},"geometry":{"type":"LineString","coordinates":[[-57.558952,-25.229612],[-57.558782,-25.229543]]}},{"type":"Feature","properties":{"nombre":null},"geometry":{"type":"LineString","coordinates":[[-57.564976,-25.228035],[-57.565142,-25.22787],[-57.565274,-25.227778]]}},{"type":"Feature","properties":{"nombre":null},"geometry":{"type":"LineString","coordinates":[[-57.565063,-25.229569],[-57.565095,-25.229546]]}},{"type":"Feature","properties":{"nombre":null},"geometry":{"type":"LineString","coordinates":[[-57.566548,-25.231575],[-57.566568,-25.231604]]}},{"type":"Feature","properties":{"nombre":null},"geometry":{"type":"LineString","coordinates":[[-57.56664,-25.231743],[-57.566667,-25.23179]]}},{"type":"Feature","properties":{"nombre":null},"geometry":{"type":"LineString","coordinates":[[-57.564787,-25.230719],[-57.564708,-25.230662],[-57.564667,-25.230679],[-57.564168,-25.23112]]}},{"type":"Feature","properties":{"nombre":null},"geometry":{"type":"LineString","coordinates":[[-57.566665,-25.233332],[-57.566665,-25.233333]]}},{"type":"Feature","properties":{"nombre":null},"geometry":{"type":"LineString","coordinates":[[-57.560545,-25.233253],[-57.56048,-25.233197]]}},{"type":"Feature","properties":{"nombre":null},"geometry":{"type":"LineString","coordinates":[[-57.558693,-25.232809],[-57.558612,-25.23277],[-57.558543,-25.232697]]}},{"type":"Feature","properties":{"nombre":null},"geometry":{"type":"LineString","coordinates":[[-57.558645,-25.232503],[-57.558688,-25.232418],[-57.558669,-25.232392]]}},{"type":"Feature","properties":{"nombre":null},"geometry":{"type":"LineString","coordinates":[[-57.564484,-25.235381],[-57.564725,-25.235219],[-57.564972,-25.235146],[-57.565145,-25.235011],[-57.565311,-25.234937],[-57.565566,-25.234947],[-57.565666,-25.234983]]}},{"type":"Feature","properties":{"nombre":null},"geometry":{"type":"LineString","coordinates":[[-57.565893,-25.234618],[-57.56583,-25.234861]]}},{"type":"Feature","properties":{"nombre":null},"geometry":{"type":"LineString","coordinates":[[-57.565625,-25.234569],[-57.565696,-25.234726],[-57.565831,-25.234856]]}},{"type":"Feature","properties":{"nombre":null},"geometry":{"type":"LineString","coordinates":[[-57.560347,-25.233333],[-57.560216,-25.23342],[-57.560173,-25.233369]]}},{"type":"Feature","properties":{"nombre":null},"geometry":{"type":"LineString","coordinates":[[-57.558333,-25.233523],[-57.558366,-25.233536]]}},{"type":"Feature","properties":{"nombre":null},"geometry":{"type":"LineString","coordinates":[[-57.566513,-25.235424],[-57.566346,-25.235107],[-57.566348,-25.235083],[-57.566536,-25.234939]]}},{"type":"Feature","properties":{"nombre":null},"geometry":{"type":"LineString","coordinates":[[-57.563347,-25.246388],[-57.563518,-25.246338],[-57.563786,-25.246201]]}},{"type":"Feature","properties":{"nombre":null},"geometry":{"type":"LineString","coordinates":[[-57.56388,-25.246554],[-57.563877,-25.246598],[-57.563775,-25.246766],[-57.563696,-25.246846],[-57.563435,-25.247036],[-57.563194,-25.247154],[-57.563024,-25.247288]]}},{"type":"Feature","properties":{"nombre":null},"geometry":{"type":"LineString","coordinates":[[-57.563024,-25.247288],[-57.563007,-25.247345],[-57.562851,-25.247336],[-57.562641,-25.247206],[-57.562424,-25.247132],[-57.562182,-25.247153],[-57.56211,-25.247113],[-57.561895,-25.247188]]}},{"type":"Feature","properties":{"nombre":null},"geometry":{"type":"LineString","coordinates":[[-57.558647,-25.246651],[-57.558626,-25.246615],[-57.558568,-25.246604],[-57.558333,-25.246719]]}},{"type":"Feature","properties":{"nombre":null},"geometry":{"type":"LineString","coordinates":[[-57.560359,-25.246543],[-57.560222,-25.246539],[-57.560001,-25.246624],[-57.559887,-25.246584],[-57.559767,-25.246579],[-57.559569,-25.24664],[-57.559365,-25.24666],[-57.559279,-25.246701],[-57.558822,-25.246734],[-57.558701,-25.246723],[-57.558647,-25.246651]]}},{"type":"Feature","properties":{"nombre":null},"geometry":{"type":"LineString","coordinates":[[-57.562613,-25.247838],[-57.56282,-25.247662],[-57.563055,-25.247606],[-57.563145,-25.247325]]}},{"type":"Feature","properties":{"nombre":null},"geometry":{"type":"LineString","coordinates":[[-57.561309,-25.248948],[-57.561508,-25.248499],[-57.561653,-25.248372],[-57.56182,-25.248165]]}},{"type":"Feature","properties":{"nombre":null},"geometry":{"type":"LineString","coordinates":[[-57.556985,-25.233333],[-57.557174,-25.233153]]}},{"type":"Feature","properties":{"nombre":null},"geometry":{"type":"LineString","coordinates":[[-57.55715,-25.233134],[-57.557313,-25.232942],[-57.557729,-25.232657],[-57.55808,-25.232324],[-57.558149,-25.232215],[-57.558173,-25.232126],[-57.558145,-25.231975],[-57.558126,-25.231537],[-57.55806,-25.231344],[-57.557862,-25.230965],[-57.557841,-25.230792],[-57.557891,-25.230573],[-57.557951,-25.230466],[-57.557979,-25.23045],[-57.55809,-25.230456],[-57.558223,-25.230387],[-57.558333,-25.230221]]}},{"type":"Feature","properties":{"nombre":null},"geometry":{"type":"LineString","coordinates":[[-57.558333,-25.230319],[-57.558234,-25.230437],[-57.558111,-25.230496],[-57.558005,-25.230514],[-57.557965,-25.230542],[-57.557942,-25.230596]]}},{"type":"Feature","properties":{"nombre":null},"geometry":{"type":"LineString","coordinates":[[-57.558333,-25.228974],[-57.558098,-25.229007],[-57.55789,-25.229093]]}},{"type":"Feature","properties":{"nombre":null},"geometry":{"type":"LineString","coordinates":[[-57.558333,-25.229781],[-57.558255,-25.229813],[-57.558149,-25.229821]]}},{"type":"Feature","properties":{"nombre":null},"geometry":{"type":"LineString","coordinates":[[-57.55769,-25.231458],[-57.557821,-25.231313],[-57.558008,-25.231242]]}},{"type":"Feature","properties":{"nombre":null},"geometry":{"type":"LineString","coordinates":[[-57.555247,-25.231115],[-57.555416,-25.23099],[-57.555502,-25.230966],[-57.555514,-25.230897],[-57.555636,-25.230859],[-57.555725,-25.23079],[-57.555974,-25.230672]]}},{"type":"Feature","properties":{"nombre":null},"geometry":{"type":"LineString","coordinates":[[-57.558117,-25.231377],[-57.558176,-25.231551],[-57.558205,-25.232105],[-57.558167,-25.2323],[-57.558116,-25.232366],[-57.557999,-25.232435],[-57.557839,-25.232622],[-57.557627,-25.232784],[-57.55745,-25.232871],[-57.55734,-25.232958],[-57.557174,-25.233153]]}},{"type":"Feature","properties":{"nombre":null},"geometry":{"type":"LineString","coordinates":[[-57.558333,-25.237349],[-57.55817,-25.237304],[-57.558062,-25.237248]]}},{"type":"Feature","properties":{"nombre":null},"geometry":{"type":"LineString","coordinates":[[-57.551501,-25.238495],[-57.551569,-25.238707],[-57.551659,-25.238767],[-57.551819,-25.238754]]}},{"type":"Feature","properties":{"nombre":null},"geometry":{"type":"LineString","coordinates":[[-57.558078,-25.233445],[-57.558163,-25.233433],[-57.558333,-25.233523]]}},{"type":"Feature","properties":{"nombre":null},"geometry":{"type":"LineString","coordinates":[[-57.557878,-25.233901],[-57.557921,-25.233729],[-57.558078,-25.233445],[-57.558016,-25.233391]]}},{"type":"Feature","properties":{"nombre":null},"geometry":{"type":"LineString","coordinates":[[-57.55,-25.237415],[-57.550059,-25.23751],[-57.550135,-25.237553],[-57.550216,-25.237562],[-57.55082,-25.237364],[-57.551112,-25.237148],[-57.551299,-25.237106],[-57.551378,-25.237434],[-57.551448,-25.237434],[-57.55148,-25.237347],[-57.551546,-25.237341],[-57.551591,-25.237396],[-57.551598,-25.237436],[-57.55157,-25.237477],[-57.551603,-25.237527],[-57.551779,-25.237518],[-57.551852,-25.237403],[-57.551938,-25.237381],[-57.552286,-25.237507],[-57.552392,-25.23758],[-57.552679,-25.237642],[-57.552788,-25.237639],[-57.552815,-25.237626],[-57.552919,-25.237259],[-57.552964,-25.237214],[-57.55306,-25.237237],[-57.553144,-25.237161],[-57.553194,-25.237075],[-57.553239,-25.237062],[-57.55335,-25.237082],[-57.553447,-25.237228],[-57.553454,-25.237283]]}},{"type":"Feature","properties":{"nombre":null},"geometry":{"type":"LineString","coordinates":[[-57.551032,-25.241082],[-57.551009,-25.241017],[-57.55094,-25.241014],[-57.550869,-25.240974],[-57.550794,-25.240807],[-57.55074,-25.240749],[-57.550716,-25.240633],[-57.550782,-25.240385],[-57.550952,-25.240014],[-57.551048,-25.239949],[-57.551212,-25.239752],[-57.551255,-25.239574],[-57.551498,-25.239415],[-57.551538,-25.239354],[-57.551549,-25.23931],[-57.551517,-25.239196],[-57.551532,-25.239122],[-57.551672,-25.239018],[-57.551767,-25.238889]]}},{"type":"Feature","properties":{"nombre":null},"geometry":{"type":"LineString","coordinates":[[-57.550308,-25.240171],[-57.550353,-25.240162],[-57.550404,-25.240245],[-57.550499,-25.240487],[-57.550487,-25.240533]]}},{"type":"Feature","properties":{"nombre":null},"geometry":{"type":"LineString","coordinates":[[-57.552416,-25.241448],[-57.552584,-25.241365],[-57.552671,-25.24135]]}},{"type":"Feature","properties":{"nombre":null},"geometry":{"type":"LineString","coordinates":[[-57.552505,-25.241042],[-57.55247,-25.241107],[-57.552424,-25.241115],[-57.552429,-25.241186],[-57.552388,-25.241239]]}},{"type":"Feature","properties":{"nombre":null},"geometry":{"type":"LineString","coordinates":[[-57.588182,-25.266865],[-57.588318,-25.266667]]}},{"type":"Feature","properties":{"nombre":null},"geometry":{"type":"LineString","coordinates":[[-57.552574,-25.240162],[-57.552452,-25.23996],[-57.552431,-25.239861]]}},{"type":"Feature","properties":{"nombre":null},"geometry":{"type":"LineString","coordinates":[[-57.553634,-25.241861],[-57.553742,-25.241916],[-57.553841,-25.241887]]}},{"type":"Feature","properties":{"nombre":null},"geometry":{"type":"LineString","coordinates":[[-57.551332,-25.247975],[-57.551345,-25.247872]]}},{"type":"Feature","properties":{"nombre":null},"geometry":{"type":"LineString","coordinates":[[-57.552027,-25.248733],[-57.552038,-25.248762]]}},{"type":"Feature","properties":{"nombre":null},"geometry":{"type":"LineString","coordinates":[[-57.55,-25.246805],[-57.550075,-25.246881]]}},{"type":"Feature","properties":{"nombre":"ARROYO MBURICAO"},"geometry":{"type":"LineString","coordinates":[[-57.594736,-25.257497],[-57.594805,-25.257378],[-57.594916,-25.257289],[-57.595222,-25.257185],[-57.595508,-25.257043],[-57.595709,-25.256994],[-57.595865,-25.256917],[-57.596126,-25.256871],[-57.596181,-25.256892],[-57.596268,-25.256877],[-57.596333,-25.256825],[-57.596508,-25.256821],[-57.596555,-25.256788],[-57.596643,-25.256795],[-57.59672,-25.256753],[-57.59689,-25.256602],[-57.597118,-25.256288],[-57.597209,-25.25612],[-57.597424,-25.255934],[-57.597462,-25.255861],[-57.597538,-25.255556]]}},{"type":"Feature","properties":{"nombre":"ARROYO MBURICAO"},"geometry":{"type":"LineString","coordinates":[[-57.591972,-25.263276],[-57.591941,-25.263388],[-57.591976,-25.263394],[-57.591998,-25.263342],[-57.591972,-25.263276]]}},{"type":"Feature","properties":{"nombre":"ARROYO BELLA VISTA"},"geometry":{"type":"LineString","coordinates":[[-57.597498,-25.266113],[-57.597888,-25.26567],[-57.598157,-25.265431],[-57.59848,-25.265031],[-57.598593,-25.264966],[-57.598717,-25.264836],[-57.599051,-25.264613],[-57.599168,-25.264442],[-57.599346,-25.264244],[-57.599354,-25.264177],[-57.599467,-25.264082],[-57.599534,-25.263895],[-57.599701,-25.263769]]}},{"type":"Feature","properties":{"nombre":null},"geometry":{"type":"LineString","coordinates":[[-57.592139,-25.277361],[-57.59211,-25.277053]]}},{"type":"Feature","properties":{"nombre":null},"geometry":{"type":"LineString","coordinates":[[-57.593551,-25.27765],[-57.593463,-25.277658]]}},{"type":"Feature","properties":{"nombre":"ARROYO MBURICAO"},"geometry":{"type":"LineString","coordinates":[[-57.592981,-25.291606],[-57.593097,-25.291806],[-57.592909,-25.292038],[-57.592893,-25.292272],[-57.592951,-25.292405],[-57.593231,-25.292704],[-57.59326,-25.292841],[-57.59316,-25.292975],[-57.593152,-25.293026],[-57.59321,-25.29321],[-57.593402,-25.293396],[-57.593604,-25.293549],[-57.593645,-25.293623],[-57.593899,-25.293803],[-57.594019,-25.294053]]}},{"type":"Feature","properties":{"nombre":"ARROYO MBURICAO"},"geometry":{"type":"LineString","coordinates":[[-57.592728,-25.290517],[-57.592512,-25.290435]]}},{"type":"Feature","properties":{"nombre":"ARROYO MBURICAO"},"geometry":{"type":"LineString","coordinates":[[-57.59441,-25.294995],[-57.594553,-25.295141],[-57.594828,-25.295895],[-57.594833,-25.296036],[-57.594971,-25.296331]]}},{"type":"Feature","properties":{"nombre":null},"geometry":{"type":"LineString","coordinates":[[-57.5956,-25.297847],[-57.595669,-25.298304]]}},{"type":"Feature","properties":{"nombre":"ARROYO YBYRAY"},"geometry":{"type":"LineString","coordinates":[[-57.588934,-25.252718],[-57.589003,-25.252525],[-57.589216,-25.252378]]}},{"type":"Feature","properties":{"nombre":null},"geometry":{"type":"LineString","coordinates":[[-57.585213,-25.25363],[-57.585263,-25.253751],[-57.585246,-25.253777]]}},{"type":"Feature","properties":{"nombre":"ARROYO YBYRAY"},"geometry":{"type":"LineString","coordinates":[[-57.589427,-25.257917],[-57.589341,-25.257696]]}},{"type":"Feature","properties":{"nombre":"ARROYO YBYRAY"},"geometry":{"type":"LineString","coordinates":[[-57.590186,-25.25814],[-57.58961,-25.257772]]}},{"type":"Feature","properties":{"nombre":"ARROYO YBYRAY"},"geometry":{"type":"LineString","coordinates":[[-57.58961,-25.257772],[-57.589539,-25.257747]]}},{"type":"Feature","properties":{"nombre":null},"geometry":{"type":"LineString","coordinates":[[-57.585691,-25.258842],[-57.585613,-25.258903],[-57.58566,-25.258953]]}},{"type":"Feature","properties":{"nombre":"ARROYO YBYRAY"},"geometry":{"type":"LineString","coordinates":[[-57.585454,-25.261392],[-57.585536,-25.261111]]}},{"type":"Feature","properties":{"nombre":null},"geometry":{"type":"LineString","coordinates":[[-57.588685,-25.261136],[-57.588699,-25.261161],[-57.588719,-25.261162],[-57.588723,-25.261141],[-57.588685,-25.261136]]}},{"type":"Feature","properties":{"nombre":"ARROYO MBURICAO"},"geometry":{"type":"LineString","coordinates":[[-57.591365,-25.26537],[-57.591354,-25.265375],[-57.591357,-25.265389],[-57.591369,-25.265382],[-57.591365,-25.26537]]}},{"type":"Feature","properties":{"nombre":null},"geometry":{"type":"LineString","coordinates":[[-57.588441,-25.263024],[-57.588461,-25.262956],[-57.588439,-25.262937],[-57.588147,-25.262841],[-57.588016,-25.262824],[-57.588,-25.262799]]}},{"type":"Feature","properties":{"nombre":null},"geometry":{"type":"LineString","coordinates":[[-57.588348,-25.266625],[-57.588568,-25.26631]]}},{"type":"Feature","properties":{"nombre":null},"geometry":{"type":"LineString","coordinates":[[-57.588705,-25.266111],[-57.588732,-25.266083],[-57.588873,-25.266048],[-57.588992,-25.265988],[-57.589088,-25.265988],[-57.589192,-25.265957],[-57.589291,-25.265844],[-57.589306,-25.265708],[-57.589413,-25.265594],[-57.589452,-25.265506],[-57.589497,-25.265493]]}},{"type":"Feature","properties":{"nombre":"ARROYO MBURICAO"},"geometry":{"type":"LineString","coordinates":[[-57.589153,-25.270749],[-57.589077,-25.270883],[-57.58909,-25.271168],[-57.589225,-25.271398],[-57.589283,-25.271445],[-57.589346,-25.271459],[-57.589489,-25.271652],[-57.589514,-25.271783],[-57.589583,-25.271922],[-57.589572,-25.272022],[-57.589604,-25.272067],[-57.589532,-25.272222]]}},{"type":"Feature","properties":{"nombre":"ARROYO MBURICAO"},"geometry":{"type":"LineString","coordinates":[[-57.589636,-25.268458],[-57.589565,-25.268385],[-57.589524,-25.268275],[-57.589505,-25.268149],[-57.589464,-25.268074],[-57.589461,-25.267985],[-57.58974,-25.267831],[-57.589961,-25.267745],[-57.590008,-25.267698],[-57.590159,-25.267654],[-57.590187,-25.26762],[-57.590157,-25.26762],[-57.590243,-25.267524],[-57.590265,-25.267532],[-57.590237,-25.2676],[-57.590266,-25.267602],[-57.590274,-25.267555],[-57.590325,-25.267569],[-57.590253,-25.267471],[-57.590289,-25.267448],[-57.590357,-25.267452],[-57.590397,-25.267404],[-57.590401,-25.26722],[-57.590364,-25.267185],[-57.590286,-25.26717],[-57.590195,-25.267095],[-57.589956,-25.267075],[-57.589765,-25.26697],[-57.589458,-25.266667]]}},{"type":"Feature","properties":{"nombre":"ARROYO MBURICAO"},"geometry":{"type":"LineString","coordinates":[[-57.589181,-25.269627],[-57.589209,-25.26954],[-57.589301,-25.269419],[-57.589536,-25.269302],[-57.589538,-25.269247],[-57.589654,-25.269102],[-57.589703,-25.268987],[-57.589563,-25.268536],[-57.589428,-25.268285],[-57.589374,-25.268226],[-57.589352,-25.267951],[-57.589392,-25.26792],[-57.589419,-25.267856],[-57.589427,-25.267921],[-57.589458,-25.267927],[-57.589529,-25.26786],[-57.589613,-25.267845],[-57.589932,-25.267658],[-57.590085,-25.267636],[-57.590209,-25.267519],[-57.59022,-25.267447],[-57.590288,-25.267349],[-57.590272,-25.267246],[-57.590251,-25.267229],[-57.59009,-25.267137],[-57.58985,-25.267108],[-57.589547,-25.266878],[-57.589363,-25.266667]]}},{"type":"Feature","properties":{"nombre":null},"geometry":{"type":"LineString","coordinates":[[-57.583983,-25.271588],[-57.583333,-25.271739]]}},{"type":"Feature","properties":{"nombre":"ARROYO MBURICAO"},"geometry":{"type":"LineString","coordinates":[[-57.588369,-25.270499],[-57.588506,-25.270541],[-57.588574,-25.270421],[-57.588461,-25.270438],[-57.588424,-25.270417]]}},{"type":"Feature","properties":{"nombre":"ARROYO SANTO DOMINGO"},"geometry":{"type":"LineString","coordinates":[[-57.58589,-25.275523],[-57.585873,-25.275614],[-57.585754,-25.275665],[-57.585682,-25.275655],[-57.585648,-25.275592],[-57.585303,-25.275635]]}},{"type":"Feature","properties":{"nombre":null},"geometry":{"type":"LineString","coordinates":[[-57.590248,-25.277778],[-57.590198,-25.277569],[-57.590204,-25.277428]]}},{"type":"Feature","properties":{"nombre":null},"geometry":{"type":"LineString","coordinates":[[-57.591652,-25.276216],[-57.591585,-25.276222]]}},{"type":"Feature","properties":{"nombre":"ARROYO MBURICAO"},"geometry":{"type":"LineString","coordinates":[[-57.588083,-25.277838],[-57.58806,-25.277978],[-57.588085,-25.278024],[-57.588068,-25.278094],[-57.588093,-25.278129],[-57.588055,-25.27811],[-57.588066,-25.278185],[-57.588005,-25.278237],[-57.588046,-25.278277],[-57.588009,-25.278444],[-57.58799,-25.278429],[-57.587982,-25.278466],[-57.588031,-25.278517],[-57.588006,-25.278511],[-57.587993,-25.278536],[-57.588103,-25.278563],[-57.588188,-25.278705],[-57.58818,-25.278892],[-57.588097,-25.279209],[-57.588126,-25.279772],[-57.588072,-25.280044],[-57.587988,-25.2802],[-57.587904,-25.280273],[-57.587831,-25.280395],[-57.587825,-25.280473],[-57.587844,-25.280457],[-57.5879,-25.280484],[-57.588041,-25.280636],[-57.588446,-25.280829],[-57.588658,-25.281032],[-57.588684,-25.281126],[-57.58865,-25.281165],[-57.588645,-25.281254],[-57.588605,-25.281325],[-57.588617,-25.281376],[-57.588589,-25.281513],[-57.588649,-25.281733],[-57.588645,-25.281833],[-57.588694,-25.281896],[-57.589153,-25.282051],[-57.589521,-25.282054],[-57.589721,-25.282183],[-57.589712,-25.282202],[-57.589779,-25.28232],[-57.589752,-25.282456],[-57.589655,-25.282604],[-57.589544,-25.282678],[-57.589491,-25.282744],[-57.589407,-25.282997]]}},{"type":"Feature","properties":{"nombre":null},"geometry":{"type":"LineString","coordinates":[[-57.588618,-25.281801],[-57.588609,-25.28178],[-57.588609,-25.281775],[-57.588631,-25.281798],[-57.588618,-25.281801]]}},{"type":"Feature","properties":{"nombre":"ARROYO MBURICAO"},"geometry":{"type":"LineString","coordinates":[[-57.588099,-25.277778],[-57.588083,-25.277838]]}},{"type":"Feature","properties":{"nombre":null},"geometry":{"type":"LineString","coordinates":[[-57.590667,-25.278326],[-57.590446,-25.27835],[-57.590236,-25.278424],[-57.590158,-25.27841],[-57.590092,-25.278366],[-57.589918,-25.278341]]}},{"type":"Feature","properties":{"nombre":null},"geometry":{"type":"LineString","coordinates":[[-57.590838,-25.278184],[-57.590819,-25.278205],[-57.590712,-25.278213],[-57.59062,-25.278283],[-57.590541,-25.278305],[-57.590519,-25.278341]]}},{"type":"Feature","properties":{"nombre":null},"geometry":{"type":"LineString","coordinates":[[-57.590274,-25.281716],[-57.59014,-25.281127],[-57.59019,-25.281047],[-57.590142,-25.280897],[-57.590182,-25.280683],[-57.590054,-25.280608],[-57.590045,-25.280451],[-57.590086,-25.280353],[-57.590093,-25.280223]]}},{"type":"Feature","properties":{"nombre":null},"geometry":{"type":"LineString","coordinates":[[-57.591277,-25.281804],[-57.590866,-25.281876],[-57.590827,-25.281915],[-57.590638,-25.281958]]}},{"type":"Feature","properties":{"nombre":null},"geometry":{"type":"LineString","coordinates":[[-57.590744,-25.281933],[-57.590711,-25.281809]]}},{"type":"Feature","properties":{"nombre":null},"geometry":{"type":"LineString","coordinates":[[-57.590392,-25.28187],[-57.590601,-25.281833]]}},{"type":"Feature","properties":{"nombre":null},"geometry":{"type":"LineString","coordinates":[[-57.59059,-25.281777],[-57.590315,-25.281833]]}},{"type":"Feature","properties":{"nombre":null},"geometry":{"type":"LineString","coordinates":[[-57.590572,-25.282949],[-57.590858,-25.28289]]}},{"type":"Feature","properties":{"nombre":null},"geometry":{"type":"LineString","coordinates":[[-57.591375,-25.282481],[-57.591231,-25.282499]]}},{"type":"Feature","properties":{"nombre":null},"geometry":{"type":"LineString","coordinates":[[-57.589702,-25.278785],[-57.589664,-25.278641],[-57.589626,-25.278595],[-57.589689,-25.278485],[-57.589681,-25.278375],[-57.589584,-25.278118]]}},{"type":"Feature","properties":{"nombre":null},"geometry":{"type":"LineString","coordinates":[[-57.589506,-25.278112],[-57.58947,-25.27793]]}},{"type":"Feature","properties":{"nombre":null},"geometry":{"type":"LineString","coordinates":[[-57.590744,-25.281933],[-57.590728,-25.281874]]}},{"type":"Feature","properties":{"nombre":"ARROYO MBURICAO MI"},"geometry":{"type":"LineString","coordinates":[[-57.587005,-25.288967],[-57.587089,-25.288977],[-57.587162,-25.288932],[-57.58731,-25.288889]]}},{"type":"Feature","properties":{"nombre":null},"geometry":{"type":"LineString","coordinates":[[-57.590895,-25.289061],[-57.591403,-25.288891]]}},{"type":"Feature","properties":{"nombre":null},"geometry":{"type":"LineString","coordinates":[[-57.576299,-25.254552],[-57.576682,-25.254101]]}},{"type":"Feature","properties":{"nombre":null},"geometry":{"type":"LineString","coordinates":[[-57.579513,-25.255556],[-57.579605,-25.255506],[-57.57963,-25.255464]]}},{"type":"Feature","properties":{"nombre":null},"geometry":{"type":"LineString","coordinates":[[-57.581303,-25.252494],[-57.581509,-25.252778]]}},{"type":"Feature","properties":{"nombre":null},"geometry":{"type":"LineString","coordinates":[[-57.579848,-25.250081],[-57.579617,-25.250181],[-57.579497,-25.25]]}},{"type":"Feature","properties":{"nombre":null},"geometry":{"type":"LineString","coordinates":[[-57.580919,-25.250163],[-57.581167,-25.250015],[-57.581249,-25.250017]]}},{"type":"Feature","properties":{"nombre":null},"geometry":{"type":"LineString","coordinates":[[-57.580141,-25.25],[-57.579848,-25.250081]]}},{"type":"Feature","properties":{"nombre":null},"geometry":{"type":"LineString","coordinates":[[-57.581125,-25.250298],[-57.581166,-25.250361]]}},{"type":"Feature","properties":{"nombre":null},"geometry":{"type":"LineString","coordinates":[[-57.580811,-25.25],[-57.580825,-25.250019],[-57.580858,-25.25]]}},{"type":"Feature","properties":{"nombre":null},"geometry":{"type":"LineString","coordinates":[[-57.579612,-25.252189],[-57.57992,-25.252419],[-57.579898,-25.252444],[-57.579849,-25.25241],[-57.579897,-25.252446],[-57.579831,-25.252525],[-57.579925,-25.252421],[-57.579985,-25.252466]]}},{"type":"Feature","properties":{"nombre":null},"geometry":{"type":"LineString","coordinates":[[-57.577647,-25.253435],[-57.577687,-25.253435]]}},{"type":"Feature","properties":{"nombre":null},"geometry":{"type":"LineString","coordinates":[[-57.579724,-25.255342],[-57.579835,-25.255211]]}},{"type":"Feature","properties":{"nombre":null},"geometry":{"type":"LineString","coordinates":[[-57.576696,-25.254116],[-57.576852,-25.254017]]}},{"type":"Feature","properties":{"nombre":null},"geometry":{"type":"LineString","coordinates":[[-57.579346,-25.25677],[-57.57926,-25.256828]]}},{"type":"Feature","properties":{"nombre":null},"geometry":{"type":"LineString","coordinates":[[-57.576726,-25.257033],[-57.576562,-25.25724],[-57.576251,-25.257776],[-57.576196,-25.257833],[-57.575999,-25.257939],[-57.575968,-25.258052],[-57.575938,-25.258076]]}},{"type":"Feature","properties":{"nombre":null},"geometry":{"type":"LineString","coordinates":[[-57.575324,-25.25831],[-57.575279,-25.258315],[-57.575144,-25.258491],[-57.575066,-25.258696],[-57.575057,-25.258785],[-57.575023,-25.258816]]}},{"type":"Feature","properties":{"nombre":null},"geometry":{"type":"LineString","coordinates":[[-57.578211,-25.260439],[-57.578789,-25.260676]]}},{"type":"Feature","properties":{"nombre":null},"geometry":{"type":"LineString","coordinates":[[-57.578039,-25.25938],[-57.578147,-25.259299]]}},{"type":"Feature","properties":{"nombre":null},"geometry":{"type":"LineString","coordinates":[[-57.577326,-25.257054],[-57.577887,-25.257226]]}},{"type":"Feature","properties":{"nombre":null},"geometry":{"type":"LineString","coordinates":[[-57.576726,-25.257033],[-57.576744,-25.257009]]}},{"type":"Feature","properties":{"nombre":null},"geometry":{"type":"LineString","coordinates":[[-57.57628,-25.260477],[-57.576131,-25.26056]]}},{"type":"Feature","properties":{"nombre":null},"geometry":{"type":"LineString","coordinates":[[-57.578649,-25.260706],[-57.579055,-25.260882]]}},{"type":"Feature","properties":{"nombre":"ARROYO YBYRAY"},"geometry":{"type":"LineString","coordinates":[[-57.579415,-25.263138],[-57.579533,-25.263115],[-57.579979,-25.263124],[-57.580257,-25.263272],[-57.580306,-25.263205],[-57.580376,-25.263015],[-57.580649,-25.262855],[-57.580833,-25.262808],[-57.581028,-25.262868],[-57.581116,-25.262873],[-57.581251,-25.262718],[-57.581399,-25.262656],[-57.581657,-25.262605]]}},{"type":"Feature","properties":{"nombre":null},"geometry":{"type":"LineString","coordinates":[[-57.580175,-25.265646],[-57.580007,-25.265421],[-57.579939,-25.26537],[-57.579867,-25.265365],[-57.579621,-25.265463]]}},{"type":"Feature","properties":{"nombre":"ARROYO YBYRAY"},"geometry":{"type":"LineString","coordinates":[[-57.575302,-25.266667],[-57.575,-25.267054]]}},{"type":"Feature","properties":{"nombre":null},"geometry":{"type":"LineString","coordinates":[[-57.583333,-25.291602],[-57.58298,-25.291716]]}},{"type":"Feature","properties":{"nombre":null},"geometry":{"type":"LineString","coordinates":[[-57.572583,-25.251407],[-57.57291,-25.251659],[-57.573498,-25.251937],[-57.573696,-25.252005],[-57.573759,-25.252064],[-57.573834,-25.252053],[-57.573921,-25.252081],[-57.574041,-25.252082],[-57.574289,-25.252031],[-57.574539,-25.252019],[-57.574697,-25.252069],[-57.574859,-25.252178],[-57.575,-25.252189]]}},{"type":"Feature","properties":{"nombre":null},"geometry":{"type":"LineString","coordinates":[[-57.573118,-25.254725],[-57.571951,-25.255367],[-57.57154,-25.255495],[-57.571424,-25.255556]]}},{"type":"Feature","properties":{"nombre":null},"geometry":{"type":"LineString","coordinates":[[-57.566736,-25.257013],[-57.56667,-25.257026]]}},{"type":"Feature","properties":{"nombre":null},"geometry":{"type":"LineString","coordinates":[[-57.570237,-25.259285],[-57.570264,-25.259333]]}},{"type":"Feature","properties":{"nombre":null},"geometry":{"type":"LineString","coordinates":[[-57.571367,-25.25699],[-57.571437,-25.257019]]}},{"type":"Feature","properties":{"nombre":null},"geometry":{"type":"LineString","coordinates":[[-57.571433,-25.256846],[-57.571518,-25.256758]]}},{"type":"Feature","properties":{"nombre":null},"geometry":{"type":"LineString","coordinates":[[-57.569186,-25.259479],[-57.569052,-25.259612]]}},{"type":"Feature","properties":{"nombre":null},"geometry":{"type":"LineString","coordinates":[[-57.57345,-25.257529],[-57.573478,-25.257541]]}},{"type":"Feature","properties":{"nombre":null},"geometry":{"type":"LineString","coordinates":[[-57.549711,-25.249782],[-57.549747,-25.249918]]}},{"type":"Feature","properties":{"nombre":null},"geometry":{"type":"LineString","coordinates":[[-57.549549,-25.249956],[-57.549531,-25.249889]]}},{"type":"Feature","properties":{"nombre":null},"geometry":{"type":"LineString","coordinates":[[-57.551386,-25.254636],[-57.55138,-25.254616]]}},{"type":"Feature","properties":{"nombre":null},"geometry":{"type":"LineString","coordinates":[[-57.54976,-25.24854],[-57.54992,-25.248464]]}},{"type":"Feature","properties":{"nombre":null},"geometry":{"type":"LineString","coordinates":[[-57.568801,-25.284994],[-57.568602,-25.284867],[-57.568593,-25.284879],[-57.568792,-25.285005],[-57.568801,-25.284994]]}},{"type":"Feature","properties":{"nombre":null},"geometry":{"type":"LineString","coordinates":[[-57.562403,-25.251629],[-57.562824,-25.252117],[-57.562994,-25.25223]]}},{"type":"Feature","properties":{"nombre":null},"geometry":{"type":"LineString","coordinates":[[-57.558421,-25.252498],[-57.558456,-25.252461]]}},{"type":"Feature","properties":{"nombre":null},"geometry":{"type":"LineString","coordinates":[[-57.558333,-25.251215],[-57.558396,-25.251254],[-57.558497,-25.251246],[-57.55854,-25.251155],[-57.558697,-25.251077]]}},{"type":"Feature","properties":{"nombre":null},"geometry":{"type":"LineString","coordinates":[[-57.562652,-25.255337],[-57.562452,-25.255338]]}},{"type":"Feature","properties":{"nombre":null},"geometry":{"type":"LineString","coordinates":[[-57.558697,-25.25129],[-57.558632,-25.251775]]}},{"type":"Feature","properties":{"nombre":null},"geometry":{"type":"LineString","coordinates":[[-57.562374,-25.251628],[-57.562196,-25.251421],[-57.562047,-25.251196],[-57.561837,-25.25098],[-57.561617,-25.250832],[-57.561288,-25.250676],[-57.56082,-25.250322]]}},{"type":"Feature","properties":{"nombre":null},"geometry":{"type":"LineString","coordinates":[[-57.558333,-25.256496],[-57.558812,-25.256467],[-57.558933,-25.256405]]}},{"type":"Feature","properties":{"nombre":null},"geometry":{"type":"LineString","coordinates":[[-57.560215,-25.256597],[-57.560552,-25.256618],[-57.560808,-25.256608],[-57.56096,-25.256632],[-57.561089,-25.25668],[-57.561221,-25.256672]]}},{"type":"Feature","properties":{"nombre":null},"geometry":{"type":"LineString","coordinates":[[-57.560363,-25.257593],[-57.560276,-25.257459],[-57.560156,-25.257046],[-57.560108,-25.256771],[-57.560162,-25.2567]]}},{"type":"Feature","properties":{"nombre":null},"geometry":{"type":"LineString","coordinates":[[-57.558552,-25.279931],[-57.558454,-25.279891]]}},{"type":"Feature","properties":{"nombre":null},"geometry":{"type":"LineString","coordinates":[[-57.558952,-25.280372],[-57.559088,-25.280433]]}},{"type":"Feature","properties":{"nombre":null},"geometry":{"type":"LineString","coordinates":[[-57.558417,-25.280108],[-57.558333,-25.28007]]}},{"type":"Feature","properties":{"nombre":null},"geometry":{"type":"LineString","coordinates":[[-57.564876,-25.283407],[-57.564791,-25.283396]]}},{"type":"Feature","properties":{"nombre":null},"geometry":{"type":"LineString","coordinates":[[-57.564744,-25.283389],[-57.564477,-25.283352]]}},{"type":"Feature","properties":{"nombre":null},"geometry":{"type":"LineString","coordinates":[[-57.557552,-25.251797],[-57.557419,-25.251747]]}},{"type":"Feature","properties":{"nombre":null},"geometry":{"type":"LineString","coordinates":[[-57.550286,-25.25],[-57.550706,-25.252152]]}},{"type":"Feature","properties":{"nombre":null},"geometry":{"type":"LineString","coordinates":[[-57.557723,-25.252111],[-57.558333,-25.252441]]}},{"type":"Feature","properties":{"nombre":null},"geometry":{"type":"LineString","coordinates":[[-57.555546,-25.254378],[-57.555665,-25.254371],[-57.555679,-25.254354]]}},{"type":"Feature","properties":{"nombre":null},"geometry":{"type":"LineString","coordinates":[[-57.555759,-25.253666],[-57.555958,-25.253655],[-57.556119,-25.253612]]}},{"type":"Feature","properties":{"nombre":null},"geometry":{"type":"LineString","coordinates":[[-57.550538,-25.251296],[-57.550389,-25.251319],[-57.550385,-25.251299]]}},{"type":"Feature","properties":{"nombre":null},"geometry":{"type":"LineString","coordinates":[[-57.554,-25.250357],[-57.553667,-25.250171]]}},{"type":"Feature","properties":{"nombre":null},"geometry":{"type":"LineString","coordinates":[[-57.550206,-25.250491],[-57.550376,-25.250461]]}},{"type":"Feature","properties":{"nombre":null},"geometry":{"type":"LineString","coordinates":[[-57.556719,-25.251736],[-57.556433,-25.251631]]}},{"type":"Feature","properties":{"nombre":null},"geometry":{"type":"LineString","coordinates":[[-57.555706,-25.251376],[-57.555414,-25.251275]]}},{"type":"Feature","properties":{"nombre":null},"geometry":{"type":"LineString","coordinates":[[-57.557834,-25.256541],[-57.558035,-25.256532],[-57.558104,-25.256501],[-57.558333,-25.256496]]}},{"type":"Feature","properties":{"nombre":null},"geometry":{"type":"LineString","coordinates":[[-57.556424,-25.259067],[-57.556397,-25.259006]]}},{"type":"Feature","properties":{"nombre":null},"geometry":{"type":"LineString","coordinates":[[-57.551313,-25.255556],[-57.551392,-25.256109],[-57.551481,-25.256113],[-57.551521,-25.256266],[-57.551517,-25.25637],[-57.551461,-25.256409],[-57.551228,-25.256411],[-57.551247,-25.256396],[-57.551465,-25.256391],[-57.551496,-25.256368],[-57.551461,-25.256137],[-57.55138,-25.256133],[-57.550974,-25.256478]]}},{"type":"Feature","properties":{"nombre":null},"geometry":{"type":"LineString","coordinates":[[-57.554689,-25.263329],[-57.55449,-25.262868],[-57.554296,-25.262539],[-57.554274,-25.262563]]}},{"type":"Feature","properties":{"nombre":null},"geometry":{"type":"LineString","coordinates":[[-57.554165,-25.275636],[-57.55423,-25.275611]]}},{"type":"Feature","properties":{"nombre":null},"geometry":{"type":"LineString","coordinates":[[-57.553411,-25.276551],[-57.553353,-25.276495]]}},{"type":"Feature","properties":{"nombre":null},"geometry":{"type":"LineString","coordinates":[[-57.550717,-25.276954],[-57.550824,-25.276985]]}},{"type":"Feature","properties":{"nombre":null},"geometry":{"type":"LineString","coordinates":[[-57.550187,-25.274983],[-57.55,-25.274773]]}},{"type":"Feature","properties":{"nombre":null},"geometry":{"type":"LineString","coordinates":[[-57.555564,-25.277257],[-57.555334,-25.27691]]}},{"type":"Feature","properties":{"nombre":null},"geometry":{"type":"LineString","coordinates":[[-57.553873,-25.27575],[-57.553731,-25.275802]]}},{"type":"Feature","properties":{"nombre":null},"geometry":{"type":"LineString","coordinates":[[-57.550528,-25.276899],[-57.55066,-25.276937]]}},{"type":"Feature","properties":{"nombre":null},"geometry":{"type":"LineString","coordinates":[[-57.551826,-25.277267],[-57.551761,-25.277247]]}},{"type":"Feature","properties":{"nombre":null},"geometry":{"type":"LineString","coordinates":[[-57.55019,-25.275006],[-57.550291,-25.275153]]}},{"type":"Feature","properties":{"nombre":null},"geometry":{"type":"LineString","coordinates":[[-57.555327,-25.276913],[-57.555558,-25.27726]]}},{"type":"Feature","properties":{"nombre":null},"geometry":{"type":"LineString","coordinates":[[-57.553771,-25.27672],[-57.553873,-25.276712]]}},{"type":"Feature","properties":{"nombre":null},"geometry":{"type":"LineString","coordinates":[[-57.550497,-25.281233],[-57.550481,-25.281236]]}},{"type":"Feature","properties":{"nombre":null},"geometry":{"type":"LineString","coordinates":[[-57.552391,-25.280391],[-57.552371,-25.280256]]}},{"type":"Feature","properties":{"nombre":null},"geometry":{"type":"LineString","coordinates":[[-57.552828,-25.278218],[-57.553025,-25.277778]]}},{"type":"Feature","properties":{"nombre":null},"geometry":{"type":"LineString","coordinates":[[-57.555599,-25.281045],[-57.555555,-25.281019],[-57.555536,-25.280975],[-57.555581,-25.280671]]}},{"type":"Feature","properties":{"nombre":null},"geometry":{"type":"LineString","coordinates":[[-57.556543,-25.280699],[-57.556425,-25.28063]]}},{"type":"Feature","properties":{"nombre":null},"geometry":{"type":"LineString","coordinates":[[-57.557606,-25.279486],[-57.55742,-25.279399]]}},{"type":"Feature","properties":{"nombre":null},"geometry":{"type":"LineString","coordinates":[[-57.557389,-25.279397],[-57.557377,-25.279389]]}},{"type":"Feature","properties":{"nombre":null},"geometry":{"type":"LineString","coordinates":[[-57.556102,-25.278292],[-57.555856,-25.277778]]}},{"type":"Feature","properties":{"nombre":null},"geometry":{"type":"LineString","coordinates":[[-57.557601,-25.279494],[-57.558033,-25.279694],[-57.557606,-25.279486]]}},{"type":"Feature","properties":{"nombre":null},"geometry":{"type":"LineString","coordinates":[[-57.550925,-25.284351],[-57.550922,-25.284513]]}},{"type":"Feature","properties":{"nombre":null},"geometry":{"type":"LineString","coordinates":[[-57.550516,-25.294218],[-57.554007,-25.294033]]}},{"type":"Feature","properties":{"nombre":null},"geometry":{"type":"LineString","coordinates":[[-57.55085,-25.295557],[-57.550854,-25.295574]]}},{"type":"Feature","properties":{"nombre":null},"geometry":{"type":"LineString","coordinates":[[-57.550801,-25.295543],[-57.55085,-25.295557]]}},{"type":"Feature","properties":{"nombre":null},"geometry":{"type":"LineString","coordinates":[[-57.552723,-25.299519],[-57.552653,-25.299293]]}},{"type":"Feature","properties":{"nombre":null},"geometry":{"type":"LineString","coordinates":[[-57.591911,-25.325448],[-57.591667,-25.325294]]}},{"type":"Feature","properties":{"nombre":null},"geometry":{"type":"LineString","coordinates":[[-57.593046,-25.326076],[-57.593201,-25.3262]]}},{"type":"Feature","properties":{"nombre":null},"geometry":{"type":"LineString","coordinates":[[-57.59316,-25.32625],[-57.593128,-25.326227],[-57.593136,-25.326243],[-57.593107,-25.326252],[-57.593025,-25.326339],[-57.592857,-25.326237],[-57.592752,-25.326357],[-57.592857,-25.326244],[-57.59303,-25.326347],[-57.593114,-25.326255],[-57.59316,-25.32625]]}},{"type":"Feature","properties":{"nombre":null},"geometry":{"type":"LineString","coordinates":[[-57.593414,-25.32644],[-57.593388,-25.326418]]}},{"type":"Feature","properties":{"nombre":null},"geometry":{"type":"LineString","coordinates":[[-57.594743,-25.326902],[-57.594777,-25.326927],[-57.594782,-25.326956],[-57.594758,-25.326939],[-57.594743,-25.326902]]}},{"type":"Feature","properties":{"nombre":null},"geometry":{"type":"LineString","coordinates":[[-57.595533,-25.327052],[-57.59523,-25.327314],[-57.595179,-25.327281],[-57.595241,-25.327333],[-57.595544,-25.327062],[-57.595533,-25.327052]]}},{"type":"Feature","properties":{"nombre":null},"geometry":{"type":"LineString","coordinates":[[-57.592845,-25.327086],[-57.592669,-25.32712]]}},{"type":"Feature","properties":{"nombre":null},"geometry":{"type":"LineString","coordinates":[[-57.591555,-25.305704],[-57.591472,-25.305735]]}},{"type":"Feature","properties":{"nombre":null},"geometry":{"type":"LineString","coordinates":[[-57.549233,-25.246178],[-57.549509,-25.246454],[-57.549523,-25.246442],[-57.549249,-25.246169],[-57.549233,-25.246178]]}},{"type":"Feature","properties":{"nombre":null},"geometry":{"type":"LineString","coordinates":[[-57.548825,-25.248817],[-57.549196,-25.248773],[-57.54924,-25.248698]]}},{"type":"Feature","properties":{"nombre":null},"geometry":{"type":"LineString","coordinates":[[-57.586063,-25.318737],[-57.586183,-25.318643],[-57.586318,-25.318439],[-57.586408,-25.318388],[-57.586514,-25.3184],[-57.586567,-25.318558],[-57.586664,-25.318605],[-57.586731,-25.318611],[-57.586862,-25.318539],[-57.586987,-25.318422]]}},{"type":"Feature","properties":{"nombre":null},"geometry":{"type":"LineString","coordinates":[[-57.585751,-25.331705],[-57.585943,-25.331804],[-57.586257,-25.33189],[-57.586584,-25.332162],[-57.58688,-25.332312],[-57.587485,-25.332465],[-57.587797,-25.332593],[-57.587876,-25.332656],[-57.588213,-25.332817],[-57.588549,-25.332924]]}},{"type":"Feature","properties":{"nombre":"ARROYO MBURICAO"},"geometry":{"type":"LineString","coordinates":[[-57.589999,-25.287217],[-57.589998,-25.287255],[-57.59005,-25.287315],[-57.590129,-25.287317],[-57.590154,-25.287274]]}},{"type":"Feature","properties":{"nombre":"ARROYO MBURICAO"},"geometry":{"type":"LineString","coordinates":[[-57.59067,-25.285392],[-57.590827,-25.285483],[-57.590851,-25.285525],[-57.590839,-25.285664],[-57.590783,-25.285836],[-57.590575,-25.286207],[-57.590479,-25.286618]]}},{"type":"Feature","properties":{"nombre":"ARROYO MBURICAO MI"},"geometry":{"type":"LineString","coordinates":[[-57.58731,-25.288889],[-57.587734,-25.288689],[-57.587956,-25.288548],[-57.588343,-25.288402],[-57.588478,-25.288325],[-57.588532,-25.288216],[-57.588376,-25.287754],[-57.58855,-25.287642],[-57.588696,-25.287515],[-57.588904,-25.287444]]}},{"type":"Feature","properties":{"nombre":"ARROYO MBURICAO MI"},"geometry":{"type":"LineString","coordinates":[[-57.58997,-25.28723],[-57.58989,-25.28728],[-57.589776,-25.287312],[-57.589379,-25.287336],[-57.588904,-25.287444]]}},{"type":"Feature","properties":{"nombre":null},"geometry":{"type":"LineString","coordinates":[[-57.58663,-25.339144],[-57.586787,-25.339042]]}},{"type":"Feature","properties":{"nombre":null},"geometry":{"type":"LineString","coordinates":[[-57.582386,-25.320318],[-57.582405,-25.320312],[-57.582436,-25.319916],[-57.58244,-25.319629],[-57.582475,-25.319586],[-57.582539,-25.319578],[-57.582685,-25.319492],[-57.582696,-25.319387]]}},{"type":"Feature","properties":{"nombre":null},"geometry":{"type":"LineString","coordinates":[[-57.582386,-25.320318],[-57.581983,-25.320217],[-57.581582,-25.320063],[-57.581136,-25.319852],[-57.580882,-25.31962],[-57.580725,-25.319544]]}},{"type":"Feature","properties":{"nombre":null},"geometry":{"type":"LineString","coordinates":[[-57.582888,-25.320433],[-57.582531,-25.320381],[-57.582386,-25.320318]]}},{"type":"Feature","properties":{"nombre":null},"geometry":{"type":"LineString","coordinates":[[-57.578829,-25.321935],[-57.57873,-25.322013],[-57.5786,-25.322222]]}},{"type":"Feature","properties":{"nombre":null},"geometry":{"type":"LineString","coordinates":[[-57.567476,-25.321582],[-57.567493,-25.321702],[-57.567447,-25.321569],[-57.567476,-25.321582]]}},{"type":"Feature","properties":{"nombre":null},"geometry":{"type":"LineString","coordinates":[[-57.571986,-25.324267],[-57.570704,-25.323636],[-57.570327,-25.32404]]}},{"type":"Feature","properties":{"nombre":null},"geometry":{"type":"LineString","coordinates":[[-57.548621,-25.246053],[-57.548635,-25.246068]]}},{"type":"Feature","properties":{"nombre":null},"geometry":{"type":"LineString","coordinates":[[-57.549639,-25.249798],[-57.54967,-25.249933]]}},{"type":"Feature","properties":{"nombre":null},"geometry":{"type":"LineString","coordinates":[[-57.571972,-25.328359],[-57.571578,-25.328399]]}},{"type":"Feature","properties":{"nombre":null},"geometry":{"type":"LineString","coordinates":[[-57.562188,-25.315601],[-57.561883,-25.315644],[-57.561856,-25.315635],[-57.561812,-25.315456],[-57.561554,-25.315498]]}},{"type":"Feature","properties":{"nombre":null},"geometry":{"type":"LineString","coordinates":[[-57.56434,-25.320163],[-57.564282,-25.320223]]}},{"type":"Feature","properties":{"nombre":"ARROYO YTAY"},"geometry":{"type":"LineString","coordinates":[[-57.552385,-25.302435],[-57.552338,-25.302296],[-57.552336,-25.302075],[-57.552307,-25.301987],[-57.552304,-25.301549],[-57.552265,-25.301285],[-57.552242,-25.301266],[-57.552232,-25.301131],[-57.552207,-25.301088],[-57.552116,-25.300483],[-57.551959,-25.3]]}},{"type":"Feature","properties":{"nombre":null},"geometry":{"type":"LineString","coordinates":[[-57.554276,-25.304276],[-57.553652,-25.304362],[-57.553376,-25.302796],[-57.552727,-25.30288]]}},{"type":"Feature","properties":{"nombre":null},"geometry":{"type":"LineString","coordinates":[[-57.554265,-25.307133],[-57.554246,-25.307338],[-57.554264,-25.307505],[-57.55435,-25.307728],[-57.554443,-25.307866],[-57.554483,-25.308031],[-57.554988,-25.308515],[-57.554946,-25.308517],[-57.554897,-25.308468],[-57.554893,-25.3085]]}},{"type":"Feature","properties":{"nombre":null},"geometry":{"type":"LineString","coordinates":[[-57.55503,-25.309848],[-57.555104,-25.309757],[-57.55505,-25.309562],[-57.554979,-25.309423]]}},{"type":"Feature","properties":{"nombre":null},"geometry":{"type":"LineString","coordinates":[[-57.554758,-25.307732],[-57.55436,-25.307743]]}},{"type":"Feature","properties":{"nombre":null},"geometry":{"type":"LineString","coordinates":[[-57.555922,-25.308545],[-57.555683,-25.308532]]}},{"type":"Feature","properties":{"nombre":"ARROYO YTAY"},"geometry":{"type":"LineString","coordinates":[[-57.553634,-25.309356],[-57.553603,-25.309308],[-57.55359,-25.309159],[-57.553467,-25.308704],[-57.553471,-25.308422],[-57.553328,-25.307717]]}},{"type":"Feature","properties":{"nombre":null},"geometry":{"type":"LineString","coordinates":[[-57.556773,-25.314841],[-57.556725,-25.314879]]}},{"type":"Feature","properties":{"nombre":null},"geometry":{"type":"LineString","coordinates":[[-57.544543,-25.236748],[-57.54372,-25.23543]]}},{"type":"Feature","properties":{"nombre":null},"geometry":{"type":"LineString","coordinates":[[-57.546335,-25.238628],[-57.546314,-25.2385],[-57.546366,-25.238394]]}},{"type":"Feature","properties":{"nombre":null},"geometry":{"type":"LineString","coordinates":[[-57.548038,-25.239341],[-57.548093,-25.239392],[-57.548144,-25.239391],[-57.548213,-25.239423],[-57.548265,-25.239477],[-57.548365,-25.239511],[-57.548516,-25.239609]]}},{"type":"Feature","properties":{"nombre":null},"geometry":{"type":"LineString","coordinates":[[-57.547546,-25.243488],[-57.548026,-25.243934]]}},{"type":"Feature","properties":{"nombre":null},"geometry":{"type":"LineString","coordinates":[[-57.54482,-25.242499],[-57.54558,-25.243263],[-57.546889,-25.244444]]}},{"type":"Feature","properties":{"nombre":null},"geometry":{"type":"LineString","coordinates":[[-57.543269,-25.248706],[-57.542592,-25.247368]]}},{"type":"Feature","properties":{"nombre":null},"geometry":{"type":"LineString","coordinates":[[-57.540824,-25.237615],[-57.541221,-25.238322],[-57.54161,-25.238859]]}},{"type":"Feature","properties":{"nombre":null},"geometry":{"type":"LineString","coordinates":[[-57.536372,-25.241515],[-57.536175,-25.241635],[-57.53616,-25.241684],[-57.535941,-25.241929],[-57.535519,-25.242209],[-57.535109,-25.242595],[-57.534964,-25.242675],[-57.534824,-25.242808],[-57.534629,-25.242878]]}},{"type":"Feature","properties":{"nombre":null},"geometry":{"type":"LineString","coordinates":[[-57.537133,-25.240028],[-57.537059,-25.24005],[-57.536718,-25.240306]]}},{"type":"Feature","properties":{"nombre":null},"geometry":{"type":"LineString","coordinates":[[-57.541599,-25.247902],[-57.540541,-25.248549]]}},{"type":"Feature","properties":{"nombre":null},"geometry":{"type":"LineString","coordinates":[[-57.535833,-25.249527],[-57.535776,-25.249599],[-57.535654,-25.249685]]}},{"type":"Feature","properties":{"nombre":null},"geometry":{"type":"LineString","coordinates":[[-57.53475,-25.248664],[-57.534969,-25.248968]]}},{"type":"Feature","properties":{"nombre":null},"geometry":{"type":"LineString","coordinates":[[-57.535225,-25.24659],[-57.535155,-25.246561],[-57.534988,-25.246551],[-57.534909,-25.246603],[-57.534735,-25.246664],[-57.534683,-25.246571]]}},{"type":"Feature","properties":{"nombre":null},"geometry":{"type":"LineString","coordinates":[[-57.531314,-25.242102],[-57.531293,-25.242008],[-57.531192,-25.241948],[-57.531152,-25.241879]]}},{"type":"Feature","properties":{"nombre":null},"geometry":{"type":"LineString","coordinates":[[-57.527454,-25.242816],[-57.528216,-25.243915]]}},{"type":"Feature","properties":{"nombre":null},"geometry":{"type":"LineString","coordinates":[[-57.528018,-25.243518],[-57.528078,-25.243468]]}},{"type":"Feature","properties":{"nombre":null},"geometry":{"type":"LineString","coordinates":[[-57.528647,-25.244445],[-57.528316,-25.243961]]}},{"type":"Feature","properties":{"nombre":null},"geometry":{"type":"LineString","coordinates":[[-57.532972,-25.238969],[-57.533121,-25.238889]]}},{"type":"Feature","properties":{"nombre":null},"geometry":{"type":"LineString","coordinates":[[-57.527323,-25.244444],[-57.527311,-25.244528],[-57.527275,-25.244559]]}},{"type":"Feature","properties":{"nombre":null},"geometry":{"type":"LineString","coordinates":[[-57.52922,-25.245382],[-57.528822,-25.24561]]}},{"type":"Feature","properties":{"nombre":null},"geometry":{"type":"LineString","coordinates":[[-57.533121,-25.247917],[-57.532521,-25.247472],[-57.532383,-25.247417],[-57.532244,-25.247463],[-57.531812,-25.247744],[-57.531517,-25.247849],[-57.53133,-25.247889],[-57.53126,-25.247867]]}},{"type":"Feature","properties":{"nombre":null},"geometry":{"type":"LineString","coordinates":[[-57.54754,-25.254015],[-57.547588,-25.253963],[-57.547717,-25.253947],[-57.547917,-25.253849],[-57.548302,-25.253895]]}},{"type":"Feature","properties":{"nombre":null},"geometry":{"type":"LineString","coordinates":[[-57.541898,-25.253585],[-57.542421,-25.254685]]}},{"type":"Feature","properties":{"nombre":null},"geometry":{"type":"LineString","coordinates":[[-57.548822,-25.273494],[-57.548399,-25.273004],[-57.548061,-25.27267],[-57.547935,-25.272493],[-57.547673,-25.272223]]}},{"type":"Feature","properties":{"nombre":null},"geometry":{"type":"LineString","coordinates":[[-57.537515,-25.237705],[-57.537282,-25.237417],[-57.537183,-25.237372],[-57.537026,-25.237211]]}},{"type":"Feature","properties":{"nombre":null},"geometry":{"type":"LineString","coordinates":[[-57.540231,-25.236473],[-57.540186,-25.236381]]}},{"type":"Feature","properties":{"nombre":null},"geometry":{"type":"LineString","coordinates":[[-57.544318,-25.265219],[-57.544422,-25.265056],[-57.54434,-25.264908],[-57.544397,-25.264815],[-57.544377,-25.264714],[-57.544309,-25.264648],[-57.544063,-25.264632],[-57.543665,-25.264533],[-57.543348,-25.264484],[-57.543137,-25.264412],[-57.542956,-25.264396],[-57.542404,-25.264273],[-57.542167,-25.264246],[-57.542102,-25.26411],[-57.542149,-25.263956],[-57.542114,-25.263854],[-57.542115,-25.263724],[-57.542055,-25.263536],[-57.542009,-25.263453],[-57.541854,-25.263388],[-57.541722,-25.26323],[-57.541667,-25.263232]]}},{"type":"Feature","properties":{"nombre":null},"geometry":{"type":"LineString","coordinates":[[-57.544122,-25.261675],[-57.544002,-25.261701],[-57.543824,-25.261703],[-57.543748,-25.261727],[-57.543365,-25.26173],[-57.54326,-25.261709],[-57.54204,-25.261657],[-57.541667,-25.261621]]}},{"type":"Feature","properties":{"nombre":null},"geometry":{"type":"LineString","coordinates":[[-57.547622,-25.263391],[-57.547606,-25.263388],[-57.547578,-25.263442],[-57.547592,-25.263442],[-57.547622,-25.263391]]}},{"type":"Feature","properties":{"nombre":null},"geometry":{"type":"LineString","coordinates":[[-57.549154,-25.263367],[-57.548362,-25.263363],[-57.548141,-25.263392],[-57.547743,-25.263396]]}},{"type":"Feature","properties":{"nombre":null},"geometry":{"type":"LineString","coordinates":[[-57.547052,-25.271346],[-57.546983,-25.271317],[-57.546643,-25.271264],[-57.546508,-25.271179],[-57.546543,-25.271176],[-57.546643,-25.271254],[-57.547025,-25.271304],[-57.54708,-25.271336],[-57.547189,-25.271354],[-57.547103,-25.27135],[-57.547103,-25.271381]]}},{"type":"Feature","properties":{"nombre":null},"geometry":{"type":"LineString","coordinates":[[-57.544255,-25.268378],[-57.544205,-25.268555],[-57.544208,-25.268623],[-57.544358,-25.268922],[-57.544537,-25.269209]]}},{"type":"Feature","properties":{"nombre":null},"geometry":{"type":"LineString","coordinates":[[-57.544537,-25.269209],[-57.544605,-25.269257],[-57.544674,-25.269353]]}},{"type":"Feature","properties":{"nombre":null},"geometry":{"type":"LineString","coordinates":[[-57.54508,-25.267986],[-57.544825,-25.268867],[-57.544756,-25.269297],[-57.544697,-25.269393]]}},{"type":"Feature","properties":{"nombre":null},"geometry":{"type":"LineString","coordinates":[[-57.547649,-25.27222],[-57.547598,-25.272156]]}},{"type":"Feature","properties":{"nombre":null},"geometry":{"type":"LineString","coordinates":[[-57.547591,-25.272142],[-57.547411,-25.271939],[-57.547309,-25.271767]]}},{"type":"Feature","properties":{"nombre":null},"geometry":{"type":"LineString","coordinates":[[-57.547602,-25.272134],[-57.547458,-25.271979],[-57.547263,-25.271663]]}},{"type":"Feature","properties":{"nombre":null},"geometry":{"type":"LineString","coordinates":[[-57.54725,-25.271669],[-57.547309,-25.271767]]}},{"type":"Feature","properties":{"nombre":null},"geometry":{"type":"LineString","coordinates":[[-57.5472,-25.271543],[-57.54726,-25.271641]]}},{"type":"Feature","properties":{"nombre":null},"geometry":{"type":"LineString","coordinates":[[-57.546646,-25.266865],[-57.545756,-25.266706]]}},{"type":"Feature","properties":{"nombre":null},"geometry":{"type":"LineString","coordinates":[[-57.548874,-25.273554],[-57.548822,-25.273494]]}},{"type":"Feature","properties":{"nombre":null},"geometry":{"type":"LineString","coordinates":[[-57.544348,-25.273831],[-57.544356,-25.273521],[-57.543444,-25.273341],[-57.543288,-25.273641],[-57.5433,-25.27394]]}},{"type":"Feature","properties":{"nombre":null},"geometry":{"type":"LineString","coordinates":[[-57.544535,-25.275259],[-57.544542,-25.275335],[-57.544676,-25.275382]]}},{"type":"Feature","properties":{"nombre":null},"geometry":{"type":"LineString","coordinates":[[-57.549184,-25.273637],[-57.547916,-25.272222]]}},{"type":"Feature","properties":{"nombre":null},"geometry":{"type":"LineString","coordinates":[[-57.5492,-25.276548],[-57.54905,-25.27651]]}},{"type":"Feature","properties":{"nombre":null},"geometry":{"type":"LineString","coordinates":[[-57.546098,-25.275445],[-57.547055,-25.275711]]}},{"type":"Feature","properties":{"nombre":null},"geometry":{"type":"LineString","coordinates":[[-57.558333,-25.314822],[-57.558376,-25.314872]]}},{"type":"Feature","properties":{"nombre":null},"geometry":{"type":"LineString","coordinates":[[-57.55969,-25.314527],[-57.559865,-25.314469],[-57.559981,-25.314466],[-57.560122,-25.314496],[-57.56028,-25.31457],[-57.560359,-25.314641],[-57.560487,-25.314851],[-57.560576,-25.315124],[-57.560588,-25.315238]]}},{"type":"Feature","properties":{"nombre":null},"geometry":{"type":"LineString","coordinates":[[-57.565644,-25.320303],[-57.565551,-25.320318],[-57.565499,-25.3203],[-57.565218,-25.320097],[-57.565091,-25.319966],[-57.564779,-25.319717]]}},{"type":"Feature","properties":{"nombre":null},"geometry":{"type":"LineString","coordinates":[[-57.563398,-25.31788],[-57.563322,-25.31781],[-57.563231,-25.317595]]}},{"type":"Feature","properties":{"nombre":null},"geometry":{"type":"LineString","coordinates":[[-57.564187,-25.320318],[-57.564159,-25.320348]]}},{"type":"Feature","properties":{"nombre":null},"geometry":{"type":"LineString","coordinates":[[-57.564767,-25.319713],[-57.564691,-25.319646],[-57.564477,-25.319546],[-57.564172,-25.319282]]}},{"type":"Feature","properties":{"nombre":null},"geometry":{"type":"LineString","coordinates":[[-57.554281,-25.303142],[-57.554201,-25.303112],[-57.554187,-25.302985],[-57.55415,-25.302966],[-57.554165,-25.302843],[-57.554215,-25.303075],[-57.554242,-25.303117],[-57.554304,-25.303127],[-57.554281,-25.303142]]}},{"type":"Feature","properties":{"nombre":null},"geometry":{"type":"LineString","coordinates":[[-57.554543,-25.305556],[-57.554558,-25.305346],[-57.554442,-25.304955],[-57.554432,-25.304688],[-57.554349,-25.304516],[-57.554337,-25.304308],[-57.554307,-25.304272],[-57.554276,-25.304276]]}},{"type":"Feature","properties":{"nombre":null},"geometry":{"type":"LineString","coordinates":[[-57.554543,-25.305556],[-57.554562,-25.305718],[-57.554623,-25.305893],[-57.554886,-25.306405]]}},{"type":"Feature","properties":{"nombre":null},"geometry":{"type":"LineString","coordinates":[[-57.537932,-25.237739],[-57.538232,-25.237555],[-57.538816,-25.237104],[-57.538844,-25.237111],[-57.539031,-25.237345]]}},{"type":"Feature","properties":{"nombre":null},"geometry":{"type":"LineString","coordinates":[[-57.533333,-25.238779],[-57.533437,-25.238724],[-57.533464,-25.238728]]}},{"type":"Feature","properties":{"nombre":"ARROYO YTAY"},"geometry":{"type":"LineString","coordinates":[[-57.553236,-25.307182],[-57.553163,-25.30714],[-57.553136,-25.307064],[-57.553174,-25.307025],[-57.553181,-25.306944],[-57.55309,-25.306574],[-57.553042,-25.306124],[-57.552928,-25.305556]]}},{"type":"Feature","properties":{"nombre":"ARROYO YTAY"},"geometry":{"type":"LineString","coordinates":[[-57.553293,-25.307173],[-57.553211,-25.306708],[-57.553156,-25.306616],[-57.553085,-25.306208],[-57.553079,-25.306046],[-57.553003,-25.305741],[-57.552993,-25.305556]]}},{"type":"Feature","properties":{"nombre":null},"geometry":{"type":"LineString","coordinates":[[-57.554885,-25.30864],[-57.554822,-25.308926],[-57.554881,-25.309243],[-57.554979,-25.309423]]}},{"type":"Feature","properties":{"nombre":null},"geometry":{"type":"LineString","coordinates":[[-57.558288,-25.314223],[-57.557567,-25.314476]]}},{"type":"Feature","properties":{"nombre":null},"geometry":{"type":"LineString","coordinates":[[-57.558301,-25.314777],[-57.558173,-25.314596],[-57.558199,-25.31458],[-57.55833,-25.31476],[-57.558301,-25.314777]]}},{"type":"Feature","properties":{"nombre":null},"geometry":{"type":"LineString","coordinates":[[-57.549616,-25.237526],[-57.549742,-25.237534],[-57.549884,-25.237431],[-57.55,-25.237497]]}},{"type":"Feature","properties":{"nombre":null},"geometry":{"type":"LineString","coordinates":[[-57.546134,-25.237288],[-57.546252,-25.237611],[-57.546383,-25.237789],[-57.546402,-25.238021],[-57.54646,-25.2381],[-57.546586,-25.238096],[-57.546644,-25.238047],[-57.546649,-25.237998],[-57.546695,-25.237943],[-57.546972,-25.237807],[-57.547032,-25.237727]]}},{"type":"Feature","properties":{"nombre":null},"geometry":{"type":"LineString","coordinates":[[-57.542806,-25.238889],[-57.54274,-25.23881]]}},{"type":"Feature","properties":{"nombre":null},"geometry":{"type":"LineString","coordinates":[[-57.548365,-25.239624],[-57.548256,-25.239467]]}},{"type":"Feature","properties":{"nombre":null},"geometry":{"type":"LineString","coordinates":[[-57.548139,-25.239385],[-57.548077,-25.239312],[-57.548042,-25.239339]]}},{"type":"Feature","properties":{"nombre":null},"geometry":{"type":"LineString","coordinates":[[-57.549918,-25.246793],[-57.549967,-25.246761],[-57.55,-25.246805]]}},{"type":"Feature","properties":{"nombre":null},"geometry":{"type":"LineString","coordinates":[[-57.543985,-25.246386],[-57.54399,-25.246707],[-57.54412,-25.247393],[-57.544169,-25.24741],[-57.544446,-25.247402],[-57.545619,-25.247812]]}},{"type":"Feature","properties":{"nombre":null},"geometry":{"type":"LineString","coordinates":[[-57.549548,-25.246902],[-57.549506,-25.246849]]}},{"type":"Feature","properties":{"nombre":null},"geometry":{"type":"LineString","coordinates":[[-57.549768,-25.249914],[-57.54973,-25.249777]]}},{"type":"Feature","properties":{"nombre":null},"geometry":{"type":"LineString","coordinates":[[-57.542592,-25.247368],[-57.543264,-25.246744],[-57.54367,-25.246434]]}},{"type":"Feature","properties":{"nombre":null},"geometry":{"type":"LineString","coordinates":[[-57.533554,-25.238889],[-57.533554,-25.238936],[-57.533488,-25.239012],[-57.533388,-25.239012],[-57.533333,-25.239049]]}},{"type":"Feature","properties":{"nombre":null},"geometry":{"type":"LineString","coordinates":[[-57.535021,-25.240924],[-57.534768,-25.241033]]}},{"type":"Feature","properties":{"nombre":"ARROYO YTAY"},"geometry":{"type":"LineString","coordinates":[[-57.545061,-25.274586],[-57.544985,-25.274637],[-57.544845,-25.274791],[-57.544721,-25.274875],[-57.544557,-25.274888],[-57.54438,-25.274787],[-57.544057,-25.274683],[-57.543589,-25.274487],[-57.543341,-25.27434],[-57.543074,-25.274255],[-57.542855,-25.274253],[-57.542749,-25.274173],[-57.542743,-25.274137],[-57.542773,-25.274091],[-57.542755,-25.274009],[-57.542683,-25.274101],[-57.54265,-25.274155],[-57.542573,-25.274446],[-57.542565,-25.274544],[-57.542477,-25.274722],[-57.542483,-25.274802],[-57.542585,-25.274947],[-57.542598,-25.275003],[-57.542567,-25.275506],[-57.542549,-25.275536],[-57.542402,-25.275568],[-57.542368,-25.275596],[-57.542315,-25.275892],[-57.542375,-25.276093],[-57.542573,-25.276238],[-57.542651,-25.276412],[-57.542682,-25.27663],[-57.542641,-25.276801],[-57.542565,-25.276912],[-57.542556,-25.277012],[-57.542602,-25.277203],[-57.542734,-25.277496],[-57.54274,-25.277594],[-57.542853,-25.277778]]}},{"type":"Feature","properties":{"nombre":null},"geometry":{"type":"LineString","coordinates":[[-57.544036,-25.280714],[-57.544027,-25.280555],[-57.54408,-25.280341],[-57.54406,-25.280136],[-57.544021,-25.280073],[-57.543964,-25.279758],[-57.543921,-25.279706],[-57.543817,-25.279689],[-57.543801,-25.279664],[-57.543847,-25.279523],[-57.54381,-25.279188],[-57.543642,-25.279015],[-57.543539,-25.278996],[-57.543452,-25.278839],[-57.54323,-25.27872],[-57.543197,-25.278673]]}},{"type":"Feature","properties":{"nombre":null},"geometry":{"type":"LineString","coordinates":[[-57.549724,-25.27851],[-57.549443,-25.278544],[-57.549425,-25.278483],[-57.549358,-25.278456],[-57.549343,-25.278357]]}},{"type":"Feature","properties":{"nombre":null},"geometry":{"type":"LineString","coordinates":[[-57.547026,-25.280322],[-57.546679,-25.280471]]}},{"type":"Feature","properties":{"nombre":null},"geometry":{"type":"LineString","coordinates":[[-57.549641,-25.28058],[-57.549528,-25.279942]]}},{"type":"Feature","properties":{"nombre":null},"geometry":{"type":"LineString","coordinates":[[-57.547209,-25.280235],[-57.547026,-25.280322]]}},{"type":"Feature","properties":{"nombre":null},"geometry":{"type":"LineString","coordinates":[[-57.544379,-25.284605],[-57.545516,-25.284376],[-57.545542,-25.284415],[-57.545655,-25.284418],[-57.546349,-25.284226],[-57.546719,-25.284151]]}},{"type":"Feature","properties":{"nombre":null},"geometry":{"type":"LineString","coordinates":[[-57.545084,-25.294444],[-57.545091,-25.294411],[-57.545116,-25.294419],[-57.545109,-25.294444]]}},{"type":"Feature","properties":{"nombre":null},"geometry":{"type":"LineString","coordinates":[[-57.542346,-25.288931],[-57.542338,-25.288889]]}},{"type":"Feature","properties":{"nombre":null},"geometry":{"type":"LineString","coordinates":[[-57.546041,-25.292651],[-57.546033,-25.29271],[-57.545661,-25.292745],[-57.545538,-25.292721],[-57.545494,-25.292667],[-57.545414,-25.292672],[-57.545243,-25.292701],[-57.545043,-25.292772],[-57.544756,-25.292789],[-57.544575,-25.292827]]}},{"type":"Feature","properties":{"nombre":null},"geometry":{"type":"LineString","coordinates":[[-57.545685,-25.295222],[-57.54567,-25.294896],[-57.545627,-25.294842],[-57.545618,-25.294698],[-57.545523,-25.294548],[-57.545293,-25.294445]]}},{"type":"Feature","properties":{"nombre":"ARROYO YTAY"},"geometry":{"type":"LineString","coordinates":[[-57.534539,-25.255556],[-57.534536,-25.25545],[-57.534418,-25.25524],[-57.534392,-25.255131],[-57.534298,-25.254977]]}},{"type":"Feature","properties":{"nombre":null},"geometry":{"type":"LineString","coordinates":[[-57.540119,-25.252095],[-57.540008,-25.252151],[-57.540007,-25.252135],[-57.540115,-25.252081],[-57.540119,-25.252095]]}},{"type":"Feature","properties":{"nombre":null},"geometry":{"type":"LineString","coordinates":[[-57.540358,-25.251932],[-57.539897,-25.252125],[-57.539888,-25.252111],[-57.540354,-25.251913],[-57.540358,-25.251932]]}},{"type":"Feature","properties":{"nombre":null},"geometry":{"type":"LineString","coordinates":[[-57.540041,-25.25134],[-57.539687,-25.2515],[-57.539733,-25.25145],[-57.539877,-25.251382],[-57.540029,-25.251321],[-57.540041,-25.25134]]}},{"type":"Feature","properties":{"nombre":null},"geometry":{"type":"LineString","coordinates":[[-57.536945,-25.252094],[-57.536746,-25.252144],[-57.536011,-25.252449]]}},{"type":"Feature","properties":{"nombre":null},"geometry":{"type":"LineString","coordinates":[[-57.535974,-25.252463],[-57.535444,-25.25267]]}},{"type":"Feature","properties":{"nombre":null},"geometry":{"type":"LineString","coordinates":[[-57.534883,-25.251712],[-57.534595,-25.251835],[-57.53449,-25.251853],[-57.534321,-25.25174],[-57.53417,-25.251686],[-57.534059,-25.251584],[-57.533676,-25.251526],[-57.533654,-25.2515]]}},{"type":"Feature","properties":{"nombre":null},"geometry":{"type":"LineString","coordinates":[[-57.535441,-25.254392],[-57.535373,-25.25439],[-57.535104,-25.25422],[-57.534734,-25.254046]]}},{"type":"Feature","properties":{"nombre":null},"geometry":{"type":"LineString","coordinates":[[-57.539273,-25.253489],[-57.539063,-25.253443],[-57.538844,-25.253332],[-57.538121,-25.252468],[-57.537699,-25.252018]]}},{"type":"Feature","properties":{"nombre":null},"geometry":{"type":"LineString","coordinates":[[-57.534319,-25.25012],[-57.534005,-25.250206]]}},{"type":"Feature","properties":{"nombre":null},"geometry":{"type":"LineString","coordinates":[[-57.588409,-25.334338],[-57.588567,-25.334352],[-57.588631,-25.334298]]}},{"type":"Feature","properties":{"nombre":null},"geometry":{"type":"LineString","coordinates":[[-57.571982,-25.324264],[-57.570704,-25.323636],[-57.570327,-25.32404]]}},{"type":"Feature","properties":{"nombre":null},"geometry":{"type":"LineString","coordinates":[[-57.565642,-25.320331],[-57.565611,-25.320312]]}},{"type":"Feature","properties":{"nombre":null},"geometry":{"type":"LineString","coordinates":[[-57.564502,-25.319871],[-57.564711,-25.31966]]}},{"type":"Feature","properties":{"nombre":null},"geometry":{"type":"LineString","coordinates":[[-57.563145,-25.317259],[-57.563053,-25.317134]]}},{"type":"Feature","properties":{"nombre":null},"geometry":{"type":"LineString","coordinates":[[-57.554906,-25.306393],[-57.55465,-25.305898],[-57.554558,-25.305556]]}},{"type":"Feature","properties":{"nombre":null},"geometry":{"type":"LineString","coordinates":[[-57.55503,-25.309848],[-57.555104,-25.309757],[-57.55505,-25.309562],[-57.554979,-25.309423]]}},{"type":"Feature","properties":{"nombre":null},"geometry":{"type":"LineString","coordinates":[[-57.555611,-25.308534],[-57.55534,-25.30853]]}},{"type":"Feature","properties":{"nombre":null},"geometry":{"type":"LineString","coordinates":[[-57.555176,-25.308529],[-57.554923,-25.308522]]}},{"type":"Feature","properties":{"nombre":null},"geometry":{"type":"LineString","coordinates":[[-57.557475,-25.31451],[-57.557406,-25.314543]]}},{"type":"Feature","properties":{"nombre":null},"geometry":{"type":"LineString","coordinates":[[-57.543968,-25.295021],[-57.543824,-25.294726],[-57.543743,-25.294701]]}},{"type":"Feature","properties":{"nombre":null},"geometry":{"type":"LineString","coordinates":[[-57.548755,-25.273171],[-57.548709,-25.27312]]}},{"type":"Feature","properties":{"nombre":null},"geometry":{"type":"LineString","coordinates":[[-57.548723,-25.276176],[-57.548827,-25.276208]]}},{"type":"Feature","properties":{"nombre":null},"geometry":{"type":"LineString","coordinates":[[-57.543812,-25.294682],[-57.543701,-25.294444]]}},{"type":"Feature","properties":{"nombre":null},"geometry":{"type":"LineString","coordinates":[[-57.529517,-25.24521],[-57.529245,-25.245489],[-57.529198,-25.245589],[-57.529213,-25.245643],[-57.529189,-25.245678],[-57.529151,-25.245688],[-57.529111,-25.24586],[-57.529073,-25.24587]]}},{"type":"Feature","properties":{"nombre":null},"geometry":{"type":"LineString","coordinates":[[-57.530308,-25.244445],[-57.530099,-25.244622]]}},{"type":"Feature","properties":{"nombre":null},"geometry":{"type":"LineString","coordinates":[[-57.530854,-25.247165],[-57.53079,-25.247187],[-57.530719,-25.247181],[-57.53062,-25.247135],[-57.530561,-25.247194]]}},{"type":"Feature","properties":{"nombre":null},"geometry":{"type":"LineString","coordinates":[[-57.5327,-25.247711],[-57.532496,-25.247556],[-57.532393,-25.247513],[-57.53231,-25.247516],[-57.532137,-25.247596],[-57.53184,-25.247798],[-57.531538,-25.247923],[-57.531304,-25.247977],[-57.531226,-25.247975],[-57.531167,-25.247947],[-57.531103,-25.247959],[-57.53107,-25.248002],[-57.531158,-25.248111],[-57.531164,-25.248209],[-57.531154,-25.248267],[-57.531109,-25.248302]]}},{"type":"Feature","properties":{"nombre":null},"geometry":{"type":"LineString","coordinates":[[-57.531269,-25.245772],[-57.530908,-25.246052]]}},{"type":"Feature","properties":{"nombre":null},"geometry":{"type":"LineString","coordinates":[[-57.545784,-25.272222],[-57.545415,-25.273874],[-57.545404,-25.27385],[-57.54577,-25.272222]]}},{"type":"Feature","properties":{"nombre":null},"geometry":{"type":"LineString","coordinates":[[-57.547654,-25.276099],[-57.547617,-25.276088],[-57.547613,-25.276101],[-57.547649,-25.276112],[-57.547654,-25.276099]]}},{"type":"Feature","properties":{"nombre":null},"geometry":{"type":"LineString","coordinates":[[-57.549746,-25.276699],[-57.549654,-25.276672]]}},{"type":"Feature","properties":{"nombre":null},"geometry":{"type":"LineString","coordinates":[[-57.545889,-25.272241],[-57.545674,-25.273181],[-57.545687,-25.27321],[-57.545921,-25.272265],[-57.545922,-25.272244],[-57.545889,-25.272241]]}},{"type":"Feature","properties":{"nombre":null},"geometry":{"type":"LineString","coordinates":[[-57.549185,-25.273268],[-57.548985,-25.273412]]}},{"type":"Feature","properties":{"nombre":null},"geometry":{"type":"LineString","coordinates":[[-57.549867,-25.274644],[-57.549791,-25.274561]]}},{"type":"Feature","properties":{"nombre":null},"geometry":{"type":"LineString","coordinates":[[-57.548927,-25.273603],[-57.548889,-25.27357]]}},{"type":"Feature","properties":{"nombre":null},"geometry":{"type":"LineString","coordinates":[[-57.548866,-25.273559],[-57.548823,-25.273511]]}},{"type":"Feature","properties":{"nombre":null},"geometry":{"type":"LineString","coordinates":[[-57.548629,-25.276144],[-57.548688,-25.276162]]}},{"type":"Feature","properties":{"nombre":null},"geometry":{"type":"LineString","coordinates":[[-57.547733,-25.27591],[-57.547759,-25.275918]]}},{"type":"Feature","properties":{"nombre":null},"geometry":{"type":"LineString","coordinates":[[-57.54713,-25.275738],[-57.547233,-25.275771]]}},{"type":"Feature","properties":{"nombre":null},"geometry":{"type":"LineString","coordinates":[[-57.54794,-25.276177],[-57.54787,-25.27616],[-57.547866,-25.276173],[-57.547936,-25.27619],[-57.54794,-25.276177]]}},{"type":"Feature","properties":{"nombre":null},"geometry":{"type":"LineString","coordinates":[[-57.55,-25.274773],[-57.549905,-25.274681]]}},{"type":"Feature","properties":{"nombre":null},"geometry":{"type":"LineString","coordinates":[[-57.54966,-25.276654],[-57.549752,-25.27668]]}},{"type":"Feature","properties":{"nombre":null},"geometry":{"type":"LineString","coordinates":[[-57.549322,-25.276579],[-57.549492,-25.276626]]}},{"type":"Feature","properties":{"nombre":null},"geometry":{"type":"LineString","coordinates":[[-57.545294,-25.294445],[-57.545214,-25.294398],[-57.545161,-25.294393],[-57.545121,-25.294445]]}},{"type":"Feature","properties":{"nombre":null},"geometry":{"type":"LineString","coordinates":[[-57.549708,-25.2911],[-57.549698,-25.290889],[-57.549556,-25.290565]]}},{"type":"Feature","properties":{"nombre":null},"geometry":{"type":"LineString","coordinates":[[-57.549391,-25.290108],[-57.549223,-25.289687]]}},{"type":"Feature","properties":{"nombre":null},"geometry":{"type":"LineString","coordinates":[[-57.549136,-25.28928],[-57.549147,-25.289203]]}},{"type":"Feature","properties":{"nombre":null},"geometry":{"type":"LineString","coordinates":[[-57.541846,-25.288889],[-57.541667,-25.288954]]}},{"type":"Feature","properties":{"nombre":null},"geometry":{"type":"LineString","coordinates":[[-57.544481,-25.294122],[-57.544313,-25.294115],[-57.544277,-25.294075],[-57.544274,-25.294015]]}},{"type":"Feature","properties":{"nombre":null},"geometry":{"type":"LineString","coordinates":[[-57.543701,-25.294444],[-57.543663,-25.294366],[-57.543655,-25.294279],[-57.543718,-25.294115]]}},{"type":"Feature","properties":{"nombre":null},"geometry":{"type":"LineString","coordinates":[[-57.541119,-25.261927],[-57.540722,-25.261889],[-57.540643,-25.261824],[-57.540505,-25.261779],[-57.54044,-25.261735],[-57.540321,-25.261621],[-57.540322,-25.261532]]}},{"type":"Feature","properties":{"nombre":null},"geometry":{"type":"LineString","coordinates":[[-57.538575,-25.261976],[-57.538526,-25.26198],[-57.538471,-25.262019],[-57.538406,-25.262015],[-57.538354,-25.261984],[-57.538194,-25.26179],[-57.538243,-25.261675],[-57.538237,-25.261588],[-57.538109,-25.261542],[-57.538073,-25.261562]]}},{"type":"Feature","properties":{"nombre":null},"geometry":{"type":"LineString","coordinates":[[-57.539992,-25.262621],[-57.540345,-25.262719],[-57.540471,-25.262772],[-57.540517,-25.262827]]}},{"type":"Feature","properties":{"nombre":"ARROYO YTAY"},"geometry":{"type":"LineString","coordinates":[[-57.537613,-25.262692],[-57.537641,-25.262787],[-57.537703,-25.262824],[-57.537735,-25.262994],[-57.537798,-25.263153],[-57.538102,-25.263677],[-57.538179,-25.263752],[-57.538448,-25.264321],[-57.538555,-25.264451],[-57.538668,-25.264746],[-57.538733,-25.264817],[-57.53874,-25.264872],[-57.538694,-25.264919],[-57.538687,-25.264984],[-57.538785,-25.265268],[-57.538902,-25.265468],[-57.539038,-25.265597],[-57.539121,-25.265746],[-57.539244,-25.2659],[-57.539318,-25.266081],[-57.53931,-25.26611],[-57.539441,-25.26622],[-57.539511,-25.266326],[-57.539583,-25.266498]]}},{"type":"Feature","properties":{"nombre":null},"geometry":{"type":"LineString","coordinates":[[-57.541667,-25.277079],[-57.541573,-25.27716],[-57.541544,-25.277256],[-57.541585,-25.277323],[-57.541667,-25.277373]]}},{"type":"Feature","properties":{"nombre":"ARROYO MBURICAO"},"geometry":{"type":"LineString","coordinates":[[-57.593012,-25.291595],[-57.593136,-25.291823],[-57.592938,-25.292034],[-57.592923,-25.29225],[-57.592996,-25.292395],[-57.593143,-25.292578],[-57.593245,-25.292658],[-57.593286,-25.292728],[-57.593283,-25.29287],[-57.5932,-25.292993],[-57.593213,-25.29313],[-57.593537,-25.293468],[-57.593902,-25.293772],[-57.594005,-25.293933],[-57.594045,-25.294048]]}},{"type":"Feature","properties":{"nombre":null},"geometry":{"type":"LineString","coordinates":[[-57.667767,-25.285951],[-57.667864,-25.286007],[-57.667967,-25.286104],[-57.668148,-25.286427],[-57.668205,-25.28638],[-57.668281,-25.286383],[-57.668266,-25.286487],[-57.668311,-25.286494],[-57.668298,-25.286557],[-57.668317,-25.286575]]}},{"type":"Feature","properties":{"nombre":null},"geometry":{"type":"LineString","coordinates":[[-57.668549,-25.287225],[-57.668813,-25.287519],[-57.669051,-25.2876],[-57.669157,-25.287695],[-57.669231,-25.287822],[-57.669236,-25.287984]]}},{"type":"Feature","properties":{"nombre":null},"geometry":{"type":"LineString","coordinates":[[-57.66682,-25.287041],[-57.667446,-25.287156]]}},{"type":"Feature","properties":{"nombre":null},"geometry":{"type":"LineString","coordinates":[[-57.669898,-25.290382],[-57.66991,-25.290449]]}},{"type":"Feature","properties":{"nombre":null},"geometry":{"type":"LineString","coordinates":[[-57.669185,-25.288937],[-57.669223,-25.289033]]}},{"type":"Feature","properties":{"nombre":null},"geometry":{"type":"LineString","coordinates":[[-57.669934,-25.291831],[-57.67002,-25.291801]]}},{"type":"Feature","properties":{"nombre":null},"geometry":{"type":"LineString","coordinates":[[-57.669602,-25.296089],[-57.669682,-25.296052],[-57.669685,-25.295968],[-57.66979,-25.295992],[-57.669871,-25.295975]]}},{"type":"Feature","properties":{"nombre":null},"geometry":{"type":"LineString","coordinates":[[-57.668956,-25.298211],[-57.669338,-25.298282]]}},{"type":"Feature","properties":{"nombre":null},"geometry":{"type":"LineString","coordinates":[[-57.660376,-25.277778],[-57.660204,-25.277705],[-57.660099,-25.277618],[-57.660064,-25.277412],[-57.660026,-25.277362],[-57.659863,-25.277311],[-57.65972,-25.277234],[-57.659493,-25.277257],[-57.659214,-25.277183],[-57.659106,-25.277253],[-57.659035,-25.277232],[-57.658923,-25.277248],[-57.658873,-25.277279],[-57.658866,-25.277375],[-57.658812,-25.277448],[-57.658757,-25.27742],[-57.658837,-25.277241],[-57.658815,-25.277182],[-57.658742,-25.277146],[-57.658569,-25.277118],[-57.658568,-25.277025],[-57.658463,-25.276948],[-57.658432,-25.276951],[-57.658389,-25.277069],[-57.658333,-25.277053]]}},{"type":"Feature","properties":{"nombre":null},"geometry":{"type":"LineString","coordinates":[[-57.654691,-25.275344],[-57.654683,-25.275422],[-57.654725,-25.275516],[-57.654742,-25.275549],[-57.654788,-25.275543],[-57.654797,-25.275495],[-57.654759,-25.275427],[-57.654779,-25.275326],[-57.65482,-25.275272],[-57.65482,-25.275212],[-57.65475,-25.275217],[-57.654691,-25.275344]]}},{"type":"Feature","properties":{"nombre":null},"geometry":{"type":"LineString","coordinates":[[-57.650001,-25.273625],[-57.650078,-25.273575],[-57.650303,-25.273607],[-57.650377,-25.273561],[-57.650489,-25.273558],[-57.650732,-25.273697],[-57.651258,-25.273826],[-57.651309,-25.273878],[-57.651326,-25.273946],[-57.651263,-25.274046],[-57.651282,-25.274073],[-57.651445,-25.274041],[-57.651559,-25.273976],[-57.65161,-25.273971],[-57.651742,-25.27405],[-57.651836,-25.274194],[-57.65184,-25.274316],[-57.651698,-25.274605],[-57.651617,-25.274615],[-57.651313,-25.274544],[-57.651213,-25.274639],[-57.651027,-25.275048],[-57.650955,-25.275147],[-57.650936,-25.275418],[-57.65097,-25.275635],[-57.650943,-25.275677],[-57.650838,-25.275701],[-57.650756,-25.275676],[-57.650743,-25.275616],[-57.65071,-25.275601],[-57.650634,-25.275637],[-57.650605,-25.275693],[-57.65063,-25.275758],[-57.650628,-25.275843],[-57.650652,-25.27587],[-57.650752,-25.275879],[-57.650817,-25.275805],[-57.65092,-25.275777],[-57.651011,-25.275808],[-57.65109,-25.275797],[-57.651325,-25.275848],[-57.651375,-25.275835],[-57.651402,-25.275741],[-57.651461,-25.275751],[-57.651448,-25.275871],[-57.651548,-25.275885],[-57.651577,-25.275873],[-57.651587,-25.275839],[-57.651621,-25.275834],[-57.651702,-25.275888],[-57.651716,-25.275824],[-57.651747,-25.275823],[-57.651809,-25.275853],[-57.651803,-25.275914],[-57.651869,-25.275912],[-57.651898,-25.275864],[-57.651915,-25.275719],[-57.651985,-25.27563],[-57.651991,-25.275524],[-57.652015,-25.275509],[-57.652079,-25.275529],[-57.652139,-25.275447],[-57.65217,-25.275452],[-57.652142,-25.275519],[-57.652161,-25.275621],[-57.652022,-25.275796],[-57.652023,-25.275838],[-57.652085,-25.27587],[-57.652081,-25.275959],[-57.652111,-25.276019],[-57.652179,-25.276081],[-57.652222,-25.276064],[-57.65228,-25.275742],[-57.652295,-25.275717],[-57.652415,-25.275732],[-57.652351,-25.276098],[-57.652363,-25.276122],[-57.6525,-25.276127],[-57.652569,-25.276072],[-57.652598,-25.275987],[-57.652692,-25.275955],[-57.652715,-25.275975],[-57.652699,-25.276],[-57.652637,-25.27602],[-57.652646,-25.276057],[-57.652675,-25.276083],[-57.652706,-25.276063],[-57.652816,-25.276087],[-57.652777,-25.276164],[-57.652777,-25.276205],[-57.652807,-25.276216],[-57.652852,-25.276003],[-57.652888,-25.27599],[-57.652965,-25.276044],[-57.653008,-25.276001],[-57.653012,-25.275953],[-57.653007,-25.275872],[-57.652982,-25.275839],[-57.652913,-25.275853],[-57.652846,-25.275906],[-57.652814,-25.275894],[-57.652826,-25.275862],[-57.652982,-25.275697],[-57.6531,-25.275699],[-57.653156,-25.275665],[-57.653252,-25.275569],[-57.653291,-25.275397],[-57.65333,-25.275375],[-57.653413,-25.275374],[-57.65352,-25.27526],[-57.65362,-25.275215],[-57.653668,-25.275164],[-57.653682,-25.275098],[-57.653713,-25.275082],[-57.653573,-25.275711],[-57.653571,-25.275782],[-57.653635,-25.275803],[-57.65382,-25.275829],[-57.654011,-25.27513],[-57.654026,-25.275154],[-57.65381,-25.276064],[-57.653726,-25.276526],[-57.653753,-25.276511],[-57.653816,-25.276363],[-57.653803,-25.276228],[-57.653827,-25.276207],[-57.653859,-25.276215],[-57.653876,-25.276268],[-57.653894,-25.276244],[-57.653911,-25.276003],[-57.654016,-25.275774],[-57.654038,-25.27574],[-57.654081,-25.275731],[-57.654222,-25.275741],[-57.654294,-25.275667],[-57.654366,-25.275781],[-57.654389,-25.275979],[-57.654411,-25.276002],[-57.654477,-25.275998],[-57.654581,-25.275791],[-57.65461,-25.275786],[-57.654602,-25.275877],[-57.654507,-25.276118],[-57.654529,-25.276141],[-57.654561,-25.276135],[-57.654614,-25.276008],[-57.65465,-25.275983],[-57.654752,-25.276],[-57.654719,-25.276097],[-57.654613,-25.276226],[-57.65462,-25.276263],[-57.654768,-25.276209],[-57.654809,-25.276257],[-57.654797,-25.276345]]}},{"type":"Feature","properties":{"nombre":null},"geometry":{"type":"LineString","coordinates":[[-57.65,-25.274739],[-57.650212,-25.27476],[-57.650402,-25.274633],[-57.6505,-25.274668],[-57.650583,-25.27466],[-57.650706,-25.274714],[-57.650837,-25.274668],[-57.650891,-25.274577],[-57.650878,-25.274543],[-57.650537,-25.274486],[-57.65049,-25.274587],[-57.650456,-25.27458],[-57.650403,-25.274471],[-57.650345,-25.274464],[-57.650222,-25.274518],[-57.650125,-25.274639],[-57.65,-25.274636]]}},{"type":"Feature","properties":{"nombre":null},"geometry":{"type":"LineString","coordinates":[[-57.65599,-25.282145],[-57.655839,-25.282139],[-57.655837,-25.28213],[-57.655947,-25.282126],[-57.65599,-25.282145]]}},{"type":"Feature","properties":{"nombre":null},"geometry":{"type":"LineString","coordinates":[[-57.656206,-25.28239],[-57.656217,-25.282572],[-57.656207,-25.282392]]}},{"type":"Feature","properties":{"nombre":null},"geometry":{"type":"LineString","coordinates":[[-57.656347,-25.281629],[-57.656406,-25.281357],[-57.656396,-25.281355],[-57.656334,-25.281629],[-57.656347,-25.281629]]}},{"type":"Feature","properties":{"nombre":null},"geometry":{"type":"LineString","coordinates":[[-57.656027,-25.281288],[-57.655942,-25.281632]]}},{"type":"Feature","properties":{"nombre":"ARROYO MBURICAO SUR"},"geometry":{"type":"LineString","coordinates":[[-57.656101,-25.298169],[-57.655983,-25.298311],[-57.655777,-25.298396],[-57.655434,-25.298459],[-57.655278,-25.298517],[-57.655208,-25.298517],[-57.655082,-25.298471],[-57.655006,-25.298474],[-57.654689,-25.29856],[-57.654634,-25.298604],[-57.654516,-25.298619],[-57.654402,-25.298607],[-57.654049,-25.298273],[-57.653806,-25.29811],[-57.653663,-25.29796],[-57.653618,-25.297731],[-57.653412,-25.297482],[-57.653225,-25.297334],[-57.653037,-25.297348],[-57.652959,-25.297286],[-57.652928,-25.297195],[-57.652853,-25.297102],[-57.652529,-25.296974],[-57.652356,-25.296686],[-57.652285,-25.296606],[-57.652275,-25.296482],[-57.652178,-25.296199],[-57.652106,-25.296164],[-57.651866,-25.296115]]}},{"type":"Feature","properties":{"nombre":null},"geometry":{"type":"LineString","coordinates":[[-57.662731,-25.322222],[-57.662726,-25.322202],[-57.662677,-25.322201],[-57.662603,-25.32216],[-57.662446,-25.322143],[-57.66237,-25.3222],[-57.662229,-25.322215],[-57.662151,-25.322202],[-57.662076,-25.322222]]}},{"type":"Feature","properties":{"nombre":null},"geometry":{"type":"LineString","coordinates":[[-57.65077,-25.311034],[-57.650802,-25.311111]]}},{"type":"Feature","properties":{"nombre":null},"geometry":{"type":"LineString","coordinates":[[-57.652337,-25.311484],[-57.652218,-25.311587],[-57.65214,-25.311622],[-57.652183,-25.311732],[-57.652275,-25.311829],[-57.652315,-25.312124],[-57.652299,-25.31238],[-57.652056,-25.31282],[-57.651976,-25.312909],[-57.65181,-25.31299],[-57.651613,-25.313048],[-57.651269,-25.313059],[-57.650786,-25.313006],[-57.650406,-25.312872],[-57.65,-25.312784]]}},{"type":"Feature","properties":{"nombre":"ARROYO JARDIN"},"geometry":{"type":"LineString","coordinates":[[-57.647123,-25.277689],[-57.647178,-25.27729],[-57.647153,-25.276985],[-57.647221,-25.27676],[-57.647247,-25.276451],[-57.647125,-25.276999],[-57.647159,-25.277292],[-57.647112,-25.277693]]}},{"type":"Feature","properties":{"nombre":"ARROYO JAEN"},"geometry":{"type":"LineString","coordinates":[[-57.643662,-25.276538],[-57.643178,-25.276634],[-57.64294,-25.27678],[-57.642743,-25.277043],[-57.642661,-25.277256],[-57.642482,-25.277499]]}},{"type":"Feature","properties":{"nombre":"ARROYO JARDIN"},"geometry":{"type":"LineString","coordinates":[[-57.647067,-25.279084],[-57.64709,-25.279041],[-57.647107,-25.278878],[-57.647071,-25.278862],[-57.647037,-25.278865],[-57.647032,-25.279058]]}},{"type":"Feature","properties":{"nombre":null},"geometry":{"type":"LineString","coordinates":[[-57.633333,-25.277728],[-57.633269,-25.277778]]}},{"type":"Feature","properties":{"nombre":null},"geometry":{"type":"LineString","coordinates":[[-57.632913,-25.277778],[-57.632929,-25.277778]]}},{"type":"Feature","properties":{"nombre":null},"geometry":{"type":"LineString","coordinates":[[-57.632475,-25.277778],[-57.632431,-25.277781],[-57.63233,-25.277848],[-57.63229,-25.277948],[-57.632284,-25.278078],[-57.63235,-25.278143],[-57.632405,-25.278299],[-57.632317,-25.278338],[-57.632274,-25.278467],[-57.632136,-25.278481],[-57.631846,-25.278432],[-57.631613,-25.278353],[-57.631561,-25.27832],[-57.631591,-25.278266],[-57.63164,-25.27826],[-57.631689,-25.278219],[-57.6316,-25.278215],[-57.631512,-25.278112],[-57.631416,-25.27809],[-57.631168,-25.278091],[-57.630989,-25.277939],[-57.63064,-25.277778]]}},{"type":"Feature","properties":{"nombre":null},"geometry":{"type":"LineString","coordinates":[[-57.636019,-25.327483],[-57.635812,-25.327038],[-57.635897,-25.326762]]}},{"type":"Feature","properties":{"nombre":null},"geometry":{"type":"LineString","coordinates":[[-57.633333,-25.277925],[-57.633254,-25.277987],[-57.633001,-25.277971],[-57.632949,-25.277936],[-57.632953,-25.2779],[-57.632924,-25.277883],[-57.632913,-25.277778]]}},{"type":"Feature","properties":{"nombre":null},"geometry":{"type":"LineString","coordinates":[[-57.619099,-25.266667],[-57.619092,-25.266729],[-57.618978,-25.266824],[-57.61886,-25.266979],[-57.618739,-25.267249],[-57.618504,-25.267499],[-57.618516,-25.267579],[-57.618422,-25.26765],[-57.618321,-25.267561],[-57.618234,-25.267391],[-57.618254,-25.267341],[-57.61836,-25.267315],[-57.618394,-25.267255],[-57.618404,-25.267161],[-57.618378,-25.267067],[-57.618424,-25.266667]]}},{"type":"Feature","properties":{"nombre":null},"geometry":{"type":"LineString","coordinates":[[-57.625,-25.276897],[-57.624923,-25.276939],[-57.624873,-25.277016],[-57.624881,-25.277151],[-57.624945,-25.277219],[-57.624933,-25.277307],[-57.624835,-25.277323],[-57.624689,-25.277297],[-57.624595,-25.277319],[-57.624552,-25.277446],[-57.624408,-25.277568],[-57.624382,-25.277778]]}},{"type":"Feature","properties":{"nombre":null},"geometry":{"type":"LineString","coordinates":[[-57.616667,-25.273339],[-57.616684,-25.273316],[-57.616667,-25.273286]]}},{"type":"Feature","properties":{"nombre":null},"geometry":{"type":"LineString","coordinates":[[-57.617268,-25.285487],[-57.61722,-25.285297],[-57.617214,-25.285044],[-57.617037,-25.284909]]}},{"type":"Feature","properties":{"nombre":null},"geometry":{"type":"LineString","coordinates":[[-57.612589,-25.272222],[-57.612276,-25.272439],[-57.612151,-25.272462],[-57.612117,-25.272449],[-57.611915,-25.272541],[-57.611726,-25.272492],[-57.611662,-25.272391],[-57.611573,-25.272392],[-57.61151,-25.272437],[-57.611478,-25.272429],[-57.61148,-25.272295],[-57.611517,-25.272222]]}},{"type":"Feature","properties":{"nombre":"ARROYO LAS MERCEDES"},"geometry":{"type":"LineString","coordinates":[[-57.614514,-25.274439],[-57.614413,-25.274537],[-57.614352,-25.27456],[-57.614086,-25.27444]]}},{"type":"Feature","properties":{"nombre":null},"geometry":{"type":"LineString","coordinates":[[-57.612272,-25.273149],[-57.612302,-25.273076],[-57.612413,-25.273038],[-57.61248,-25.272902],[-57.612544,-25.272854]]}},{"type":"Feature","properties":{"nombre":null},"geometry":{"type":"LineString","coordinates":[[-57.612783,-25.276263],[-57.613273,-25.276618]]}},{"type":"Feature","properties":{"nombre":null},"geometry":{"type":"LineString","coordinates":[[-57.614066,-25.277778],[-57.613976,-25.277908],[-57.613794,-25.278334],[-57.613823,-25.278353],[-57.613984,-25.277958],[-57.614013,-25.278022],[-57.614037,-25.278268],[-57.614082,-25.278439]]}},{"type":"Feature","properties":{"nombre":"ARROYO LAS MERCEDES"},"geometry":{"type":"LineString","coordinates":[[-57.609537,-25.278366],[-57.609604,-25.278279],[-57.609605,-25.278234],[-57.609556,-25.278262],[-57.609497,-25.278367],[-57.609537,-25.278366]]}},{"type":"Feature","properties":{"nombre":null},"geometry":{"type":"LineString","coordinates":[[-57.605668,-25.2743],[-57.605643,-25.274319]]}},{"type":"Feature","properties":{"nombre":null},"geometry":{"type":"LineString","coordinates":[[-57.648846,-25.309289],[-57.649057,-25.309675],[-57.649117,-25.309828],[-57.649202,-25.309896],[-57.649221,-25.310018]]}},{"type":"Feature","properties":{"nombre":null},"geometry":{"type":"LineString","coordinates":[[-57.649235,-25.310066],[-57.649285,-25.310218],[-57.649422,-25.310265],[-57.64981,-25.310153]]}},{"type":"Feature","properties":{"nombre":"ARROYO SALAMANCA"},"geometry":{"type":"LineString","coordinates":[[-57.65,-25.312752],[-57.649694,-25.312565],[-57.649482,-25.312469],[-57.649115,-25.312193],[-57.648501,-25.311803],[-57.648333,-25.311658],[-57.648264,-25.311555],[-57.648197,-25.311511],[-57.648029,-25.311458],[-57.647851,-25.311442],[-57.647635,-25.311355],[-57.647528,-25.311339],[-57.64748,-25.311273],[-57.647606,-25.311111]]}},{"type":"Feature","properties":{"nombre":null},"geometry":{"type":"LineString","coordinates":[[-57.644534,-25.316536],[-57.644545,-25.316614],[-57.644582,-25.316667]]}},{"type":"Feature","properties":{"nombre":"ARROYO Z. MOROTI"},"geometry":{"type":"LineString","coordinates":[[-57.641667,-25.313405],[-57.641955,-25.313518],[-57.642312,-25.313537],[-57.643024,-25.313509],[-57.6432,-25.313488],[-57.643427,-25.313422],[-57.643693,-25.313448],[-57.644165,-25.31361],[-57.644431,-25.313605],[-57.644588,-25.313681],[-57.644837,-25.313947],[-57.645029,-25.314021],[-57.645269,-25.31405]]}},{"type":"Feature","properties":{"nombre":null},"geometry":{"type":"LineString","coordinates":[[-57.641667,-25.320411],[-57.641785,-25.320368],[-57.642179,-25.320341],[-57.642284,-25.320425],[-57.642355,-25.320534]]}},{"type":"Feature","properties":{"nombre":null},"geometry":{"type":"LineString","coordinates":[[-57.649782,-25.321006],[-57.649913,-25.321033],[-57.649916,-25.321055],[-57.649966,-25.321069]]}},{"type":"Feature","properties":{"nombre":"ARROYO FERREIRA"},"geometry":{"type":"LineString","coordinates":[[-57.642651,-25.319375],[-57.642786,-25.319575],[-57.642626,-25.319413],[-57.64262,-25.319343],[-57.64265,-25.319374]]}},{"type":"Feature","properties":{"nombre":null},"geometry":{"type":"LineString","coordinates":[[-57.644408,-25.327778],[-57.644386,-25.32775]]}},{"type":"Feature","properties":{"nombre":null},"geometry":{"type":"LineString","coordinates":[[-57.642762,-25.330436],[-57.643167,-25.330529],[-57.643548,-25.330655],[-57.643624,-25.330687],[-57.643726,-25.330836],[-57.643757,-25.330836],[-57.643643,-25.330679],[-57.64323,-25.330528],[-57.642815,-25.33044],[-57.642777,-25.330409]]}},{"type":"Feature","properties":{"nombre":null},"geometry":{"type":"LineString","coordinates":[[-57.643804,-25.332678],[-57.643868,-25.33269],[-57.644024,-25.332784]]}},{"type":"Feature","properties":{"nombre":null},"geometry":{"type":"LineString","coordinates":[[-57.645702,-25.333333],[-57.645798,-25.333267],[-57.645923,-25.333072],[-57.645927,-25.333016],[-57.645964,-25.333012],[-57.646055,-25.333051],[-57.646087,-25.333102],[-57.645956,-25.333255],[-57.645936,-25.333333]]}},{"type":"Feature","properties":{"nombre":null},"geometry":{"type":"LineString","coordinates":[[-57.642978,-25.334339],[-57.642794,-25.334329],[-57.642714,-25.334294],[-57.642518,-25.334107]]}},{"type":"Feature","properties":{"nombre":null},"geometry":{"type":"LineString","coordinates":[[-57.643014,-25.348051],[-57.642994,-25.348157],[-57.643009,-25.348182]]}},{"type":"Feature","properties":{"nombre":null},"geometry":{"type":"LineString","coordinates":[[-57.642496,-25.349392],[-57.642861,-25.349257],[-57.642873,-25.349233],[-57.642899,-25.349152],[-57.642989,-25.348324],[-57.643094,-25.348305],[-57.643135,-25.348087]]}},{"type":"Feature","properties":{"nombre":null},"geometry":{"type":"LineString","coordinates":[[-57.642809,-25.349072],[-57.642683,-25.349074]]}},{"type":"Feature","properties":{"nombre":null},"geometry":{"type":"LineString","coordinates":[[-57.640862,-25.324005],[-57.640264,-25.323747]]}},{"type":"Feature","properties":{"nombre":null},"geometry":{"type":"LineString","coordinates":[[-57.640267,-25.323742],[-57.640868,-25.323987]]}},{"type":"Feature","properties":{"nombre":"ARROYO SALAMANCA"},"geometry":{"type":"LineString","coordinates":[[-57.640851,-25.301656],[-57.640972,-25.301715],[-57.641007,-25.301815],[-57.641051,-25.30185],[-57.641051,-25.301889],[-57.641164,-25.301978],[-57.641267,-25.302111],[-57.64136,-25.30218],[-57.641424,-25.302193],[-57.641515,-25.302297],[-57.641514,-25.30235],[-57.641593,-25.302434],[-57.641611,-25.302507],[-57.641649,-25.302528]]}},{"type":"Feature","properties":{"nombre":"ARROYO SALAMANCA"},"geometry":{"type":"LineString","coordinates":[[-57.640714,-25.301673],[-57.640525,-25.30163],[-57.640304,-25.301636],[-57.639921,-25.301779]]}},{"type":"Feature","properties":{"nombre":"ARROYO Z. MOROTI"},"geometry":{"type":"LineString","coordinates":[[-57.636216,-25.307465],[-57.636237,-25.307748],[-57.636316,-25.307974]]}},{"type":"Feature","properties":{"nombre":"ARROYO Z. MOROTI"},"geometry":{"type":"LineString","coordinates":[[-57.636248,-25.30746],[-57.63626,-25.30774],[-57.636333,-25.307968]]}},{"type":"Feature","properties":{"nombre":"ARROYO Z. MOROTI"},"geometry":{"type":"LineString","coordinates":[[-57.637071,-25.309423],[-57.637173,-25.309856],[-57.637141,-25.310019]]}},{"type":"Feature","properties":{"nombre":"ARROYO Z. MOROTI"},"geometry":{"type":"LineString","coordinates":[[-57.641211,-25.313536],[-57.641165,-25.313624],[-57.641008,-25.313658],[-57.640745,-25.313768],[-57.640555,-25.31382],[-57.64008,-25.313723],[-57.639923,-25.313632]]}},{"type":"Feature","properties":{"nombre":null},"geometry":{"type":"LineString","coordinates":[[-57.640838,-25.325366],[-57.640625,-25.325883],[-57.640534,-25.326193]]}},{"type":"Feature","properties":{"nombre":null},"geometry":{"type":"LineString","coordinates":[[-57.636766,-25.326687],[-57.637127,-25.326718],[-57.63727,-25.326502]]}},{"type":"Feature","properties":{"nombre":null},"geometry":{"type":"LineString","coordinates":[[-57.635595,-25.323286],[-57.635575,-25.323343]]}},{"type":"Feature","properties":{"nombre":null},"geometry":{"type":"LineString","coordinates":[[-57.63557,-25.323356],[-57.635513,-25.323549]]}},{"type":"Feature","properties":{"nombre":null},"geometry":{"type":"LineString","coordinates":[[-57.637455,-25.323418],[-57.637315,-25.323701],[-57.637458,-25.323419]]}},{"type":"Feature","properties":{"nombre":null},"geometry":{"type":"LineString","coordinates":[[-57.637315,-25.323714],[-57.637254,-25.323828]]}},{"type":"Feature","properties":{"nombre":null},"geometry":{"type":"LineString","coordinates":[[-57.640598,-25.324975],[-57.640816,-25.325043]]}},{"type":"Feature","properties":{"nombre":null},"geometry":{"type":"LineString","coordinates":[[-57.640863,-25.325381],[-57.640684,-25.3258],[-57.640557,-25.326199]]}},{"type":"Feature","properties":{"nombre":null},"geometry":{"type":"LineString","coordinates":[[-57.63619,-25.327778],[-57.636197,-25.327646],[-57.636045,-25.327465]]}},{"type":"Feature","properties":{"nombre":null},"geometry":{"type":"LineString","coordinates":[[-57.634732,-25.330839],[-57.634349,-25.330833],[-57.634266,-25.330937]]}},{"type":"Feature","properties":{"nombre":null},"geometry":{"type":"LineString","coordinates":[[-57.635779,-25.328064],[-57.635819,-25.327861],[-57.636095,-25.327806]]}},{"type":"Feature","properties":{"nombre":null},"geometry":{"type":"LineString","coordinates":[[-57.635773,-25.329918],[-57.636214,-25.329863]]}},{"type":"Feature","properties":{"nombre":"ARROYO SOSA"},"geometry":{"type":"LineString","coordinates":[[-57.633333,-25.337824],[-57.6335,-25.337884],[-57.633647,-25.337891],[-57.633713,-25.33792],[-57.633942,-25.337951]]}},{"type":"Feature","properties":{"nombre":null},"geometry":{"type":"LineString","coordinates":[[-57.641482,-25.337122],[-57.641667,-25.336964]]}},{"type":"Feature","properties":{"nombre":null},"geometry":{"type":"LineString","coordinates":[[-57.641667,-25.343716],[-57.640734,-25.343392]]}},{"type":"Feature","properties":{"nombre":null},"geometry":{"type":"LineString","coordinates":[[-57.641667,-25.34317],[-57.64086,-25.343147],[-57.641667,-25.343177]]}},{"type":"Feature","properties":{"nombre":null},"geometry":{"type":"LineString","coordinates":[[-57.639238,-25.343107],[-57.638496,-25.343024]]}},{"type":"Feature","properties":{"nombre":null},"geometry":{"type":"LineString","coordinates":[[-57.638408,-25.343027],[-57.639279,-25.343128]]}},{"type":"Feature","properties":{"nombre":null},"geometry":{"type":"LineString","coordinates":[[-57.639265,-25.349639],[-57.639448,-25.349672]]}},{"type":"Feature","properties":{"nombre":"ARROYO FERREIRA"},"geometry":{"type":"LineString","coordinates":[[-57.627901,-25.310832],[-57.627915,-25.310938],[-57.62801,-25.310924],[-57.628035,-25.311013],[-57.628167,-25.311111]]}},{"type":"Feature","properties":{"nombre":"ARROYO FERREIRA"},"geometry":{"type":"LineString","coordinates":[[-57.627786,-25.310728],[-57.627873,-25.31085]]}},{"type":"Feature","properties":{"nombre":"ARROYO FERREIRA"},"geometry":{"type":"LineString","coordinates":[[-57.628843,-25.311795],[-57.629079,-25.311862],[-57.629408,-25.312043],[-57.62954,-25.312048],[-57.629603,-25.312075],[-57.630033,-25.312334],[-57.630101,-25.312475],[-57.630054,-25.312656],[-57.629996,-25.312746],[-57.629937,-25.313079],[-57.630012,-25.313361],[-57.630068,-25.313383],[-57.630101,-25.313359],[-57.630177,-25.313357],[-57.630561,-25.313539]]}},{"type":"Feature","properties":{"nombre":"ARROYO FERREIRA"},"geometry":{"type":"LineString","coordinates":[[-57.630794,-25.313636],[-57.631034,-25.313678],[-57.631186,-25.31379],[-57.631286,-25.31377],[-57.631443,-25.313834],[-57.631722,-25.314066],[-57.631949,-25.314193]]}},{"type":"Feature","properties":{"nombre":null},"geometry":{"type":"LineString","coordinates":[[-57.627211,-25.333333],[-57.627344,-25.333333]]}},{"type":"Feature","properties":{"nombre":null},"geometry":{"type":"LineString","coordinates":[[-57.608607,-25.318026],[-57.608624,-25.318056]]}},{"type":"Feature","properties":{"nombre":null},"geometry":{"type":"LineString","coordinates":[[-57.60263,-25.301154],[-57.602573,-25.301125],[-57.602396,-25.300911],[-57.602287,-25.30072],[-57.602202,-25.300668],[-57.601524,-25.300733],[-57.601348,-25.300843],[-57.601105,-25.300923],[-57.60032,-25.301024]]}},{"type":"Feature","properties":{"nombre":null},"geometry":{"type":"LineString","coordinates":[[-57.642494,-25.351182],[-57.642869,-25.350982],[-57.642858,-25.350939],[-57.642478,-25.351144],[-57.642494,-25.351182]]}},{"type":"Feature","properties":{"nombre":null},"geometry":{"type":"LineString","coordinates":[[-57.643203,-25.350859],[-57.643582,-25.350834],[-57.643147,-25.350638],[-57.64311,-25.350647]]}},{"type":"Feature","properties":{"nombre":null},"geometry":{"type":"LineString","coordinates":[[-57.643226,-25.355466],[-57.643269,-25.355556]]}},{"type":"Feature","properties":{"nombre":null},"geometry":{"type":"LineString","coordinates":[[-57.642845,-25.361111],[-57.642948,-25.361058],[-57.643085,-25.360936],[-57.643279,-25.360826],[-57.64336,-25.360736],[-57.643407,-25.360719],[-57.64363,-25.361111]]}},{"type":"Feature","properties":{"nombre":null},"geometry":{"type":"LineString","coordinates":[[-57.643414,-25.362817],[-57.643863,-25.363123],[-57.643959,-25.363138]]}},{"type":"Feature","properties":{"nombre":null},"geometry":{"type":"LineString","coordinates":[[-57.638846,-25.352541],[-57.638706,-25.352447],[-57.638693,-25.352403]]}},{"type":"Feature","properties":{"nombre":null},"geometry":{"type":"LineString","coordinates":[[-57.639282,-25.35217],[-57.639351,-25.35241]]}},{"type":"Feature","properties":{"nombre":null},"geometry":{"type":"LineString","coordinates":[[-57.6394,-25.352147],[-57.639461,-25.352188],[-57.639519,-25.352322]]}},{"type":"Feature","properties":{"nombre":null},"geometry":{"type":"LineString","coordinates":[[-57.64008,-25.352146],[-57.639591,-25.352415]]}},{"type":"Feature","properties":{"nombre":null},"geometry":{"type":"LineString","coordinates":[[-57.641619,-25.358152],[-57.641459,-25.358313],[-57.641321,-25.35839]]}},{"type":"Feature","properties":{"nombre":null},"geometry":{"type":"LineString","coordinates":[[-57.638446,-25.366359],[-57.638555,-25.366409],[-57.638541,-25.366478],[-57.63848,-25.366486],[-57.638434,-25.36646],[-57.638422,-25.366407],[-57.638446,-25.366359]]}},{"type":"Feature","properties":{"nombre":null},"geometry":{"type":"LineString","coordinates":[[-57.593497,-25.244444],[-57.593262,-25.244245],[-57.593204,-25.244238],[-57.593129,-25.244275],[-57.593078,-25.244273],[-57.592808,-25.243976],[-57.592683,-25.243912],[-57.592601,-25.243835],[-57.592534,-25.243854],[-57.592458,-25.24398],[-57.592373,-25.24398],[-57.592311,-25.243856],[-57.5923,-25.243729],[-57.592253,-25.243661],[-57.592134,-25.24355],[-57.591954,-25.243495],[-57.591889,-25.243367],[-57.591784,-25.243319],[-57.591667,-25.243213]]}},{"type":"Feature","properties":{"nombre":null},"geometry":{"type":"LineString","coordinates":[[-57.593123,-25.248819],[-57.593114,-25.248765],[-57.593025,-25.24866],[-57.593093,-25.248446],[-57.593083,-25.248413],[-57.593001,-25.248373],[-57.593,-25.248341],[-57.593054,-25.2483],[-57.592973,-25.248137],[-57.593006,-25.248045],[-57.592995,-25.24798],[-57.59295,-25.24794],[-57.592976,-25.247856],[-57.592799,-25.247613],[-57.592822,-25.24747],[-57.592805,-25.247384],[-57.59287,-25.24729],[-57.592814,-25.247252],[-57.592758,-25.247294],[-57.592712,-25.247295],[-57.592698,-25.247199],[-57.592755,-25.247173],[-57.592948,-25.247212],[-57.592892,-25.247268],[-57.592905,-25.247295],[-57.59287,-25.247422],[-57.592878,-25.247475],[-57.592899,-25.24749],[-57.592908,-25.247419],[-57.592945,-25.247397],[-57.592989,-25.247532],[-57.592954,-25.247535],[-57.592952,-25.247596],[-57.593057,-25.247575],[-57.593045,-25.247662],[-57.593063,-25.247666],[-57.593087,-25.247771],[-57.593134,-25.247786],[-57.59318,-25.247932],[-57.593159,-25.24799],[-57.593054,-25.24799],[-57.593058,-25.248087],[-57.593029,-25.248171],[-57.593079,-25.248245],[-57.59308,-25.248332],[-57.59313,-25.248335],[-57.593167,-25.248415],[-57.59319,-25.248432],[-57.593253,-25.24839],[-57.593277,-25.248404],[-57.593216,-25.248485],[-57.59314,-25.248484],[-57.593125,-25.248524],[-57.59315,-25.248552],[-57.593199,-25.248556],[-57.593246,-25.248518],[-57.593274,-25.248653],[-57.593205,-25.248714],[-57.593201,-25.248752],[-57.593167,-25.248765],[-57.593172,-25.248816],[-57.593123,-25.248819]]}},{"type":"Feature","properties":{"nombre":null},"geometry":{"type":"LineString","coordinates":[[-57.585112,-25.239189],[-57.584836,-25.239537],[-57.584622,-25.239659],[-57.584567,-25.239785],[-57.584374,-25.239848],[-57.584033,-25.240025],[-57.583954,-25.240091],[-57.583658,-25.240241],[-57.583333,-25.240464]]}},{"type":"Feature","properties":{"nombre":null},"geometry":{"type":"LineString","coordinates":[[-57.585049,-25.244361],[-57.585079,-25.244352],[-57.585141,-25.244411],[-57.585232,-25.244444]]}},{"type":"Feature","properties":{"nombre":null},"geometry":{"type":"LineString","coordinates":[[-57.584199,-25.242914],[-57.58424,-25.242956],[-57.584406,-25.24302],[-57.584433,-25.243051],[-57.584546,-25.243294],[-57.584602,-25.243515],[-57.584642,-25.243545],[-57.584814,-25.243561]]}},{"type":"Feature","properties":{"nombre":null},"geometry":{"type":"LineString","coordinates":[[-57.583747,-25.244425],[-57.583974,-25.244286],[-57.584173,-25.244069],[-57.584473,-25.243866]]}},{"type":"Feature","properties":{"nombre":null},"geometry":{"type":"LineString","coordinates":[[-57.584168,-25.242344],[-57.584316,-25.242493],[-57.584488,-25.242755],[-57.584496,-25.242822],[-57.584428,-25.243044]]}},{"type":"Feature","properties":{"nombre":null},"geometry":{"type":"LineString","coordinates":[[-57.585232,-25.244444],[-57.585377,-25.244599],[-57.585529,-25.244682],[-57.585573,-25.244664],[-57.585604,-25.244444]]}},{"type":"Feature","properties":{"nombre":null},"geometry":{"type":"LineString","coordinates":[[-57.586373,-25.249589],[-57.586776,-25.249183],[-57.586883,-25.249044]]}},{"type":"Feature","properties":{"nombre":null},"geometry":{"type":"LineString","coordinates":[[-57.584999,-25.2473],[-57.585023,-25.247353],[-57.584823,-25.248232],[-57.58449,-25.248414],[-57.584307,-25.248347],[-57.584246,-25.248458],[-57.584281,-25.248501],[-57.584264,-25.248543],[-57.583572,-25.248932],[-57.583997,-25.247088],[-57.58497,-25.247267],[-57.584986,-25.247295]]}},{"type":"Feature","properties":{"nombre":null},"geometry":{"type":"LineString","coordinates":[[-57.5782,-25.232094],[-57.578427,-25.232073],[-57.578485,-25.232112],[-57.577554,-25.233333]]}},{"type":"Feature","properties":{"nombre":null},"geometry":{"type":"LineString","coordinates":[[-57.579513,-25.238889],[-57.579861,-25.23863],[-57.580053,-25.238559],[-57.580287,-25.238612],[-57.580461,-25.238569],[-57.580698,-25.238608],[-57.580797,-25.238596],[-57.580896,-25.238654],[-57.580925,-25.238759],[-57.580927,-25.238889]]}},{"type":"Feature","properties":{"nombre":null},"geometry":{"type":"LineString","coordinates":[[-57.582156,-25.235943],[-57.582142,-25.235872],[-57.582239,-25.235811],[-57.582293,-25.235632]]}},{"type":"Feature","properties":{"nombre":null},"geometry":{"type":"LineString","coordinates":[[-57.58054,-25.240314],[-57.580708,-25.24055],[-57.58051,-25.240692]]}},{"type":"Feature","properties":{"nombre":null},"geometry":{"type":"LineString","coordinates":[[-57.583211,-25.242588],[-57.583333,-25.242504]]}},{"type":"Feature","properties":{"nombre":null},"geometry":{"type":"LineString","coordinates":[[-57.579497,-25.25],[-57.579292,-25.249706],[-57.57923,-25.249574],[-57.57897,-25.249253],[-57.578715,-25.248854],[-57.57859,-25.248729],[-57.578479,-25.248683],[-57.578201,-25.248658],[-57.578177,-25.24861],[-57.577868,-25.248465]]}},{"type":"Feature","properties":{"nombre":null},"geometry":{"type":"LineString","coordinates":[[-57.58238,-25.244672],[-57.582471,-25.244766],[-57.582459,-25.244831]]}},{"type":"Feature","properties":{"nombre":null},"geometry":{"type":"LineString","coordinates":[[-57.582666,-25.248468],[-57.582727,-25.248541],[-57.58284,-25.248516],[-57.582908,-25.24863],[-57.582952,-25.248789]]}},{"type":"Feature","properties":{"nombre":null},"geometry":{"type":"LineString","coordinates":[[-57.580713,-25.249762],[-57.580652,-25.249805],[-57.580811,-25.25]]}},{"type":"Feature","properties":{"nombre":null},"geometry":{"type":"LineString","coordinates":[[-57.5815,-25.249441],[-57.581352,-25.24945],[-57.581182,-25.249367],[-57.581141,-25.249296]]}},{"type":"Feature","properties":{"nombre":null},"geometry":{"type":"LineString","coordinates":[[-57.580683,-25.25],[-57.580598,-25.249923],[-57.580478,-25.249912],[-57.580339,-25.249863],[-57.580141,-25.25]]}},{"type":"Feature","properties":{"nombre":null},"geometry":{"type":"LineString","coordinates":[[-57.572491,-25.230512],[-57.572547,-25.23048]]}},{"type":"Feature","properties":{"nombre":null},"geometry":{"type":"LineString","coordinates":[[-57.573012,-25.230215],[-57.572999,-25.230231],[-57.573103,-25.230391]]}},{"type":"Feature","properties":{"nombre":null},"geometry":{"type":"LineString","coordinates":[[-57.566667,-25.23179],[-57.56668,-25.231827]]}},{"type":"Feature","properties":{"nombre":null},"geometry":{"type":"LineString","coordinates":[[-57.575,-25.232911],[-57.574922,-25.232981]]}},{"type":"Feature","properties":{"nombre":null},"geometry":{"type":"LineString","coordinates":[[-57.569816,-25.228098],[-57.570407,-25.227952],[-57.570467,-25.227802],[-57.570511,-25.227778]]}},{"type":"Feature","properties":{"nombre":null},"geometry":{"type":"LineString","coordinates":[[-57.567469,-25.233081],[-57.567352,-25.232889]]}},{"type":"Feature","properties":{"nombre":null},"geometry":{"type":"LineString","coordinates":[[-57.572014,-25.233951],[-57.571987,-25.233988],[-57.571834,-25.234076]]}},{"type":"Feature","properties":{"nombre":null},"geometry":{"type":"LineString","coordinates":[[-57.574753,-25.236688],[-57.574809,-25.236656],[-57.574897,-25.236746],[-57.574897,-25.236775],[-57.574835,-25.236828]]}},{"type":"Feature","properties":{"nombre":null},"geometry":{"type":"LineString","coordinates":[[-57.574979,-25.236628],[-57.57433,-25.235903],[-57.57466,-25.23566]]}},{"type":"Feature","properties":{"nombre":null},"geometry":{"type":"LineString","coordinates":[[-57.574285,-25.236085],[-57.574337,-25.236141]]}},{"type":"Feature","properties":{"nombre":null},"geometry":{"type":"LineString","coordinates":[[-57.571589,-25.233444],[-57.571656,-25.233538],[-57.571702,-25.233562]]}},{"type":"Feature","properties":{"nombre":null},"geometry":{"type":"LineString","coordinates":[[-57.571151,-25.234437],[-57.571303,-25.2346]]}},{"type":"Feature","properties":{"nombre":null},"geometry":{"type":"LineString","coordinates":[[-57.573253,-25.236519],[-57.574089,-25.235901],[-57.574094,-25.235874],[-57.574053,-25.235823]]}},{"type":"Feature","properties":{"nombre":null},"geometry":{"type":"LineString","coordinates":[[-57.570135,-25.236612],[-57.570637,-25.23644]]}},{"type":"Feature","properties":{"nombre":null},"geometry":{"type":"LineString","coordinates":[[-57.56372,-25.227611],[-57.563536,-25.227677],[-57.563526,-25.227778]]}},{"type":"Feature","properties":{"nombre":null},"geometry":{"type":"LineString","coordinates":[[-57.560061,-25.228631],[-57.559971,-25.228644],[-57.559812,-25.228712]]}},{"type":"Feature","properties":{"nombre":null},"geometry":{"type":"LineString","coordinates":[[-57.560133,-25.233333],[-57.560009,-25.233199],[-57.559946,-25.233094],[-57.559851,-25.23304],[-57.559728,-25.232921]]}},{"type":"Feature","properties":{"nombre":null},"geometry":{"type":"LineString","coordinates":[[-57.558814,-25.232051],[-57.558779,-25.231963],[-57.558572,-25.231684],[-57.558413,-25.231586],[-57.558333,-25.231607]]}},{"type":"Feature","properties":{"nombre":null},"geometry":{"type":"LineString","coordinates":[[-57.565155,-25.229646],[-57.565002,-25.229377]]}},{"type":"Feature","properties":{"nombre":null},"geometry":{"type":"LineString","coordinates":[[-57.563091,-25.228031],[-57.563336,-25.227963],[-57.563396,-25.227903]]}},{"type":"Feature","properties":{"nombre":null},"geometry":{"type":"LineString","coordinates":[[-57.560083,-25.229757],[-57.560032,-25.229828]]}},{"type":"Feature","properties":{"nombre":null},"geometry":{"type":"LineString","coordinates":[[-57.558369,-25.230593],[-57.558333,-25.230579]]}},{"type":"Feature","properties":{"nombre":null},"geometry":{"type":"LineString","coordinates":[[-57.559919,-25.230044],[-57.5598,-25.230214],[-57.559674,-25.230482],[-57.559646,-25.230496]]}},{"type":"Feature","properties":{"nombre":null},"geometry":{"type":"LineString","coordinates":[[-57.566407,-25.231356],[-57.566492,-25.231484]]}},{"type":"Feature","properties":{"nombre":null},"geometry":{"type":"LineString","coordinates":[[-57.566568,-25.231604],[-57.56664,-25.231743]]}},{"type":"Feature","properties":{"nombre":null},"geometry":{"type":"LineString","coordinates":[[-57.566319,-25.231209],[-57.566189,-25.231239],[-57.566131,-25.231136]]}},{"type":"Feature","properties":{"nombre":null},"geometry":{"type":"LineString","coordinates":[[-57.558513,-25.232811],[-57.558543,-25.232587],[-57.558666,-25.23239],[-57.558656,-25.23231],[-57.558742,-25.232117],[-57.558712,-25.231958],[-57.558741,-25.231931]]}},{"type":"Feature","properties":{"nombre":null},"geometry":{"type":"LineString","coordinates":[[-57.55871,-25.232368],[-57.558802,-25.232121],[-57.558734,-25.232094]]}},{"type":"Feature","properties":{"nombre":null},"geometry":{"type":"LineString","coordinates":[[-57.560391,-25.246519],[-57.560576,-25.246552],[-57.560623,-25.246591],[-57.560697,-25.246721]]}},{"type":"Feature","properties":{"nombre":null},"geometry":{"type":"LineString","coordinates":[[-57.560607,-25.249098],[-57.56064,-25.249233],[-57.560612,-25.249306],[-57.560465,-25.249456],[-57.560474,-25.249586]]}},{"type":"Feature","properties":{"nombre":null},"geometry":{"type":"LineString","coordinates":[[-57.561092,-25.244445],[-57.560863,-25.24449]]}},{"type":"Feature","properties":{"nombre":null},"geometry":{"type":"LineString","coordinates":[[-57.560118,-25.245842],[-57.558627,-25.246576]]}},{"type":"Feature","properties":{"nombre":null},"geometry":{"type":"LineString","coordinates":[[-57.564631,-25.247828],[-57.564669,-25.247613]]}},{"type":"Feature","properties":{"nombre":null},"geometry":{"type":"LineString","coordinates":[[-57.556645,-25.231186],[-57.556681,-25.23123],[-57.556752,-25.231244],[-57.557034,-25.23138]]}},{"type":"Feature","properties":{"nombre":null},"geometry":{"type":"LineString","coordinates":[[-57.558333,-25.230579],[-57.558127,-25.230496]]}},{"type":"Feature","properties":{"nombre":null},"geometry":{"type":"LineString","coordinates":[[-57.557629,-25.233096],[-57.558095,-25.233286],[-57.558137,-25.233276],[-57.558196,-25.233215],[-57.55831,-25.233026]]}},{"type":"Feature","properties":{"nombre":null},"geometry":{"type":"LineString","coordinates":[[-57.558189,-25.233119],[-57.55809,-25.233289]]}},{"type":"Feature","properties":{"nombre":null},"geometry":{"type":"LineString","coordinates":[[-57.551826,-25.237989],[-57.551987,-25.237977],[-57.552187,-25.238027]]}},{"type":"Feature","properties":{"nombre":null},"geometry":{"type":"LineString","coordinates":[[-57.551792,-25.238848],[-57.55175,-25.238859],[-57.551704,-25.238828],[-57.55152,-25.238817],[-57.551381,-25.238853],[-57.551118,-25.238864],[-57.55093,-25.238845],[-57.550836,-25.238795],[-57.550783,-25.23881]]}},{"type":"Feature","properties":{"nombre":null},"geometry":{"type":"LineString","coordinates":[[-57.557134,-25.237133],[-57.556218,-25.238135],[-57.555443,-25.238598],[-57.555229,-25.238749]]}},{"type":"Feature","properties":{"nombre":null},"geometry":{"type":"LineString","coordinates":[[-57.55529,-25.238889],[-57.555231,-25.238758],[-57.555185,-25.238483],[-57.55508,-25.238374],[-57.555015,-25.238139],[-57.554953,-25.238036],[-57.554974,-25.237909],[-57.554949,-25.237748],[-57.554776,-25.237555],[-57.554777,-25.237482],[-57.554858,-25.237377]]}},{"type":"Feature","properties":{"nombre":null},"geometry":{"type":"LineString","coordinates":[[-57.55258,-25.241637],[-57.552643,-25.241548],[-57.552641,-25.241506],[-57.552701,-25.241461],[-57.552694,-25.241374],[-57.55267,-25.241353]]}},{"type":"Feature","properties":{"nombre":null},"geometry":{"type":"LineString","coordinates":[[-57.556925,-25.242397],[-57.55628,-25.242735],[-57.556259,-25.243252]]}},{"type":"Feature","properties":{"nombre":null},"geometry":{"type":"LineString","coordinates":[[-57.553307,-25.242195],[-57.553735,-25.242008],[-57.553792,-25.241977],[-57.553804,-25.241925]]}},{"type":"Feature","properties":{"nombre":null},"geometry":{"type":"LineString","coordinates":[[-57.555679,-25.246547],[-57.556026,-25.246403],[-57.556148,-25.246393],[-57.55628,-25.246445],[-57.556548,-25.246472],[-57.556798,-25.246462],[-57.556839,-25.246671],[-57.55687,-25.246676],[-57.556939,-25.246676],[-57.557071,-25.246598],[-57.557379,-25.246557],[-57.557613,-25.246959],[-57.55765,-25.246999],[-57.557691,-25.247007],[-57.557809,-25.246927],[-57.558333,-25.24668]]}},{"type":"Feature","properties":{"nombre":null},"geometry":{"type":"LineString","coordinates":[[-57.555801,-25.248385],[-57.555926,-25.248324],[-57.556017,-25.248313],[-57.556267,-25.248418],[-57.556457,-25.248432]]}},{"type":"Feature","properties":{"nombre":null},"geometry":{"type":"LineString","coordinates":[[-57.554126,-25.246257],[-57.554306,-25.246541],[-57.554326,-25.246627]]}},{"type":"Feature","properties":{"nombre":null},"geometry":{"type":"LineString","coordinates":[[-57.555331,-25.246011],[-57.55533,-25.24604],[-57.555626,-25.246472],[-57.555722,-25.246523]]}},{"type":"Feature","properties":{"nombre":null},"geometry":{"type":"LineString","coordinates":[[-57.592569,-25.250834],[-57.592548,-25.250782],[-57.592628,-25.250766],[-57.592605,-25.250829],[-57.592569,-25.250834]]}},{"type":"Feature","properties":{"nombre":"ARROYO MBURICAO"},"geometry":{"type":"LineString","coordinates":[[-57.594736,-25.257497],[-57.594588,-25.257558],[-57.594049,-25.257943],[-57.593765,-25.258263],[-57.593735,-25.258335],[-57.593812,-25.258424],[-57.593814,-25.258462],[-57.593766,-25.259077],[-57.593721,-25.259263],[-57.593535,-25.259465],[-57.59328,-25.259609],[-57.593095,-25.259758],[-57.593134,-25.259902],[-57.59319,-25.259957],[-57.59338,-25.260043],[-57.593544,-25.260047],[-57.593743,-25.260197],[-57.59401,-25.260303],[-57.594058,-25.260364],[-57.594038,-25.260477],[-57.59391,-25.260632],[-57.59373,-25.260731],[-57.593283,-25.260883],[-57.593199,-25.260976],[-57.593135,-25.261111]]}},{"type":"Feature","properties":{"nombre":null},"geometry":{"type":"LineString","coordinates":[[-57.598524,-25.262281],[-57.598573,-25.262221],[-57.598585,-25.262106],[-57.598647,-25.262094]]}},{"type":"Feature","properties":{"nombre":"ARROYO MBURICAO"},"geometry":{"type":"LineString","coordinates":[[-57.591667,-25.264525],[-57.591774,-25.264293],[-57.591814,-25.264104],[-57.591782,-25.264039],[-57.591793,-25.263759],[-57.59192,-25.263636],[-57.591939,-25.26351],[-57.591989,-25.263484],[-57.592022,-25.26337],[-57.591944,-25.262769]]}},{"type":"Feature","properties":{"nombre":null},"geometry":{"type":"LineString","coordinates":[[-57.591667,-25.266901],[-57.591761,-25.267015]]}},{"type":"Feature","properties":{"nombre":null},"geometry":{"type":"LineString","coordinates":[[-57.592298,-25.277222],[-57.592293,-25.277139],[-57.592192,-25.277035]]}},{"type":"Feature","properties":{"nombre":null},"geometry":{"type":"LineString","coordinates":[[-57.59251,-25.27733],[-57.592435,-25.277335]]}},{"type":"Feature","properties":{"nombre":null},"geometry":{"type":"LineString","coordinates":[[-57.592525,-25.277778],[-57.592517,-25.277689]]}},{"type":"Feature","properties":{"nombre":null},"geometry":{"type":"LineString","coordinates":[[-57.593187,-25.27791],[-57.593101,-25.277917]]}},{"type":"Feature","properties":{"nombre":"ARROYO MBURICAO"},"geometry":{"type":"LineString","coordinates":[[-57.594927,-25.296361],[-57.594926,-25.296554],[-57.594861,-25.296773],[-57.594915,-25.297047]]}},{"type":"Feature","properties":{"nombre":"ARROYO MBURICAO"},"geometry":{"type":"LineString","coordinates":[[-57.595006,-25.298482],[-57.595088,-25.298353],[-57.595224,-25.298272],[-57.5953,-25.298137],[-57.595358,-25.297949],[-57.595308,-25.297838]]}},{"type":"Feature","properties":{"nombre":"ARROYO MBURICAO"},"geometry":{"type":"LineString","coordinates":[[-57.595106,-25.298476],[-57.595135,-25.298399],[-57.595262,-25.29832],[-57.59544,-25.297987],[-57.595437,-25.297903],[-57.595384,-25.297866],[-57.595345,-25.297784]]}},{"type":"Feature","properties":{"nombre":"ARROYO YBYRAY"},"geometry":{"type":"LineString","coordinates":[[-57.588598,-25.251528],[-57.588534,-25.25127],[-57.58845,-25.251094],[-57.588425,-25.250929],[-57.588437,-25.250823],[-57.588546,-25.250658],[-57.588703,-25.250507],[-57.588815,-25.250355],[-57.588985,-25.250265],[-57.589163,-25.250241]]}},{"type":"Feature","properties":{"nombre":"ARROYO YBYRAY"},"geometry":{"type":"LineString","coordinates":[[-57.577704,-25.264348],[-57.57755,-25.264508],[-57.577366,-25.264644],[-57.577107,-25.265002],[-57.576963,-25.265029],[-57.576877,-25.265104],[-57.576881,-25.26518],[-57.576949,-25.265313],[-57.576893,-25.265448]]}},{"type":"Feature","properties":{"nombre":"ARROYO YBYRAY"},"geometry":{"type":"LineString","coordinates":[[-57.589377,-25.254422],[-57.589538,-25.254356],[-57.589617,-25.254268],[-57.589592,-25.254194],[-57.589419,-25.254048],[-57.589344,-25.25392],[-57.589349,-25.253849],[-57.58948,-25.253598],[-57.589546,-25.253367],[-57.589414,-25.253237],[-57.589257,-25.253195],[-57.589175,-25.25306],[-57.588801,-25.252741]]}},{"type":"Feature","properties":{"nombre":"ARROYO YBYRAY"},"geometry":{"type":"LineString","coordinates":[[-57.588801,-25.252741],[-57.588802,-25.252552],[-57.588903,-25.252326],[-57.588923,-25.25217],[-57.588743,-25.251953],[-57.588692,-25.25177],[-57.588667,-25.251518]]}},{"type":"Feature","properties":{"nombre":"ARROYO YBYRAY"},"geometry":{"type":"LineString","coordinates":[[-57.588483,-25.255556],[-57.58855,-25.255335],[-57.588576,-25.254926],[-57.588612,-25.254861],[-57.588709,-25.254811],[-57.58881,-25.254658],[-57.588868,-25.254522],[-57.588886,-25.254367],[-57.588932,-25.254329],[-57.588981,-25.254327],[-57.589196,-25.254436],[-57.589377,-25.254422]]}},{"type":"Feature","properties":{"nombre":null},"geometry":{"type":"LineString","coordinates":[[-57.586371,-25.251307],[-57.586701,-25.251088],[-57.586777,-25.251009],[-57.586773,-25.25096]]}},{"type":"Feature","properties":{"nombre":null},"geometry":{"type":"LineString","coordinates":[[-57.58602,-25.251628],[-57.5863,-25.251396],[-57.586323,-25.251332]]}},{"type":"Feature","properties":{"nombre":"ARROYO YBYRAY"},"geometry":{"type":"LineString","coordinates":[[-57.589523,-25.254473],[-57.589811,-25.254697],[-57.590142,-25.255074],[-57.590237,-25.255055],[-57.590411,-25.255239]]}},{"type":"Feature","properties":{"nombre":"ARROYO YBYRAY"},"geometry":{"type":"LineString","coordinates":[[-57.589455,-25.257908],[-57.589384,-25.257684]]}},{"type":"Feature","properties":{"nombre":"ARROYO YBYRAY"},"geometry":{"type":"LineString","coordinates":[[-57.586165,-25.260642],[-57.586209,-25.26051],[-57.5862,-25.260301],[-57.586424,-25.260079],[-57.586521,-25.259897],[-57.586669,-25.259735]]}},{"type":"Feature","properties":{"nombre":"ARROYO YBYRAY"},"geometry":{"type":"LineString","coordinates":[[-57.585483,-25.261111],[-57.585543,-25.260984],[-57.585712,-25.260816],[-57.585759,-25.260796],[-57.58597,-25.260794],[-57.586129,-25.260633]]}},{"type":"Feature","properties":{"nombre":"ARROYO YBYRAY"},"geometry":{"type":"LineString","coordinates":[[-57.584465,-25.261635],[-57.584591,-25.261547]]}},{"type":"Feature","properties":{"nombre":"ARROYO MBURICAO"},"geometry":{"type":"LineString","coordinates":[[-57.591667,-25.264525],[-57.591567,-25.264762],[-57.591529,-25.265024],[-57.591542,-25.26509],[-57.591594,-25.265042],[-57.591597,-25.265084],[-57.591564,-25.265084],[-57.591559,-25.265121],[-57.591637,-25.265199],[-57.59165,-25.265273],[-57.591515,-25.265402],[-57.591331,-25.265527],[-57.591298,-25.265678],[-57.591208,-25.265721],[-57.591085,-25.265681],[-57.590512,-25.265367],[-57.59046,-25.26523],[-57.590435,-25.264921],[-57.590317,-25.264765],[-57.590087,-25.264686],[-57.589996,-25.264727],[-57.589875,-25.264896],[-57.589658,-25.26528],[-57.589576,-25.265482],[-57.589607,-25.265551],[-57.589665,-25.265596],[-57.589845,-25.265627],[-57.590037,-25.26572],[-57.590143,-25.265806],[-57.590181,-25.265918],[-57.590168,-25.266039],[-57.590137,-25.266102],[-57.589966,-25.26626],[-57.589674,-25.266355],[-57.589437,-25.266398],[-57.589393,-25.26651],[-57.589411,-25.266595],[-57.589458,-25.266667]]}},{"type":"Feature","properties":{"nombre":null},"geometry":{"type":"LineString","coordinates":[[-57.560023,-25.256605],[-57.560112,-25.257294]]}},{"type":"Feature","properties":{"nombre":"ARROYO MBURICAO"},"geometry":{"type":"LineString","coordinates":[[-57.589497,-25.265493],[-57.589545,-25.265425],[-57.58955,-25.265339],[-57.589797,-25.264963],[-57.589926,-25.264683],[-57.590006,-25.264621],[-57.59009,-25.264619],[-57.590174,-25.264634],[-57.590368,-25.264715],[-57.590458,-25.264782],[-57.5905,-25.264972],[-57.590511,-25.265214],[-57.590588,-25.26537],[-57.590735,-25.265398],[-57.590917,-25.265485],[-57.591015,-25.265564],[-57.59109,-25.265569],[-57.591158,-25.265601],[-57.59121,-25.265596],[-57.591196,-25.265545],[-57.591278,-25.265493],[-57.591467,-25.265086],[-57.59146,-25.264953],[-57.591499,-25.264786],[-57.591667,-25.264405]]}},{"type":"Feature","properties":{"nombre":"ARROYO YBYRAY"},"geometry":{"type":"LineString","coordinates":[[-57.583333,-25.261753],[-57.583495,-25.261783],[-57.583627,-25.261768]]}},{"type":"Feature","properties":{"nombre":null},"geometry":{"type":"LineString","coordinates":[[-57.589042,-25.263142],[-57.589153,-25.263155],[-57.589204,-25.263193]]}},{"type":"Feature","properties":{"nombre":null},"geometry":{"type":"LineString","coordinates":[[-57.576839,-25.253997],[-57.576682,-25.254101]]}},{"type":"Feature","properties":{"nombre":null},"geometry":{"type":"LineString","coordinates":[[-57.579579,-25.256573],[-57.579757,-25.256418]]}},{"type":"Feature","properties":{"nombre":null},"geometry":{"type":"LineString","coordinates":[[-57.57984,-25.256346],[-57.579571,-25.25611],[-57.579556,-25.255893],[-57.579456,-25.255778]]}},{"type":"Feature","properties":{"nombre":null},"geometry":{"type":"LineString","coordinates":[[-57.575,-25.259027],[-57.575023,-25.258995]]}},{"type":"Feature","properties":{"nombre":null},"geometry":{"type":"LineString","coordinates":[[-57.57502,-25.258938],[-57.575,-25.258874]]}},{"type":"Feature","properties":{"nombre":"ARROYO YBYRAY"},"geometry":{"type":"LineString","coordinates":[[-57.578322,-25.264056],[-57.578504,-25.263891],[-57.578699,-25.263813],[-57.578933,-25.263624],[-57.579164,-25.263523],[-57.579204,-25.263461],[-57.579252,-25.263269],[-57.579415,-25.263138]]}},{"type":"Feature","properties":{"nombre":"ARROYO YBYRAY"},"geometry":{"type":"LineString","coordinates":[[-57.579529,-25.263136],[-57.579902,-25.263142],[-57.580138,-25.263223],[-57.580205,-25.263275],[-57.580275,-25.263295],[-57.580338,-25.26324],[-57.580362,-25.263121],[-57.580424,-25.263032],[-57.580506,-25.262954],[-57.580699,-25.262852],[-57.580859,-25.262831],[-57.581013,-25.262881],[-57.581131,-25.262882],[-57.581287,-25.262727],[-57.581663,-25.262623]]}},{"type":"Feature","properties":{"nombre":"ARROYO YBYRAY"},"geometry":{"type":"LineString","coordinates":[[-57.581663,-25.262623],[-57.582122,-25.262389],[-57.582208,-25.262315],[-57.582401,-25.262223],[-57.582515,-25.262123],[-57.58259,-25.262091]]}},{"type":"Feature","properties":{"nombre":null},"geometry":{"type":"LineString","coordinates":[[-57.552683,-25.299374],[-57.552675,-25.299375]]}},{"type":"Feature","properties":{"nombre":"ARROYO YBYRAY"},"geometry":{"type":"LineString","coordinates":[[-57.576893,-25.265448],[-57.576708,-25.265563],[-57.576568,-25.265603],[-57.576495,-25.265719],[-57.576292,-25.265829],[-57.576073,-25.266004],[-57.575924,-25.266199],[-57.575815,-25.266232],[-57.575647,-25.266345],[-57.575445,-25.266505],[-57.575302,-25.266667]]}},{"type":"Feature","properties":{"nombre":null},"geometry":{"type":"LineString","coordinates":[[-57.580552,-25.265728],[-57.580587,-25.265682],[-57.58063,-25.265394],[-57.580478,-25.265255],[-57.580161,-25.26524],[-57.580128,-25.265155]]}},{"type":"Feature","properties":{"nombre":null},"geometry":{"type":"LineString","coordinates":[[-57.582615,-25.269043],[-57.582711,-25.269051],[-57.582831,-25.269026],[-57.582918,-25.268934],[-57.582946,-25.268862]]}},{"type":"Feature","properties":{"nombre":"ARROYO SANTO DOMINGO"},"geometry":{"type":"LineString","coordinates":[[-57.58173,-25.277778],[-57.581846,-25.277682],[-57.581998,-25.277597],[-57.582217,-25.277514],[-57.582385,-25.277495],[-57.582587,-25.27707]]}},{"type":"Feature","properties":{"nombre":"ARROYO SANTO DOMINGO"},"geometry":{"type":"LineString","coordinates":[[-57.581396,-25.27859],[-57.581297,-25.278323],[-57.581356,-25.278253],[-57.581423,-25.278104],[-57.581646,-25.277844],[-57.58173,-25.277778]]}},{"type":"Feature","properties":{"nombre":null},"geometry":{"type":"LineString","coordinates":[[-57.571314,-25.25203],[-57.572474,-25.251253],[-57.572489,-25.251281]]}},{"type":"Feature","properties":{"nombre":null},"geometry":{"type":"LineString","coordinates":[[-57.574999,-25.258846],[-57.575,-25.258856]]}},{"type":"Feature","properties":{"nombre":null},"geometry":{"type":"LineString","coordinates":[[-57.567338,-25.257006],[-57.567816,-25.257237]]}},{"type":"Feature","properties":{"nombre":null},"geometry":{"type":"LineString","coordinates":[[-57.56692,-25.256942],[-57.566849,-25.256969]]}},{"type":"Feature","properties":{"nombre":null},"geometry":{"type":"LineString","coordinates":[[-57.570482,-25.25874],[-57.570217,-25.258961]]}},{"type":"Feature","properties":{"nombre":null},"geometry":{"type":"LineString","coordinates":[[-57.573693,-25.256791],[-57.573747,-25.256954],[-57.573785,-25.257034],[-57.573862,-25.257111],[-57.573922,-25.257282]]}},{"type":"Feature","properties":{"nombre":null},"geometry":{"type":"LineString","coordinates":[[-57.571149,-25.256834],[-57.571231,-25.256864]]}},{"type":"Feature","properties":{"nombre":null},"geometry":{"type":"LineString","coordinates":[[-57.569015,-25.259658],[-57.568938,-25.259732]]}},{"type":"Feature","properties":{"nombre":null},"geometry":{"type":"LineString","coordinates":[[-57.568931,-25.259739],[-57.568723,-25.25995]]}},{"type":"Feature","properties":{"nombre":null},"geometry":{"type":"LineString","coordinates":[[-57.571638,-25.257021],[-57.571955,-25.257153]]}},{"type":"Feature","properties":{"nombre":null},"geometry":{"type":"LineString","coordinates":[[-57.570111,-25.286726],[-57.570089,-25.28665]]}},{"type":"Feature","properties":{"nombre":null},"geometry":{"type":"LineString","coordinates":[[-57.566667,-25.283945],[-57.56679,-25.28397]]}},{"type":"Feature","properties":{"nombre":null},"geometry":{"type":"LineString","coordinates":[[-57.5637,-25.25469],[-57.563765,-25.254858],[-57.563687,-25.255062]]}},{"type":"Feature","properties":{"nombre":null},"geometry":{"type":"LineString","coordinates":[[-57.563006,-25.252233],[-57.563231,-25.252409]]}},{"type":"Feature","properties":{"nombre":null},"geometry":{"type":"LineString","coordinates":[[-57.5606,-25.250294],[-57.560652,-25.250188],[-57.560583,-25.25]]}},{"type":"Feature","properties":{"nombre":null},"geometry":{"type":"LineString","coordinates":[[-57.558437,-25.25245],[-57.558398,-25.252487]]}},{"type":"Feature","properties":{"nombre":null},"geometry":{"type":"LineString","coordinates":[[-57.55951,-25.255358],[-57.55951,-25.255556]]}},{"type":"Feature","properties":{"nombre":null},"geometry":{"type":"LineString","coordinates":[[-57.558907,-25.255401],[-57.559004,-25.255362],[-57.55951,-25.255358]]}},{"type":"Feature","properties":{"nombre":null},"geometry":{"type":"LineString","coordinates":[[-57.562238,-25.255339],[-57.562092,-25.255342]]}},{"type":"Feature","properties":{"nombre":null},"geometry":{"type":"LineString","coordinates":[[-57.559769,-25.250372],[-57.559819,-25.250351]]}},{"type":"Feature","properties":{"nombre":null},"geometry":{"type":"LineString","coordinates":[[-57.558678,-25.256674],[-57.558763,-25.25667],[-57.558806,-25.25663],[-57.559045,-25.256637],[-57.559072,-25.256656],[-57.559055,-25.256838]]}},{"type":"Feature","properties":{"nombre":null},"geometry":{"type":"LineString","coordinates":[[-57.564196,-25.256536],[-57.566138,-25.256519]]}},{"type":"Feature","properties":{"nombre":null},"geometry":{"type":"LineString","coordinates":[[-57.559052,-25.256845],[-57.559035,-25.257194],[-57.558995,-25.257395],[-57.558987,-25.257842],[-57.55894,-25.257922],[-57.558864,-25.257948]]}},{"type":"Feature","properties":{"nombre":null},"geometry":{"type":"LineString","coordinates":[[-57.566136,-25.256505],[-57.566141,-25.256538],[-57.566206,-25.256547],[-57.566371,-25.256543],[-57.566393,-25.256508]]}},{"type":"Feature","properties":{"nombre":null},"geometry":{"type":"LineString","coordinates":[[-57.566426,-25.257382],[-57.566298,-25.257434],[-57.566391,-25.257599]]}},{"type":"Feature","properties":{"nombre":null},"geometry":{"type":"LineString","coordinates":[[-57.559095,-25.280419],[-57.558957,-25.280362]]}},{"type":"Feature","properties":{"nombre":null},"geometry":{"type":"LineString","coordinates":[[-57.560789,-25.281529],[-57.56075,-25.281495],[-57.560739,-25.281507],[-57.560778,-25.281539],[-57.560789,-25.281529]]}},{"type":"Feature","properties":{"nombre":null},"geometry":{"type":"LineString","coordinates":[[-57.564445,-25.283347],[-57.564381,-25.283333]]}},{"type":"Feature","properties":{"nombre":null},"geometry":{"type":"LineString","coordinates":[[-57.550789,-25.252625],[-57.550728,-25.252168],[-57.550789,-25.252443]]}},{"type":"Feature","properties":{"nombre":null},"geometry":{"type":"LineString","coordinates":[[-57.551313,-25.255556],[-57.551009,-25.253941]]}},{"type":"Feature","properties":{"nombre":null},"geometry":{"type":"LineString","coordinates":[[-57.557688,-25.252362],[-57.557954,-25.252292],[-57.558333,-25.252481]]}},{"type":"Feature","properties":{"nombre":null},"geometry":{"type":"LineString","coordinates":[[-57.551386,-25.254636],[-57.551461,-25.254878],[-57.551526,-25.255287],[-57.551554,-25.255301]]}},{"type":"Feature","properties":{"nombre":null},"geometry":{"type":"LineString","coordinates":[[-57.555775,-25.251122],[-57.555377,-25.25098]]}},{"type":"Feature","properties":{"nombre":null},"geometry":{"type":"LineString","coordinates":[[-57.550011,-25.250275],[-57.55,-25.250278]]}},{"type":"Feature","properties":{"nombre":null},"geometry":{"type":"LineString","coordinates":[[-57.556251,-25.259914],[-57.556296,-25.259882],[-57.556461,-25.259619],[-57.55647,-25.259198],[-57.556424,-25.259067]]}},{"type":"Feature","properties":{"nombre":null},"geometry":{"type":"LineString","coordinates":[[-57.550586,-25.256887],[-57.55,-25.256986]]}},{"type":"Feature","properties":{"nombre":null},"geometry":{"type":"LineString","coordinates":[[-57.55,-25.256581],[-57.550152,-25.256552]]}},{"type":"Feature","properties":{"nombre":null},"geometry":{"type":"LineString","coordinates":[[-57.551364,-25.256641],[-57.55,-25.256843]]}},{"type":"Feature","properties":{"nombre":null},"geometry":{"type":"LineString","coordinates":[[-57.554416,-25.276654],[-57.554539,-25.27664]]}},{"type":"Feature","properties":{"nombre":null},"geometry":{"type":"LineString","coordinates":[[-57.551988,-25.277085],[-57.552649,-25.27728]]}},{"type":"Feature","properties":{"nombre":null},"geometry":{"type":"LineString","coordinates":[[-57.553167,-25.277737],[-57.553178,-25.277703]]}},{"type":"Feature","properties":{"nombre":null},"geometry":{"type":"LineString","coordinates":[[-57.553142,-25.277778],[-57.553151,-25.277757]]}},{"type":"Feature","properties":{"nombre":null},"geometry":{"type":"LineString","coordinates":[[-57.551215,-25.277107],[-57.55112,-25.277082]]}},{"type":"Feature","properties":{"nombre":null},"geometry":{"type":"LineString","coordinates":[[-57.553152,-25.277778],[-57.55316,-25.27776]]}},{"type":"Feature","properties":{"nombre":null},"geometry":{"type":"LineString","coordinates":[[-57.55,-25.27677],[-57.55,-25.27677]]}},{"type":"Feature","properties":{"nombre":null},"geometry":{"type":"LineString","coordinates":[[-57.555253,-25.276785],[-57.55524,-25.276767]]}},{"type":"Feature","properties":{"nombre":null},"geometry":{"type":"LineString","coordinates":[[-57.550824,-25.275585],[-57.550535,-25.275284],[-57.550323,-25.275152]]}},{"type":"Feature","properties":{"nombre":null},"geometry":{"type":"LineString","coordinates":[[-57.554234,-25.275619],[-57.554169,-25.275645]]}},{"type":"Feature","properties":{"nombre":null},"geometry":{"type":"LineString","coordinates":[[-57.55346,-25.275905],[-57.553731,-25.275802]]}},{"type":"Feature","properties":{"nombre":null},"geometry":{"type":"LineString","coordinates":[[-57.551639,-25.277],[-57.551419,-25.276938]]}},{"type":"Feature","properties":{"nombre":null},"geometry":{"type":"LineString","coordinates":[[-57.55454,-25.276648],[-57.554952,-25.276604]]}},{"type":"Feature","properties":{"nombre":null},"geometry":{"type":"LineString","coordinates":[[-57.552747,-25.278647],[-57.553054,-25.277983]]}},{"type":"Feature","properties":{"nombre":null},"geometry":{"type":"LineString","coordinates":[[-57.556469,-25.281586],[-57.556248,-25.281491],[-57.55638,-25.281171],[-57.556114,-25.281022],[-57.556178,-25.280686],[-57.556258,-25.280608]]}},{"type":"Feature","properties":{"nombre":null},"geometry":{"type":"LineString","coordinates":[[-57.556352,-25.281545],[-57.556497,-25.281234],[-57.55638,-25.281171]]}},{"type":"Feature","properties":{"nombre":null},"geometry":{"type":"LineString","coordinates":[[-57.557397,-25.279383],[-57.557384,-25.279376]]}},{"type":"Feature","properties":{"nombre":null},"geometry":{"type":"LineString","coordinates":[[-57.557362,-25.280687],[-57.557312,-25.280685],[-57.557143,-25.28061]]}},{"type":"Feature","properties":{"nombre":null},"geometry":{"type":"LineString","coordinates":[[-57.55143,-25.285432],[-57.551295,-25.285466]]}},{"type":"Feature","properties":{"nombre":null},"geometry":{"type":"LineString","coordinates":[[-57.552241,-25.291288],[-57.551697,-25.291838],[-57.551702,-25.291846],[-57.552243,-25.291296],[-57.552241,-25.291288]]}},{"type":"Feature","properties":{"nombre":"ARROYO MBURICAO"},"geometry":{"type":"LineString","coordinates":[[-57.595605,-25.302961],[-57.595686,-25.302842]]}},{"type":"Feature","properties":{"nombre":"ARROYO MBURICAO"},"geometry":{"type":"LineString","coordinates":[[-57.596435,-25.305556],[-57.59631,-25.305275],[-57.596319,-25.305073]]}},{"type":"Feature","properties":{"nombre":null},"geometry":{"type":"LineString","coordinates":[[-57.594225,-25.324226],[-57.594262,-25.324379],[-57.594267,-25.324378],[-57.594231,-25.324224],[-57.594225,-25.324226]]}},{"type":"Feature","properties":{"nombre":null},"geometry":{"type":"LineString","coordinates":[[-57.595162,-25.32726],[-57.594873,-25.327021],[-57.594867,-25.327027],[-57.595156,-25.327266],[-57.595162,-25.32726]]}},{"type":"Feature","properties":{"nombre":null},"geometry":{"type":"LineString","coordinates":[[-57.594222,-25.324421],[-57.594302,-25.324466],[-57.594436,-25.324453],[-57.594541,-25.324489],[-57.594694,-25.32435],[-57.594789,-25.324345],[-57.594874,-25.324368],[-57.594994,-25.324314]]}},{"type":"Feature","properties":{"nombre":null},"geometry":{"type":"LineString","coordinates":[[-57.585745,-25.33172],[-57.585937,-25.331819],[-57.586248,-25.331904],[-57.586574,-25.332175],[-57.586872,-25.332327],[-57.587478,-25.33248],[-57.587788,-25.332607],[-57.587865,-25.332669],[-57.588205,-25.332831],[-57.588433,-25.332918],[-57.588548,-25.33294]]}},{"type":"Feature","properties":{"nombre":"ARROYO MBURICAO"},"geometry":{"type":"LineString","coordinates":[[-57.590439,-25.284171],[-57.5904,-25.284029],[-57.590302,-25.283958],[-57.590242,-25.283951],[-57.590069,-25.284035],[-57.589927,-25.284028],[-57.589804,-25.28398],[-57.589759,-25.283937],[-57.589708,-25.283827],[-57.589731,-25.28367],[-57.589707,-25.283612],[-57.589616,-25.283534],[-57.589442,-25.283475],[-57.589328,-25.283333]]}},{"type":"Feature","properties":{"nombre":"ARROYO MBURICAO"},"geometry":{"type":"LineString","coordinates":[[-57.590479,-25.286618],[-57.590443,-25.286806],[-57.590369,-25.286981],[-57.590304,-25.287046],[-57.589999,-25.287217]]}},{"type":"Feature","properties":{"nombre":"ARROYO MBURICAO"},"geometry":{"type":"LineString","coordinates":[[-57.591422,-25.288889],[-57.591414,-25.288733],[-57.591527,-25.288414],[-57.591534,-25.288197],[-57.591358,-25.288085],[-57.591115,-25.288043],[-57.590951,-25.287853],[-57.59082,-25.287616],[-57.590719,-25.287504],[-57.590154,-25.287274]]}},{"type":"Feature","properties":{"nombre":null},"geometry":{"type":"LineString","coordinates":[[-57.590659,-25.288889],[-57.590657,-25.288637],[-57.590621,-25.288407],[-57.590501,-25.288237],[-57.590232,-25.287615],[-57.590166,-25.287569],[-57.590138,-25.287495],[-57.590066,-25.287494]]}},{"type":"Feature","properties":{"nombre":null},"geometry":{"type":"LineString","coordinates":[[-57.548055,-25.272674],[-57.547661,-25.27223]]}},{"type":"Feature","properties":{"nombre":null},"geometry":{"type":"LineString","coordinates":[[-57.579974,-25.316202],[-57.579974,-25.31618],[-57.580457,-25.316057],[-57.5816,-25.315841],[-57.581481,-25.315258],[-57.58161,-25.315851],[-57.580505,-25.316056],[-57.579974,-25.316202]]}},{"type":"Feature","properties":{"nombre":null},"geometry":{"type":"LineString","coordinates":[[-57.567852,-25.321852],[-57.567761,-25.321891]]}},{"type":"Feature","properties":{"nombre":null},"geometry":{"type":"LineString","coordinates":[[-57.570165,-25.322863],[-57.569835,-25.322702],[-57.569649,-25.322898]]}},{"type":"Feature","properties":{"nombre":null},"geometry":{"type":"LineString","coordinates":[[-57.558718,-25.314953],[-57.558854,-25.314907],[-57.558835,-25.314861],[-57.5587,-25.314906],[-57.558718,-25.314953]]}},{"type":"Feature","properties":{"nombre":null},"geometry":{"type":"LineString","coordinates":[[-57.534444,-25.247893],[-57.534551,-25.247889],[-57.534665,-25.24785],[-57.534753,-25.247786]]}},{"type":"Feature","properties":{"nombre":null},"geometry":{"type":"LineString","coordinates":[[-57.538726,-25.248587],[-57.538991,-25.248885],[-57.539154,-25.249118]]}},{"type":"Feature","properties":{"nombre":null},"geometry":{"type":"LineString","coordinates":[[-57.537439,-25.248235],[-57.537664,-25.248534],[-57.537372,-25.248758]]}},{"type":"Feature","properties":{"nombre":null},"geometry":{"type":"LineString","coordinates":[[-57.537596,-25.244897],[-57.537371,-25.244538]]}},{"type":"Feature","properties":{"nombre":null},"geometry":{"type":"LineString","coordinates":[[-57.533121,-25.238889],[-57.533334,-25.238779]]}},{"type":"Feature","properties":{"nombre":null},"geometry":{"type":"LineString","coordinates":[[-57.52804,-25.24342],[-57.527988,-25.243463]]}},{"type":"Feature","properties":{"nombre":null},"geometry":{"type":"LineString","coordinates":[[-57.533334,-25.243332],[-57.533306,-25.243374],[-57.533143,-25.243389]]}},{"type":"Feature","properties":{"nombre":null},"geometry":{"type":"LineString","coordinates":[[-57.529826,-25.244671],[-57.529886,-25.244829]]}},{"type":"Feature","properties":{"nombre":null},"geometry":{"type":"LineString","coordinates":[[-57.530515,-25.246785],[-57.529332,-25.245406]]}},{"type":"Feature","properties":{"nombre":null},"geometry":{"type":"LineString","coordinates":[[-57.549268,-25.251649],[-57.549527,-25.251623]]}},{"type":"Feature","properties":{"nombre":null},"geometry":{"type":"LineString","coordinates":[[-57.548242,-25.261437],[-57.548234,-25.261427],[-57.548205,-25.261426],[-57.548208,-25.261451],[-57.548242,-25.261437]]}},{"type":"Feature","properties":{"nombre":null},"geometry":{"type":"LineString","coordinates":[[-57.547543,-25.262581],[-57.547423,-25.263119]]}},{"type":"Feature","properties":{"nombre":null},"geometry":{"type":"LineString","coordinates":[[-57.545382,-25.261853],[-57.545249,-25.261831],[-57.544348,-25.261788],[-57.54423,-25.26174]]}},{"type":"Feature","properties":{"nombre":null},"geometry":{"type":"LineString","coordinates":[[-57.548058,-25.262017],[-57.547743,-25.263396]]}},{"type":"Feature","properties":{"nombre":null},"geometry":{"type":"LineString","coordinates":[[-57.549859,-25.261412],[-57.548662,-25.261883]]}},{"type":"Feature","properties":{"nombre":null},"geometry":{"type":"LineString","coordinates":[[-57.545976,-25.271353],[-57.545944,-25.271353],[-57.545938,-25.271332]]}},{"type":"Feature","properties":{"nombre":null},"geometry":{"type":"LineString","coordinates":[[-57.54519,-25.267486],[-57.545918,-25.267631]]}},{"type":"Feature","properties":{"nombre":null},"geometry":{"type":"LineString","coordinates":[[-57.545631,-25.272218],[-57.545733,-25.271764],[-57.54575,-25.271558],[-57.545802,-25.271322]]}},{"type":"Feature","properties":{"nombre":null},"geometry":{"type":"LineString","coordinates":[[-57.546005,-25.269698],[-57.54598,-25.269693],[-57.546058,-25.269316]]}},{"type":"Feature","properties":{"nombre":null},"geometry":{"type":"LineString","coordinates":[[-57.54576,-25.266692],[-57.546589,-25.26683],[-57.546648,-25.266855]]}},{"type":"Feature","properties":{"nombre":null},"geometry":{"type":"LineString","coordinates":[[-57.547859,-25.267028],[-57.547388,-25.267305]]}},{"type":"Feature","properties":{"nombre":null},"geometry":{"type":"LineString","coordinates":[[-57.549785,-25.276711],[-57.55,-25.27677]]}},{"type":"Feature","properties":{"nombre":null},"geometry":{"type":"LineString","coordinates":[[-57.549092,-25.276502],[-57.549057,-25.276491]]}},{"type":"Feature","properties":{"nombre":"ARROYO YTAY"},"geometry":{"type":"LineString","coordinates":[[-57.542825,-25.277778],[-57.542693,-25.277605],[-57.542462,-25.276933],[-57.542345,-25.27682],[-57.542337,-25.276741],[-57.542311,-25.276709],[-57.542209,-25.2767],[-57.542066,-25.276737],[-57.541888,-25.276864],[-57.541667,-25.277079]]}},{"type":"Feature","properties":{"nombre":null},"geometry":{"type":"LineString","coordinates":[[-57.541667,-25.277373],[-57.541673,-25.277376]]}},{"type":"Feature","properties":{"nombre":null},"geometry":{"type":"LineString","coordinates":[[-57.549337,-25.27404],[-57.548927,-25.273603]]}},{"type":"Feature","properties":{"nombre":null},"geometry":{"type":"LineString","coordinates":[[-57.548442,-25.276086],[-57.548474,-25.276094]]}},{"type":"Feature","properties":{"nombre":null},"geometry":{"type":"LineString","coordinates":[[-57.547665,-25.276101],[-57.547576,-25.276077],[-57.547573,-25.27609],[-57.547659,-25.276116],[-57.547665,-25.276101]]}},{"type":"Feature","properties":{"nombre":null},"geometry":{"type":"LineString","coordinates":[[-57.547576,-25.276077],[-57.547573,-25.27609],[-57.547569,-25.27609],[-57.547572,-25.276076],[-57.547576,-25.276077]]}},{"type":"Feature","properties":{"nombre":null},"geometry":{"type":"LineString","coordinates":[[-57.544639,-25.274987],[-57.54465,-25.274914]]}},{"type":"Feature","properties":{"nombre":null},"geometry":{"type":"LineString","coordinates":[[-57.55,-25.276754],[-57.549791,-25.276694]]}},{"type":"Feature","properties":{"nombre":null},"geometry":{"type":"LineString","coordinates":[[-57.549791,-25.276694],[-57.549057,-25.276491]]}},{"type":"Feature","properties":{"nombre":null},"geometry":{"type":"LineString","coordinates":[[-57.548916,-25.273612],[-57.549493,-25.274209],[-57.549734,-25.274516],[-57.55,-25.274792]]}},{"type":"Feature","properties":{"nombre":null},"geometry":{"type":"LineString","coordinates":[[-57.547055,-25.275711],[-57.54883,-25.276196]]}},{"type":"Feature","properties":{"nombre":null},"geometry":{"type":"LineString","coordinates":[[-57.55,-25.279531],[-57.549838,-25.279521],[-57.549508,-25.279569]]}},{"type":"Feature","properties":{"nombre":null},"geometry":{"type":"LineString","coordinates":[[-57.544101,-25.287717],[-57.544025,-25.287438]]}},{"type":"Feature","properties":{"nombre":"ARROYO YTAY"},"geometry":{"type":"LineString","coordinates":[[-57.55,-25.292082],[-57.549912,-25.291963],[-57.549881,-25.291868],[-57.549878,-25.291259],[-57.549833,-25.291168]]}},{"type":"Feature","properties":{"nombre":null},"geometry":{"type":"LineString","coordinates":[[-57.54338,-25.294444],[-57.543356,-25.2945],[-57.543526,-25.294794],[-57.543574,-25.294925],[-57.543384,-25.295126],[-57.543249,-25.295216],[-57.543224,-25.295296],[-57.543304,-25.295504],[-57.543336,-25.295738],[-57.543461,-25.295909],[-57.543441,-25.29595]]}},{"type":"Feature","properties":{"nombre":null},"geometry":{"type":"LineString","coordinates":[[-57.545121,-25.294445],[-57.544953,-25.294463],[-57.544914,-25.294444]]}},{"type":"Feature","properties":{"nombre":null},"geometry":{"type":"LineString","coordinates":[[-57.545653,-25.294445],[-57.545627,-25.294492],[-57.54554,-25.294533]]}},{"type":"Feature","properties":{"nombre":"ARROYO YTAY"},"geometry":{"type":"LineString","coordinates":[[-57.534085,-25.254551],[-57.533952,-25.254105],[-57.533854,-25.253892],[-57.53384,-25.253757],[-57.53373,-25.253558],[-57.533618,-25.25327],[-57.533623,-25.25315],[-57.533576,-25.25311],[-57.533549,-25.253042],[-57.533608,-25.252939],[-57.533595,-25.252692],[-57.533619,-25.252559]]}},{"type":"Feature","properties":{"nombre":null},"geometry":{"type":"LineString","coordinates":[[-57.534298,-25.254977],[-57.534272,-25.254917]]}},{"type":"Feature","properties":{"nombre":null},"geometry":{"type":"LineString","coordinates":[[-57.540391,-25.252046],[-57.540199,-25.252136]]}},{"type":"Feature","properties":{"nombre":null},"geometry":{"type":"LineString","coordinates":[[-57.540133,-25.252169],[-57.539954,-25.25226]]}},{"type":"Feature","properties":{"nombre":null},"geometry":{"type":"LineString","coordinates":[[-57.536779,-25.251076],[-57.536753,-25.251093],[-57.536754,-25.251184],[-57.536669,-25.251524],[-57.536642,-25.251544],[-57.535117,-25.251822]]}},{"type":"Feature","properties":{"nombre":null},"geometry":{"type":"LineString","coordinates":[[-57.537303,-25.253909],[-57.537213,-25.253804]]}},{"type":"Feature","properties":{"nombre":null},"geometry":{"type":"LineString","coordinates":[[-57.538285,-25.252837],[-57.537377,-25.25178],[-57.537347,-25.251796]]}},{"type":"Feature","properties":{"nombre":null},"geometry":{"type":"LineString","coordinates":[[-57.541584,-25.253421],[-57.541336,-25.253506]]}},{"type":"Feature","properties":{"nombre":null},"geometry":{"type":"LineString","coordinates":[[-57.538348,-25.254652],[-57.538314,-25.255163]]}},{"type":"Feature","properties":{"nombre":"ARROYO YTAY"},"geometry":{"type":"LineString","coordinates":[[-57.53655,-25.261111],[-57.536425,-25.260902],[-57.536362,-25.26074],[-57.536351,-25.260431],[-57.536299,-25.260233],[-57.536152,-25.259911],[-57.536075,-25.259793],[-57.536027,-25.259439],[-57.535958,-25.259374],[-57.535923,-25.259255],[-57.535951,-25.259183],[-57.535926,-25.259042]]}},{"type":"Feature","properties":{"nombre":null},"geometry":{"type":"LineString","coordinates":[[-57.538207,-25.256744],[-57.538157,-25.25687]]}},{"type":"Feature","properties":{"nombre":null},"geometry":{"type":"LineString","coordinates":[[-57.537992,-25.257282],[-57.538044,-25.25866],[-57.537978,-25.258673]]}},{"type":"Feature","properties":{"nombre":null},"geometry":{"type":"LineString","coordinates":[[-57.536699,-25.259365],[-57.536157,-25.259405],[-57.536031,-25.259447]]}},{"type":"Feature","properties":{"nombre":null},"geometry":{"type":"LineString","coordinates":[[-57.541146,-25.283781],[-57.541101,-25.283333]]}},{"type":"Feature","properties":{"nombre":null},"geometry":{"type":"LineString","coordinates":[[-57.541667,-25.288051],[-57.541641,-25.288067]]}},{"type":"Feature","properties":{"nombre":null},"geometry":{"type":"LineString","coordinates":[[-57.572245,-25.323979],[-57.572253,-25.323866],[-57.572177,-25.323825],[-57.57224,-25.323879],[-57.572228,-25.323976],[-57.572244,-25.323979]]}},{"type":"Feature","properties":{"nombre":null},"geometry":{"type":"LineString","coordinates":[[-57.564747,-25.319804],[-57.564673,-25.319801],[-57.564366,-25.320131]]}},{"type":"Feature","properties":{"nombre":null},"geometry":{"type":"LineString","coordinates":[[-57.56434,-25.320163],[-57.564282,-25.320223]]}},{"type":"Feature","properties":{"nombre":null},"geometry":{"type":"LineString","coordinates":[[-57.554881,-25.3085],[-57.554823,-25.308367],[-57.554486,-25.308067],[-57.554451,-25.308001],[-57.554425,-25.307861],[-57.554317,-25.307718],[-57.554234,-25.307444],[-57.554245,-25.307129]]}},{"type":"Feature","properties":{"nombre":"ARROYO YTAY"},"geometry":{"type":"LineString","coordinates":[[-57.553293,-25.307174],[-57.553211,-25.306708],[-57.553156,-25.306616],[-57.553085,-25.306208],[-57.553079,-25.306046],[-57.553003,-25.305741],[-57.552993,-25.305556]]}},{"type":"Feature","properties":{"nombre":null},"geometry":{"type":"LineString","coordinates":[[-57.555053,-25.309849],[-57.555121,-25.309759],[-57.555062,-25.309549],[-57.55499,-25.309416]]}},{"type":"Feature","properties":{"nombre":null},"geometry":{"type":"LineString","coordinates":[[-57.554891,-25.306628],[-57.555248,-25.306418]]}},{"type":"Feature","properties":{"nombre":null},"geometry":{"type":"LineString","coordinates":[[-57.555242,-25.306409],[-57.554884,-25.306617]]}},{"type":"Feature","properties":{"nombre":null},"geometry":{"type":"LineString","coordinates":[[-57.555669,-25.305942],[-57.555007,-25.306328],[-57.554881,-25.306357]]}},{"type":"Feature","properties":{"nombre":null},"geometry":{"type":"LineString","coordinates":[[-57.555318,-25.308531],[-57.555296,-25.30853]]}},{"type":"Feature","properties":{"nombre":null},"geometry":{"type":"LineString","coordinates":[[-57.553386,-25.307715],[-57.553293,-25.307174]]}},{"type":"Feature","properties":{"nombre":null},"geometry":{"type":"LineString","coordinates":[[-57.545294,-25.294445],[-57.545214,-25.294398],[-57.545161,-25.294393],[-57.545121,-25.294445]]}},{"type":"Feature","properties":{"nombre":null},"geometry":{"type":"LineString","coordinates":[[-57.544278,-25.292802],[-57.544055,-25.292702],[-57.543874,-25.292673],[-57.543661,-25.292565],[-57.543368,-25.292572],[-57.543307,-25.29254],[-57.543233,-25.292464],[-57.543211,-25.292365],[-57.543123,-25.29219],[-57.54307,-25.292142],[-57.542996,-25.292125],[-57.542968,-25.29208],[-57.542782,-25.291936],[-57.542751,-25.291799],[-57.5426,-25.291459],[-57.542489,-25.29146],[-57.542363,-25.291555],[-57.542322,-25.29155],[-57.542265,-25.291492]]}},{"type":"Feature","properties":{"nombre":null},"geometry":{"type":"LineString","coordinates":[[-57.545832,-25.293779],[-57.545862,-25.293535],[-57.545896,-25.293461],[-57.545839,-25.293337],[-57.545739,-25.293331],[-57.545772,-25.293197],[-57.54573,-25.293077],[-57.545745,-25.292966],[-57.545635,-25.292909],[-57.545603,-25.292833],[-57.545484,-25.292826],[-57.545449,-25.292726],[-57.545402,-25.292674]]}},{"type":"Feature","properties":{"nombre":"ARROYO YTAY"},"geometry":{"type":"LineString","coordinates":[[-57.549833,-25.291168],[-57.549712,-25.291134],[-57.549703,-25.290916],[-57.549674,-25.290815],[-57.549468,-25.290391],[-57.54945,-25.290239],[-57.549212,-25.28967],[-57.549222,-25.289604],[-57.549183,-25.289531],[-57.549187,-25.289427],[-57.549138,-25.28929],[-57.549147,-25.289203],[-57.549071,-25.288941]]}},{"type":"Feature","properties":{"nombre":null},"geometry":{"type":"LineString","coordinates":[[-57.54338,-25.294444],[-57.543356,-25.2945],[-57.543526,-25.294794],[-57.543574,-25.294925],[-57.543384,-25.295126],[-57.543249,-25.295216],[-57.543224,-25.295277],[-57.543304,-25.295504],[-57.543336,-25.295738],[-57.543461,-25.295909],[-57.543441,-25.29595],[-57.543302,-25.296038],[-57.543205,-25.29617],[-57.54321,-25.296192],[-57.544295,-25.297446],[-57.544656,-25.297923]]}},{"type":"Feature","properties":{"nombre":null},"geometry":{"type":"LineString","coordinates":[[-57.52957,-25.245789],[-57.529182,-25.245812],[-57.529115,-25.245845]]}},{"type":"Feature","properties":{"nombre":null},"geometry":{"type":"LineString","coordinates":[[-57.530119,-25.244485],[-57.530091,-25.244681],[-57.529976,-25.244789],[-57.529799,-25.244888]]}},{"type":"Feature","properties":{"nombre":null},"geometry":{"type":"LineString","coordinates":[[-57.530573,-25.244709],[-57.530466,-25.244558]]}},{"type":"Feature","properties":{"nombre":null},"geometry":{"type":"LineString","coordinates":[[-57.530515,-25.246785],[-57.529331,-25.245406]]}},{"type":"Feature","properties":{"nombre":null},"geometry":{"type":"LineString","coordinates":[[-57.533121,-25.247917],[-57.532521,-25.247472],[-57.532383,-25.247417],[-57.532244,-25.247463],[-57.531812,-25.247744],[-57.531517,-25.247849],[-57.53133,-25.247889],[-57.53126,-25.247867]]}},{"type":"Feature","properties":{"nombre":null},"geometry":{"type":"LineString","coordinates":[[-57.545061,-25.274586],[-57.544985,-25.274637],[-57.544845,-25.274791],[-57.544721,-25.274875],[-57.544557,-25.274888],[-57.54438,-25.274787],[-57.544057,-25.274683],[-57.543589,-25.274487],[-57.543341,-25.27434],[-57.543074,-25.274255],[-57.542855,-25.274253],[-57.542749,-25.274173],[-57.542743,-25.274137],[-57.542773,-25.274091],[-57.542755,-25.274009],[-57.542649,-25.274175]]}},{"type":"Feature","properties":{"nombre":null},"geometry":{"type":"LineString","coordinates":[[-57.545303,-25.274611],[-57.54546,-25.275055],[-57.545582,-25.275242],[-57.545688,-25.275324],[-57.545988,-25.275405]]}},{"type":"Feature","properties":{"nombre":null},"geometry":{"type":"LineString","coordinates":[[-57.549149,-25.273603],[-57.548977,-25.273403]]}},{"type":"Feature","properties":{"nombre":null},"geometry":{"type":"LineString","coordinates":[[-57.54398,-25.274101],[-57.544217,-25.274155],[-57.544348,-25.273831],[-57.544426,-25.273858]]}},{"type":"Feature","properties":{"nombre":null},"geometry":{"type":"LineString","coordinates":[[-57.548928,-25.273355],[-57.548799,-25.273215]]}},{"type":"Feature","properties":{"nombre":null},"geometry":{"type":"LineString","coordinates":[[-57.549634,-25.272966],[-57.549464,-25.273085]]}},{"type":"Feature","properties":{"nombre":null},"geometry":{"type":"LineString","coordinates":[[-57.54923,-25.273687],[-57.549198,-25.273653]]}},{"type":"Feature","properties":{"nombre":null},"geometry":{"type":"LineString","coordinates":[[-57.548442,-25.276086],[-57.548474,-25.276094]]}},{"type":"Feature","properties":{"nombre":null},"geometry":{"type":"LineString","coordinates":[[-57.541407,-25.280217],[-57.541552,-25.280186],[-57.541617,-25.280131],[-57.54162,-25.280066],[-57.541584,-25.279975],[-57.541445,-25.279861]]}},{"type":"Feature","properties":{"nombre":null},"geometry":{"type":"LineString","coordinates":[[-57.656207,-25.282374],[-57.656216,-25.282301],[-57.656204,-25.282214],[-57.656006,-25.282136],[-57.656051,-25.282161],[-57.656044,-25.28225],[-57.65606,-25.282166],[-57.656195,-25.282221],[-57.656207,-25.282374]]}},{"type":"Feature","properties":{"nombre":null},"geometry":{"type":"LineString","coordinates":[[-57.624084,-25.28405],[-57.624536,-25.283788],[-57.624537,-25.28377],[-57.624651,-25.283785]]}},{"type":"Feature","properties":{"nombre":null},"geometry":{"type":"LineString","coordinates":[[-57.624537,-25.28377],[-57.623881,-25.283677]]}},{"type":"Feature","properties":{"nombre":null},"geometry":{"type":"LineString","coordinates":[[-57.608805,-25.251304],[-57.608973,-25.251307],[-57.609036,-25.251403],[-57.60906,-25.251503],[-57.609099,-25.251531],[-57.609581,-25.25168],[-57.609695,-25.25167],[-57.609803,-25.251739],[-57.609922,-25.251748],[-57.610109,-25.251864],[-57.610314,-25.25195],[-57.610459,-25.251935],[-57.61051,-25.251987],[-57.610426,-25.25199],[-57.610416,-25.252031],[-57.610644,-25.252183],[-57.610959,-25.252251],[-57.611108,-25.252331],[-57.611544,-25.25247],[-57.611685,-25.252531],[-57.611847,-25.252638],[-57.612073,-25.252696],[-57.612332,-25.252818],[-57.612716,-25.252895],[-57.613017,-25.252906],[-57.613179,-25.252966],[-57.613314,-25.252973],[-57.613477,-25.25302],[-57.613911,-25.253186],[-57.614212,-25.253379],[-57.614501,-25.253472],[-57.614858,-25.253653],[-57.61507,-25.253691],[-57.615178,-25.25376],[-57.615374,-25.253799],[-57.615591,-25.253908],[-57.616307,-25.2542],[-57.616383,-25.254244],[-57.616478,-25.254348],[-57.616667,-25.254387]]}},{"type":"Feature","properties":{"nombre":null},"geometry":{"type":"LineString","coordinates":[[-57.616459,-25.266667],[-57.616593,-25.266339],[-57.616667,-25.266241]]}},{"type":"Feature","properties":{"nombre":null},"geometry":{"type":"LineString","coordinates":[[-57.641667,-25.323351],[-57.641623,-25.323428],[-57.641455,-25.323402]]}},{"type":"Feature","properties":{"nombre":null},"geometry":{"type":"LineString","coordinates":[[-57.547633,-25.283949],[-57.547673,-25.284148],[-57.547743,-25.284341],[-57.547795,-25.284673],[-57.547952,-25.285234],[-57.548192,-25.285583],[-57.54823,-25.28569],[-57.548303,-25.286045],[-57.548322,-25.286463],[-57.548404,-25.286762]]}},{"type":"Feature","properties":{"nombre":null},"geometry":{"type":"LineString","coordinates":[[-57.543389,-25.29443],[-57.543436,-25.294347],[-57.543501,-25.294313],[-57.54353,-25.294272],[-57.543542,-25.294169]]}},{"type":"Feature","properties":{"nombre":"ARROYO YTAY"},"geometry":{"type":"LineString","coordinates":[[-57.55,-25.292143],[-57.54982,-25.291922],[-57.549812,-25.29125],[-57.549774,-25.291212],[-57.549626,-25.291164],[-57.549624,-25.291142]]}},{"type":"Feature","properties":{"nombre":null},"geometry":{"type":"LineString","coordinates":[[-57.54933,-25.290119],[-57.549205,-25.289797]]}},{"type":"Feature","properties":{"nombre":null},"geometry":{"type":"LineString","coordinates":[[-57.549079,-25.289292],[-57.549116,-25.289211]]}},{"type":"Feature","properties":{"nombre":null},"geometry":{"type":"LineString","coordinates":[[-57.544278,-25.292802],[-57.544055,-25.292702],[-57.543874,-25.292673],[-57.543661,-25.292565],[-57.543368,-25.292572],[-57.543307,-25.29254],[-57.543233,-25.292464],[-57.543211,-25.292365],[-57.543123,-25.29219],[-57.54307,-25.292142],[-57.542996,-25.292125],[-57.542968,-25.29208],[-57.542782,-25.291936],[-57.542751,-25.291799],[-57.5426,-25.291459],[-57.542489,-25.29146],[-57.542363,-25.291555],[-57.542322,-25.29155],[-57.542265,-25.291492]]}},{"type":"Feature","properties":{"nombre":null},"geometry":{"type":"LineString","coordinates":[[-57.542259,-25.291484],[-57.542164,-25.291403]]}},{"type":"Feature","properties":{"nombre":null},"geometry":{"type":"LineString","coordinates":[[-57.5453,-25.293181],[-57.545364,-25.293022],[-57.545342,-25.292935],[-57.545286,-25.292889],[-57.545135,-25.292852],[-57.545,-25.29288],[-57.544883,-25.292933],[-57.544769,-25.292945],[-57.544644,-25.292912],[-57.544568,-25.292837]]}},{"type":"Feature","properties":{"nombre":null},"geometry":{"type":"LineString","coordinates":[[-57.545548,-25.294288],[-57.54527,-25.294227],[-57.545199,-25.294286],[-57.545172,-25.294352]]}},{"type":"Feature","properties":{"nombre":null},"geometry":{"type":"LineString","coordinates":[[-57.545762,-25.294328],[-57.545659,-25.294372],[-57.545653,-25.294445]]}},{"type":"Feature","properties":{"nombre":null},"geometry":{"type":"LineString","coordinates":[[-57.537916,-25.261628],[-57.537789,-25.261644],[-57.537725,-25.261612],[-57.537624,-25.261449],[-57.537375,-25.261243],[-57.537276,-25.261242],[-57.537231,-25.261285],[-57.53717,-25.261301],[-57.536867,-25.261232],[-57.53655,-25.261111]]}},{"type":"Feature","properties":{"nombre":null},"geometry":{"type":"LineString","coordinates":[[-57.641175,-25.324137],[-57.641044,-25.324082]]}},{"type":"Feature","properties":{"nombre":null},"geometry":{"type":"LineString","coordinates":[[-57.541437,-25.285087],[-57.541362,-25.285047],[-57.541263,-25.284905],[-57.541134,-25.284848],[-57.541083,-25.284738],[-57.540909,-25.284861],[-57.540844,-25.285004],[-57.540814,-25.285169],[-57.540874,-25.285333],[-57.540861,-25.285358],[-57.540835,-25.285381],[-57.540615,-25.285388],[-57.540575,-25.285439],[-57.540581,-25.285645],[-57.540552,-25.285702],[-57.540645,-25.285967],[-57.540601,-25.286006],[-57.540607,-25.286034],[-57.540645,-25.28605],[-57.540751,-25.286038],[-57.540909,-25.285976],[-57.540948,-25.285994],[-57.541091,-25.286173]]}},{"type":"Feature","properties":{"nombre":"ARROYO MBURICAO"},"geometry":{"type":"LineString","coordinates":[[-57.591952,-25.289906],[-57.591955,-25.289611],[-57.59193,-25.289536],[-57.591848,-25.289521],[-57.591667,-25.2896]]}},{"type":"Feature","properties":{"nombre":null},"geometry":{"type":"LineString","coordinates":[[-57.667418,-25.28517],[-57.667305,-25.284941],[-57.667244,-25.284698],[-57.666973,-25.28413],[-57.666954,-25.284024],[-57.66679,-25.283801],[-57.666761,-25.283551],[-57.666667,-25.283406]]}},{"type":"Feature","properties":{"nombre":null},"geometry":{"type":"LineString","coordinates":[[-57.6697,-25.288889],[-57.669767,-25.288952],[-57.669749,-25.289089],[-57.66981,-25.289265],[-57.669823,-25.289474],[-57.669878,-25.289481],[-57.669913,-25.28953]]}},{"type":"Feature","properties":{"nombre":null},"geometry":{"type":"LineString","coordinates":[[-57.668625,-25.288932],[-57.66852,-25.28954],[-57.668715,-25.289594],[-57.668775,-25.289586],[-57.669044,-25.289161],[-57.669193,-25.28903],[-57.669402,-25.28912],[-57.669614,-25.289095]]}},{"type":"Feature","properties":{"nombre":null},"geometry":{"type":"LineString","coordinates":[[-57.670315,-25.29502],[-57.670383,-25.295112],[-57.670411,-25.295207],[-57.670445,-25.295402],[-57.67043,-25.295504]]}},{"type":"Feature","properties":{"nombre":null},"geometry":{"type":"LineString","coordinates":[[-57.669594,-25.299259],[-57.669628,-25.29917],[-57.669701,-25.299177],[-57.669714,-25.299286],[-57.669681,-25.299525],[-57.669642,-25.299628],[-57.669595,-25.29967],[-57.669594,-25.299259]]}},{"type":"Feature","properties":{"nombre":null},"geometry":{"type":"LineString","coordinates":[[-57.658333,-25.278214],[-57.658353,-25.278217]]}},{"type":"Feature","properties":{"nombre":"ARROYO MBURICAO SUR"},"geometry":{"type":"LineString","coordinates":[[-57.658333,-25.297778],[-57.658365,-25.297801],[-57.658524,-25.297826],[-57.658627,-25.297885],[-57.658695,-25.29789],[-57.658871,-25.297865],[-57.659089,-25.297746],[-57.659201,-25.297722],[-57.659301,-25.297732],[-57.65941,-25.297791],[-57.659556,-25.297981],[-57.659821,-25.29814],[-57.660061,-25.298523],[-57.660116,-25.298575],[-57.660315,-25.298549],[-57.660621,-25.298638],[-57.660677,-25.298618],[-57.660849,-25.298474],[-57.661149,-25.298592],[-57.661396,-25.298733]]}},{"type":"Feature","properties":{"nombre":null},"geometry":{"type":"LineString","coordinates":[[-57.65,-25.274427],[-57.650125,-25.274365],[-57.650283,-25.274238],[-57.650362,-25.274242],[-57.650477,-25.274298],[-57.650501,-25.274232],[-57.650596,-25.274148],[-57.650786,-25.273839],[-57.651019,-25.273823],[-57.651118,-25.273859],[-57.651203,-25.273945],[-57.651179,-25.273974],[-57.65109,-25.273994],[-57.650979,-25.274087],[-57.650965,-25.274116],[-57.651,-25.274181],[-57.65098,-25.274294],[-57.650914,-25.274309],[-57.650907,-25.274339],[-57.650992,-25.274363],[-57.65108,-25.274461],[-57.651115,-25.274462],[-57.651152,-25.27441],[-57.651196,-25.274407]]}},{"type":"Feature","properties":{"nombre":null},"geometry":{"type":"LineString","coordinates":[[-57.651196,-25.274407],[-57.651102,-25.274619],[-57.651004,-25.274696],[-57.650896,-25.274921],[-57.650735,-25.274912],[-57.650657,-25.27498],[-57.650691,-25.275101],[-57.650722,-25.275099],[-57.650728,-25.275168],[-57.650675,-25.275266],[-57.6506,-25.275307],[-57.650551,-25.27537],[-57.650539,-25.275471],[-57.650452,-25.27544],[-57.650358,-25.275494],[-57.650336,-25.275575],[-57.650388,-25.275631],[-57.650374,-25.275702],[-57.6503,-25.275768],[-57.650195,-25.275809],[-57.65,-25.275793]]}},{"type":"Feature","properties":{"nombre":"ARROYO MBURICAO SUR"},"geometry":{"type":"LineString","coordinates":[[-57.657177,-25.29811],[-57.657208,-25.297988],[-57.657183,-25.297894],[-57.657228,-25.297805],[-57.657307,-25.297798],[-57.657422,-25.297935],[-57.657493,-25.297962],[-57.657715,-25.297946],[-57.657864,-25.297881],[-57.658333,-25.297814]]}},{"type":"Feature","properties":{"nombre":"ARROYO MBURICAO SUR"},"geometry":{"type":"LineString","coordinates":[[-57.657135,-25.298101],[-57.657163,-25.298026],[-57.657167,-25.297842],[-57.657271,-25.297756],[-57.657351,-25.297775],[-57.657464,-25.297919],[-57.657517,-25.297929],[-57.657699,-25.29791],[-57.657843,-25.297849],[-57.65795,-25.297828],[-57.658333,-25.297778]]}},{"type":"Feature","properties":{"nombre":null},"geometry":{"type":"LineString","coordinates":[[-57.668773,-25.301614],[-57.668711,-25.301201],[-57.66882,-25.300828],[-57.66882,-25.300615],[-57.668782,-25.300434],[-57.668755,-25.300389],[-57.668716,-25.300378],[-57.668164,-25.300338],[-57.668003,-25.300211],[-57.668162,-25.300311],[-57.668351,-25.300334],[-57.668616,-25.300332],[-57.668721,-25.300291],[-57.668793,-25.300325],[-57.668832,-25.300272],[-57.668855,-25.300285],[-57.668877,-25.300356],[-57.668906,-25.300364],[-57.668962,-25.300318],[-57.668982,-25.30025],[-57.669106,-25.300195],[-57.669128,-25.3]]}},{"type":"Feature","properties":{"nombre":null},"geometry":{"type":"LineString","coordinates":[[-57.666474,-25.300661],[-57.666667,-25.300685]]}},{"type":"Feature","properties":{"nombre":null},"geometry":{"type":"LineString","coordinates":[[-57.663394,-25.300167],[-57.663367,-25.300198]]}},{"type":"Feature","properties":{"nombre":null},"geometry":{"type":"LineString","coordinates":[[-57.66651,-25.313059],[-57.666486,-25.312946],[-57.665955,-25.313047]]}},{"type":"Feature","properties":{"nombre":null},"geometry":{"type":"LineString","coordinates":[[-57.666464,-25.312509],[-57.666387,-25.31222]]}},{"type":"Feature","properties":{"nombre":null},"geometry":{"type":"LineString","coordinates":[[-57.662076,-25.322222],[-57.662009,-25.322255],[-57.662053,-25.322306],[-57.662035,-25.322403],[-57.662157,-25.322445],[-57.66237,-25.32242],[-57.66243,-25.32236],[-57.662474,-25.322367],[-57.66252,-25.322408],[-57.662679,-25.322364],[-57.662734,-25.322327],[-57.662799,-25.322323],[-57.662848,-25.322349],[-57.662859,-25.322397],[-57.66291,-25.322412],[-57.662931,-25.322472],[-57.662994,-25.322423],[-57.663052,-25.322423],[-57.663194,-25.322469],[-57.663309,-25.322477],[-57.663289,-25.322518],[-57.663358,-25.322566],[-57.663651,-25.322664],[-57.663737,-25.322679],[-57.663804,-25.322613],[-57.663873,-25.32259],[-57.663903,-25.322611],[-57.663899,-25.322655],[-57.663806,-25.322751],[-57.663791,-25.32289],[-57.663758,-25.322939],[-57.663419,-25.323134],[-57.663342,-25.323249],[-57.663273,-25.323244],[-57.662928,-25.323432],[-57.662791,-25.323473],[-57.662617,-25.32357],[-57.662499,-25.323601],[-57.66242,-25.323654],[-57.662359,-25.323648],[-57.662133,-25.323835],[-57.661925,-25.323931],[-57.661823,-25.324085],[-57.661764,-25.324087],[-57.661664,-25.324047],[-57.66157,-25.324084],[-57.661461,-25.324206],[-57.661403,-25.324312],[-57.661334,-25.324359],[-57.661145,-25.324428],[-57.660994,-25.324414],[-57.660896,-25.324491],[-57.660689,-25.324532],[-57.660636,-25.324585],[-57.660656,-25.324634],[-57.660538,-25.324767],[-57.66038,-25.324807],[-57.660268,-25.324888],[-57.660134,-25.325099],[-57.659916,-25.325257],[-57.659758,-25.325319],[-57.659505,-25.325363],[-57.659469,-25.325405],[-57.659365,-25.325435],[-57.65919,-25.325578],[-57.659153,-25.325535],[-57.659056,-25.325574],[-57.659056,-25.325518],[-57.659004,-25.325516],[-57.65879,-25.325606],[-57.65881,-25.325642],[-57.658747,-25.325678],[-57.658728,-25.32568],[-57.658706,-25.325624],[-57.658664,-25.325655]]}},{"type":"Feature","properties":{"nombre":null},"geometry":{"type":"LineString","coordinates":[[-57.65,-25.310108],[-57.650088,-25.310148],[-57.650299,-25.310385],[-57.650415,-25.310594],[-57.650468,-25.310748],[-57.650626,-25.310857],[-57.65077,-25.311034]]}},{"type":"Feature","properties":{"nombre":null},"geometry":{"type":"LineString","coordinates":[[-57.65,-25.318733],[-57.650096,-25.318695],[-57.650197,-25.318696],[-57.65051,-25.318779],[-57.650626,-25.318778],[-57.650634,-25.318733],[-57.650586,-25.318698]]}},{"type":"Feature","properties":{"nombre":null},"geometry":{"type":"LineString","coordinates":[[-57.654244,-25.327778],[-57.654296,-25.327778]]}},{"type":"Feature","properties":{"nombre":null},"geometry":{"type":"LineString","coordinates":[[-57.641667,-25.282851],[-57.641667,-25.282849]]}},{"type":"Feature","properties":{"nombre":null},"geometry":{"type":"LineString","coordinates":[[-57.628854,-25.261111],[-57.628819,-25.261484],[-57.628786,-25.261539],[-57.628788,-25.261641],[-57.62875,-25.261665],[-57.628632,-25.261619],[-57.628584,-25.261638],[-57.628569,-25.261796],[-57.628483,-25.261939],[-57.628485,-25.262103],[-57.628405,-25.262213],[-57.628435,-25.262258],[-57.628411,-25.262391],[-57.628512,-25.2625],[-57.628415,-25.262541],[-57.628341,-25.262632],[-57.628279,-25.262842],[-57.628265,-25.26298],[-57.628197,-25.263059],[-57.628213,-25.263257],[-57.628162,-25.263323],[-57.628234,-25.263567],[-57.628105,-25.264029],[-57.62815,-25.264103],[-57.628243,-25.264159],[-57.628274,-25.264212],[-57.628222,-25.26426],[-57.628193,-25.264436],[-57.628203,-25.264575],[-57.628254,-25.264638],[-57.628399,-25.26471],[-57.628358,-25.264748],[-57.628376,-25.264821],[-57.628323,-25.264894],[-57.628248,-25.264872],[-57.628215,-25.2649],[-57.628271,-25.264984],[-57.628219,-25.26504],[-57.628231,-25.265144],[-57.628306,-25.265215],[-57.628315,-25.265279],[-57.628379,-25.265319],[-57.62834,-25.265364],[-57.628349,-25.265438],[-57.628303,-25.265451],[-57.628305,-25.265513],[-57.628251,-25.265595],[-57.628229,-25.265767],[-57.628164,-25.265799],[-57.62814,-25.265839],[-57.62814,-25.266067],[-57.628058,-25.266071],[-57.62806,-25.266127],[-57.62801,-25.266228],[-57.627869,-25.266411],[-57.627898,-25.266571],[-57.62794,-25.266611],[-57.627942,-25.266667]]}},{"type":"Feature","properties":{"nombre":null},"geometry":{"type":"LineString","coordinates":[[-57.625865,-25.267129],[-57.625874,-25.267206],[-57.625827,-25.26724],[-57.625739,-25.267203],[-57.625696,-25.26713],[-57.625722,-25.267067],[-57.625787,-25.267038],[-57.625851,-25.267063],[-57.625865,-25.267129]]}},{"type":"Feature","properties":{"nombre":null},"geometry":{"type":"LineString","coordinates":[[-57.633269,-25.277778],[-57.63327,-25.27787],[-57.633333,-25.277917]]}},{"type":"Feature","properties":{"nombre":null},"geometry":{"type":"LineString","coordinates":[[-57.626857,-25.283703],[-57.626839,-25.28346],[-57.626887,-25.283403],[-57.626903,-25.283333]]}},{"type":"Feature","properties":{"nombre":null},"geometry":{"type":"LineString","coordinates":[[-57.620766,-25.255556],[-57.621226,-25.255755],[-57.621376,-25.255865],[-57.621441,-25.255861],[-57.621536,-25.255817],[-57.621751,-25.255822],[-57.62213,-25.256197],[-57.622242,-25.25626],[-57.622477,-25.256311],[-57.622629,-25.256315],[-57.622771,-25.256368],[-57.622893,-25.256335],[-57.62294,-25.256351],[-57.622998,-25.256413],[-57.623254,-25.256343],[-57.623815,-25.256402],[-57.624171,-25.256401],[-57.624652,-25.256672],[-57.624838,-25.256847],[-57.625,-25.256872]]}},{"type":"Feature","properties":{"nombre":null},"geometry":{"type":"LineString","coordinates":[[-57.613595,-25.272222],[-57.61347,-25.272107],[-57.613247,-25.272019],[-57.613103,-25.271894],[-57.613044,-25.271883],[-57.612833,-25.271926],[-57.612724,-25.272155],[-57.612589,-25.272222]]}},{"type":"Feature","properties":{"nombre":null},"geometry":{"type":"LineString","coordinates":[[-57.616667,-25.273406],[-57.616648,-25.273368],[-57.616667,-25.273339]]}},{"type":"Feature","properties":{"nombre":null},"geometry":{"type":"LineString","coordinates":[[-57.610672,-25.273758],[-57.610739,-25.273643]]}},{"type":"Feature","properties":{"nombre":null},"geometry":{"type":"LineString","coordinates":[[-57.615991,-25.27926],[-57.615951,-25.279114],[-57.616023,-25.278839],[-57.616308,-25.278499],[-57.616492,-25.278057],[-57.616643,-25.277853],[-57.61666,-25.2778]]}},{"type":"Feature","properties":{"nombre":null},"geometry":{"type":"LineString","coordinates":[[-57.615864,-25.279787],[-57.61597,-25.279501],[-57.616001,-25.279354],[-57.615991,-25.27926]]}},{"type":"Feature","properties":{"nombre":null},"geometry":{"type":"LineString","coordinates":[[-57.616667,-25.277954],[-57.61649,-25.278267],[-57.61638,-25.27854],[-57.616108,-25.278838],[-57.61609,-25.278907],[-57.61603,-25.278967],[-57.616038,-25.279068],[-57.616013,-25.279092],[-57.616066,-25.279274]]}},{"type":"Feature","properties":{"nombre":null},"geometry":{"type":"LineString","coordinates":[[-57.609325,-25.282781],[-57.609336,-25.283022],[-57.609282,-25.283274],[-57.609257,-25.283273],[-57.60924,-25.28325],[-57.609297,-25.282803],[-57.609325,-25.282781]]}},{"type":"Feature","properties":{"nombre":"ARROYO LAS MERCEDES"},"geometry":{"type":"LineString","coordinates":[[-57.609962,-25.277999],[-57.610014,-25.278032],[-57.610136,-25.277863]]}},{"type":"Feature","properties":{"nombre":null},"geometry":{"type":"LineString","coordinates":[[-57.600412,-25.264998],[-57.600231,-25.265016],[-57.600147,-25.265046],[-57.60008,-25.265102],[-57.6,-25.265121]]}},{"type":"Feature","properties":{"nombre":null},"geometry":{"type":"LineString","coordinates":[[-57.603803,-25.267767],[-57.6037,-25.268226],[-57.603826,-25.267776]]}},{"type":"Feature","properties":{"nombre":null},"geometry":{"type":"LineString","coordinates":[[-57.605799,-25.274259],[-57.605731,-25.274352]]}},{"type":"Feature","properties":{"nombre":null},"geometry":{"type":"LineString","coordinates":[[-57.605358,-25.274124],[-57.605761,-25.274415]]}},{"type":"Feature","properties":{"nombre":null},"geometry":{"type":"LineString","coordinates":[[-57.604236,-25.273267],[-57.603727,-25.272952],[-57.603606,-25.272846],[-57.603653,-25.272802]]}},{"type":"Feature","properties":{"nombre":null},"geometry":{"type":"LineString","coordinates":[[-57.602789,-25.274211],[-57.602517,-25.274417],[-57.6024,-25.274734],[-57.602348,-25.274799]]}},{"type":"Feature","properties":{"nombre":null},"geometry":{"type":"LineString","coordinates":[[-57.607283,-25.28266],[-57.607251,-25.281969]]}},{"type":"Feature","properties":{"nombre":null},"geometry":{"type":"LineString","coordinates":[[-57.60298,-25.295621],[-57.602487,-25.294652],[-57.602442,-25.294534],[-57.602458,-25.294487]]}},{"type":"Feature","properties":{"nombre":"ARROYO SALAMANCA"},"geometry":{"type":"LineString","coordinates":[[-57.641846,-25.302686],[-57.641847,-25.302687]]}},{"type":"Feature","properties":{"nombre":null},"geometry":{"type":"LineString","coordinates":[[-57.64848,-25.315834],[-57.648785,-25.316262]]}},{"type":"Feature","properties":{"nombre":null},"geometry":{"type":"LineString","coordinates":[[-57.643067,-25.32112],[-57.642922,-25.321453]]}},{"type":"Feature","properties":{"nombre":null},"geometry":{"type":"LineString","coordinates":[[-57.642367,-25.320559],[-57.642679,-25.320727]]}},{"type":"Feature","properties":{"nombre":null},"geometry":{"type":"LineString","coordinates":[[-57.641285,-25.324187],[-57.641211,-25.324152]]}},{"type":"Feature","properties":{"nombre":null},"geometry":{"type":"LineString","coordinates":[[-57.635537,-25.323637],[-57.63564,-25.324158],[-57.635658,-25.324144]]}},{"type":"Feature","properties":{"nombre":null},"geometry":{"type":"LineString","coordinates":[[-57.640844,-25.324941],[-57.640788,-25.325157],[-57.640534,-25.32583],[-57.640388,-25.326131]]}},{"type":"Feature","properties":{"nombre":null},"geometry":{"type":"LineString","coordinates":[[-57.635863,-25.325161],[-57.635944,-25.325181]]}},{"type":"Feature","properties":{"nombre":null},"geometry":{"type":"LineString","coordinates":[[-57.645146,-25.317745],[-57.645223,-25.317888],[-57.645397,-25.318116],[-57.645449,-25.318178],[-57.645548,-25.318232],[-57.645798,-25.318121],[-57.646169,-25.317884],[-57.646459,-25.318023],[-57.646516,-25.318076]]}},{"type":"Feature","properties":{"nombre":null},"geometry":{"type":"LineString","coordinates":[[-57.645356,-25.319116],[-57.645474,-25.319043]]}},{"type":"Feature","properties":{"nombre":null},"geometry":{"type":"LineString","coordinates":[[-57.645281,-25.318948],[-57.645359,-25.318962],[-57.645434,-25.319005]]}},{"type":"Feature","properties":{"nombre":null},"geometry":{"type":"LineString","coordinates":[[-57.644582,-25.316667],[-57.644875,-25.316942]]}},{"type":"Feature","properties":{"nombre":"ARROYO FERREIRA"},"geometry":{"type":"LineString","coordinates":[[-57.641667,-25.319075],[-57.642004,-25.319113],[-57.642051,-25.319079],[-57.642086,-25.319081],[-57.642357,-25.319146],[-57.642512,-25.319218],[-57.642585,-25.319333],[-57.6426,-25.319434],[-57.64277,-25.319641],[-57.643255,-25.319946],[-57.643742,-25.320505],[-57.643892,-25.320748],[-57.643977,-25.320813],[-57.644081,-25.320964],[-57.644263,-25.321406],[-57.644444,-25.321646],[-57.644505,-25.321696],[-57.644565,-25.321692],[-57.644665,-25.321785],[-57.644742,-25.3218],[-57.644944,-25.321932],[-57.645539,-25.322222]]}},{"type":"Feature","properties":{"nombre":null},"geometry":{"type":"LineString","coordinates":[[-57.643562,-25.326071],[-57.643517,-25.326269],[-57.643045,-25.327631],[-57.643132,-25.327477],[-57.644149,-25.327748],[-57.644318,-25.327741]]}},{"type":"Feature","properties":{"nombre":null},"geometry":{"type":"LineString","coordinates":[[-57.642042,-25.32393],[-57.642016,-25.324001]]}},{"type":"Feature","properties":{"nombre":null},"geometry":{"type":"LineString","coordinates":[[-57.646599,-25.322899],[-57.645875,-25.323281],[-57.64585,-25.323325],[-57.64585,-25.323474],[-57.64578,-25.323521]]}},{"type":"Feature","properties":{"nombre":null},"geometry":{"type":"LineString","coordinates":[[-57.641667,-25.323332],[-57.641727,-25.323348]]}},{"type":"Feature","properties":{"nombre":null},"geometry":{"type":"LineString","coordinates":[[-57.645936,-25.333333],[-57.645948,-25.333379],[-57.646007,-25.333423],[-57.646098,-25.333394],[-57.646163,-25.333333]]}},{"type":"Feature","properties":{"nombre":null},"geometry":{"type":"LineString","coordinates":[[-57.643324,-25.338484],[-57.64351,-25.338399],[-57.643542,-25.338365]]}},{"type":"Feature","properties":{"nombre":null},"geometry":{"type":"LineString","coordinates":[[-57.644055,-25.33646],[-57.643913,-25.336158],[-57.644454,-25.335255],[-57.644565,-25.335136],[-57.644647,-25.335065],[-57.644932,-25.335164],[-57.645263,-25.335216]]}},{"type":"Feature","properties":{"nombre":null},"geometry":{"type":"LineString","coordinates":[[-57.641667,-25.343177],[-57.641868,-25.343177]]}},{"type":"Feature","properties":{"nombre":null},"geometry":{"type":"LineString","coordinates":[[-57.64365,-25.343773],[-57.643777,-25.343728],[-57.643806,-25.343695],[-57.643924,-25.343675]]}},{"type":"Feature","properties":{"nombre":null},"geometry":{"type":"LineString","coordinates":[[-57.641667,-25.346267],[-57.641897,-25.34653],[-57.641935,-25.346527],[-57.642031,-25.346489],[-57.642127,-25.346417],[-57.642398,-25.345979]]}},{"type":"Feature","properties":{"nombre":"ARROYO Z. MOROTI"},"geometry":{"type":"LineString","coordinates":[[-57.637187,-25.310116],[-57.637357,-25.310418],[-57.637354,-25.310609],[-57.637429,-25.310742]]}},{"type":"Feature","properties":{"nombre":"ARROYO Z. MOROTI"},"geometry":{"type":"LineString","coordinates":[[-57.63692,-25.308712],[-57.636973,-25.308874],[-57.63695,-25.309164],[-57.637025,-25.309353]]}},{"type":"Feature","properties":{"nombre":null},"geometry":{"type":"LineString","coordinates":[[-57.637456,-25.310854],[-57.637429,-25.310742]]}},{"type":"Feature","properties":{"nombre":"ARROYO Z. MOROTI"},"geometry":{"type":"LineString","coordinates":[[-57.63832,-25.312226],[-57.63833,-25.312235]]}},{"type":"Feature","properties":{"nombre":"ARROYO FERREIRA"},"geometry":{"type":"LineString","coordinates":[[-57.625667,-25.310362],[-57.625329,-25.310184]]}},{"type":"Feature","properties":{"nombre":"ARROYO FERREIRA"},"geometry":{"type":"LineString","coordinates":[[-57.626142,-25.310256],[-57.626032,-25.310306]]}},{"type":"Feature","properties":{"nombre":null},"geometry":{"type":"LineString","coordinates":[[-57.565839,-25.230737],[-57.565729,-25.230595],[-57.565849,-25.230512]]}},{"type":"Feature","properties":{"nombre":"ARROYO FERREIRA"},"geometry":{"type":"LineString","coordinates":[[-57.636571,-25.31607],[-57.636779,-25.31627],[-57.636885,-25.316313],[-57.636959,-25.316398],[-57.6371,-25.316474],[-57.637285,-25.316667]]}},{"type":"Feature","properties":{"nombre":"ARROYO Z. MOROTI"},"geometry":{"type":"LineString","coordinates":[[-57.637514,-25.311293],[-57.637643,-25.311504]]}},{"type":"Feature","properties":{"nombre":"ARROYO FERREIRA"},"geometry":{"type":"LineString","coordinates":[[-57.634172,-25.314007],[-57.63423,-25.314281],[-57.634347,-25.314399],[-57.634463,-25.314436],[-57.634511,-25.314579],[-57.634503,-25.314631],[-57.634552,-25.31483],[-57.634597,-25.31491]]}},{"type":"Feature","properties":{"nombre":"ARROYO Z. MOROTI"},"geometry":{"type":"LineString","coordinates":[[-57.638121,-25.311996],[-57.638227,-25.312113]]}},{"type":"Feature","properties":{"nombre":null},"geometry":{"type":"LineString","coordinates":[[-57.639062,-25.313188],[-57.6393,-25.313392],[-57.639556,-25.313537],[-57.639596,-25.313553],[-57.639736,-25.313546],[-57.639885,-25.313592],[-57.639923,-25.313632]]}},{"type":"Feature","properties":{"nombre":"ARROYO FERREIRA"},"geometry":{"type":"LineString","coordinates":[[-57.635887,-25.314804],[-57.636027,-25.314898],[-57.636079,-25.31499],[-57.636098,-25.315205],[-57.636181,-25.315282],[-57.636224,-25.315361],[-57.636237,-25.315507],[-57.636329,-25.31572],[-57.636424,-25.315892],[-57.636571,-25.31607]]}},{"type":"Feature","properties":{"nombre":null},"geometry":{"type":"LineString","coordinates":[[-57.639885,-25.320251],[-57.640706,-25.320573],[-57.639886,-25.320251]]}},{"type":"Feature","properties":{"nombre":null},"geometry":{"type":"LineString","coordinates":[[-57.640719,-25.320569],[-57.641112,-25.320729],[-57.641128,-25.320722],[-57.640721,-25.320569]]}},{"type":"Feature","properties":{"nombre":null},"geometry":{"type":"LineString","coordinates":[[-57.641365,-25.32419],[-57.641667,-25.324316]]}},{"type":"Feature","properties":{"nombre":null},"geometry":{"type":"LineString","coordinates":[[-57.641414,-25.323389],[-57.641421,-25.323371],[-57.641136,-25.323269]]}},{"type":"Feature","properties":{"nombre":null},"geometry":{"type":"LineString","coordinates":[[-57.641462,-25.323384],[-57.64161,-25.323406],[-57.641667,-25.323332]]}},{"type":"Feature","properties":{"nombre":null},"geometry":{"type":"LineString","coordinates":[[-57.564362,-25.230865],[-57.564492,-25.230782],[-57.564558,-25.230784]]}},{"type":"Feature","properties":{"nombre":null},"geometry":{"type":"LineString","coordinates":[[-57.640411,-25.326135],[-57.640018,-25.326981],[-57.639825,-25.327493]]}},{"type":"Feature","properties":{"nombre":null},"geometry":{"type":"LineString","coordinates":[[-57.636965,-25.3245],[-57.637036,-25.324335]]}},{"type":"Feature","properties":{"nombre":null},"geometry":{"type":"LineString","coordinates":[[-57.640411,-25.326135],[-57.640539,-25.325873],[-57.640641,-25.325559],[-57.640791,-25.32522],[-57.640865,-25.324948]]}},{"type":"Feature","properties":{"nombre":null},"geometry":{"type":"LineString","coordinates":[[-57.636791,-25.328307],[-57.636767,-25.328214],[-57.636735,-25.328178],[-57.636421,-25.328014],[-57.636341,-25.327893],[-57.636205,-25.327831],[-57.63619,-25.327778]]}},{"type":"Feature","properties":{"nombre":null},"geometry":{"type":"LineString","coordinates":[[-57.636942,-25.330253],[-57.637277,-25.330094],[-57.637148,-25.329803],[-57.637134,-25.329625]]}},{"type":"Feature","properties":{"nombre":null},"geometry":{"type":"LineString","coordinates":[[-57.633333,-25.32844],[-57.633618,-25.328433]]}},{"type":"Feature","properties":{"nombre":null},"geometry":{"type":"LineString","coordinates":[[-57.639778,-25.327819],[-57.639897,-25.32787],[-57.639963,-25.327926],[-57.640043,-25.327944],[-57.640147,-25.328041],[-57.640161,-25.328279],[-57.640278,-25.328316],[-57.640369,-25.328376],[-57.640639,-25.328765],[-57.640814,-25.328963]]}},{"type":"Feature","properties":{"nombre":null},"geometry":{"type":"LineString","coordinates":[[-57.637044,-25.328976],[-57.637142,-25.328989],[-57.637276,-25.329049],[-57.637493,-25.329204],[-57.637653,-25.329374],[-57.637133,-25.329579],[-57.637051,-25.329673],[-57.636998,-25.3297],[-57.636807,-25.329738],[-57.63667,-25.329723],[-57.636464,-25.329803],[-57.636381,-25.329787],[-57.636385,-25.329812],[-57.63646,-25.329828],[-57.636557,-25.329787],[-57.637034,-25.329721],[-57.637155,-25.329604],[-57.63729,-25.329552],[-57.637385,-25.32949],[-57.637613,-25.329449],[-57.637705,-25.329403],[-57.637846,-25.329401],[-57.638004,-25.329439],[-57.638338,-25.32946],[-57.638481,-25.329525],[-57.638576,-25.32948],[-57.638662,-25.329487],[-57.639066,-25.329586],[-57.639205,-25.329676]]}},{"type":"Feature","properties":{"nombre":null},"geometry":{"type":"LineString","coordinates":[[-57.635693,-25.330669],[-57.635552,-25.330756],[-57.635289,-25.330812]]}},{"type":"Feature","properties":{"nombre":"ARROYO SOSA"},"geometry":{"type":"LineString","coordinates":[[-57.634237,-25.338007],[-57.634286,-25.338016],[-57.634312,-25.338066],[-57.634344,-25.338052],[-57.634373,-25.338066],[-57.634512,-25.338168],[-57.635172,-25.338129],[-57.635699,-25.338157],[-57.635958,-25.338136],[-57.636243,-25.338245],[-57.636657,-25.338262],[-57.636824,-25.338176],[-57.636904,-25.33806],[-57.637045,-25.337925],[-57.6371,-25.337795],[-57.637297,-25.337638],[-57.63739,-25.337528],[-57.637461,-25.337493],[-57.637508,-25.33739],[-57.637596,-25.337326],[-57.637604,-25.337348],[-57.637518,-25.337448],[-57.637745,-25.337358],[-57.637947,-25.337383],[-57.638424,-25.337752],[-57.639014,-25.33807],[-57.639204,-25.338133],[-57.639375,-25.338144],[-57.639519,-25.338192],[-57.639848,-25.338179],[-57.640098,-25.338131],[-57.640155,-25.338048],[-57.640222,-25.338004],[-57.640822,-25.337766],[-57.641223,-25.337497],[-57.641312,-25.337388],[-57.641454,-25.337327],[-57.641667,-25.337277]]}},{"type":"Feature","properties":{"nombre":"ARROYO FERREIRA"},"geometry":{"type":"LineString","coordinates":[[-57.626493,-25.310129],[-57.626816,-25.310406],[-57.62696,-25.310497],[-57.627095,-25.310504],[-57.627346,-25.310462],[-57.627496,-25.310543],[-57.627743,-25.310571],[-57.627796,-25.310631],[-57.627808,-25.310716]]}},{"type":"Feature","properties":{"nombre":"ARROYO FERREIRA"},"geometry":{"type":"LineString","coordinates":[[-57.627901,-25.310832],[-57.627808,-25.310716]]}},{"type":"Feature","properties":{"nombre":null},"geometry":{"type":"LineString","coordinates":[[-57.630255,-25.321344],[-57.630046,-25.32128],[-57.629733,-25.321073],[-57.630036,-25.321287],[-57.630252,-25.321353]]}},{"type":"Feature","properties":{"nombre":null},"geometry":{"type":"LineString","coordinates":[[-57.633067,-25.327894],[-57.633136,-25.327909],[-57.633235,-25.327858],[-57.633333,-25.327944]]}},{"type":"Feature","properties":{"nombre":null},"geometry":{"type":"LineString","coordinates":[[-57.624042,-25.314438],[-57.623544,-25.314772]]}},{"type":"Feature","properties":{"nombre":null},"geometry":{"type":"LineString","coordinates":[[-57.608206,-25.317114],[-57.608333,-25.317183]]}},{"type":"Feature","properties":{"nombre":null},"geometry":{"type":"LineString","coordinates":[[-57.644206,-25.355556],[-57.64419,-25.355452],[-57.644119,-25.355342],[-57.64391,-25.355291],[-57.643801,-25.355318]]}},{"type":"Feature","properties":{"nombre":null},"geometry":{"type":"LineString","coordinates":[[-57.643801,-25.355318],[-57.643773,-25.354932],[-57.643863,-25.354784],[-57.643868,-25.354634],[-57.643893,-25.354556],[-57.643952,-25.354451],[-57.644156,-25.354443],[-57.644216,-25.354364]]}},{"type":"Feature","properties":{"nombre":null},"geometry":{"type":"LineString","coordinates":[[-57.64358,-25.353264],[-57.643763,-25.353011],[-57.644038,-25.352993],[-57.644266,-25.353019],[-57.644407,-25.352989]]}},{"type":"Feature","properties":{"nombre":null},"geometry":{"type":"LineString","coordinates":[[-57.642753,-25.355976],[-57.642896,-25.355968],[-57.643047,-25.355887],[-57.643175,-25.355929],[-57.643253,-25.355907],[-57.643337,-25.355966],[-57.643448,-25.35617],[-57.643508,-25.356213],[-57.643584,-25.35621]]}},{"type":"Feature","properties":{"nombre":null},"geometry":{"type":"LineString","coordinates":[[-57.645692,-25.36157],[-57.645649,-25.361584],[-57.64562,-25.361546],[-57.645633,-25.361502],[-57.645599,-25.361416],[-57.645277,-25.361111]]}},{"type":"Feature","properties":{"nombre":null},"geometry":{"type":"LineString","coordinates":[[-57.640031,-25.352173],[-57.639871,-25.352186],[-57.639355,-25.352429],[-57.638896,-25.352554],[-57.638757,-25.35267],[-57.638617,-25.352692],[-57.638515,-25.352739],[-57.638386,-25.352738],[-57.638366,-25.352627],[-57.638177,-25.352654],[-57.638084,-25.352704],[-57.63794,-25.352885],[-57.637849,-25.352933],[-57.637738,-25.352925],[-57.637547,-25.352973],[-57.637256,-25.352946]]}},{"type":"Feature","properties":{"nombre":null},"geometry":{"type":"LineString","coordinates":[[-57.639204,-25.353787],[-57.639282,-25.353702],[-57.639299,-25.353503],[-57.6393,-25.352445]]}},{"type":"Feature","properties":{"nombre":null},"geometry":{"type":"LineString","coordinates":[[-57.641474,-25.351736],[-57.641278,-25.351845],[-57.641027,-25.351882],[-57.640069,-25.352128],[-57.639906,-25.352113]]}},{"type":"Feature","properties":{"nombre":null},"geometry":{"type":"LineString","coordinates":[[-57.64025,-25.358893],[-57.64009,-25.358773],[-57.640046,-25.35877],[-57.639821,-25.359022]]}},{"type":"Feature","properties":{"nombre":null},"geometry":{"type":"LineString","coordinates":[[-57.560365,-25.229684],[-57.560159,-25.229804]]}},{"type":"Feature","properties":{"nombre":null},"geometry":{"type":"LineString","coordinates":[[-57.565945,-25.230614],[-57.566056,-25.230793]]}},{"type":"Feature","properties":{"nombre":null},"geometry":{"type":"LineString","coordinates":[[-57.639181,-25.356271],[-57.639304,-25.356288],[-57.639697,-25.356239],[-57.639725,-25.35627],[-57.639752,-25.356444],[-57.639796,-25.356548],[-57.63982,-25.356581],[-57.639848,-25.356582],[-57.640126,-25.35653],[-57.640535,-25.356414],[-57.640784,-25.356398],[-57.641369,-25.35617]]}},{"type":"Feature","properties":{"nombre":null},"geometry":{"type":"LineString","coordinates":[[-57.638385,-25.361222],[-57.63821,-25.36123],[-57.638009,-25.361149]]}},{"type":"Feature","properties":{"nombre":null},"geometry":{"type":"LineString","coordinates":[[-57.590495,-25.242326],[-57.590488,-25.242308],[-57.590487,-25.242287],[-57.590535,-25.242236],[-57.590581,-25.242229],[-57.590665,-25.242292],[-57.590653,-25.242336],[-57.590495,-25.242326]]}},{"type":"Feature","properties":{"nombre":null},"geometry":{"type":"LineString","coordinates":[[-57.583333,-25.242504],[-57.58334,-25.242502]]}},{"type":"Feature","properties":{"nombre":null},"geometry":{"type":"LineString","coordinates":[[-57.583333,-25.242491],[-57.583377,-25.242513],[-57.583486,-25.242385]]}},{"type":"Feature","properties":{"nombre":null},"geometry":{"type":"LineString","coordinates":[[-57.591369,-25.245804],[-57.591338,-25.245778],[-57.591354,-25.245752],[-57.59137,-25.245753],[-57.591369,-25.245804]]}},{"type":"Feature","properties":{"nombre":null},"geometry":{"type":"LineString","coordinates":[[-57.57706,-25.238718],[-57.576843,-25.238575],[-57.576616,-25.238564],[-57.576521,-25.238649],[-57.576321,-25.238756],[-57.575944,-25.238773]]}},{"type":"Feature","properties":{"nombre":null},"geometry":{"type":"LineString","coordinates":[[-57.576244,-25.238567],[-57.576285,-25.238614],[-57.576459,-25.238663]]}},{"type":"Feature","properties":{"nombre":null},"geometry":{"type":"LineString","coordinates":[[-57.575,-25.234069],[-57.57531,-25.233787],[-57.575398,-25.23387]]}},{"type":"Feature","properties":{"nombre":null},"geometry":{"type":"LineString","coordinates":[[-57.575244,-25.235227],[-57.575535,-25.235016],[-57.57554,-25.234994],[-57.575495,-25.234945],[-57.575388,-25.234887],[-57.575,-25.235014]]}},{"type":"Feature","properties":{"nombre":null},"geometry":{"type":"LineString","coordinates":[[-57.578493,-25.238181],[-57.578766,-25.238033],[-57.578852,-25.238074],[-57.578874,-25.238123],[-57.578916,-25.238141],[-57.57911,-25.238059],[-57.579184,-25.238055],[-57.579296,-25.237888],[-57.57933,-25.237789],[-57.579536,-25.23773],[-57.579661,-25.237605]]}},{"type":"Feature","properties":{"nombre":null},"geometry":{"type":"LineString","coordinates":[[-57.578901,-25.236421],[-57.579066,-25.236417],[-57.579707,-25.236691]]}},{"type":"Feature","properties":{"nombre":null},"geometry":{"type":"LineString","coordinates":[[-57.577547,-25.233343],[-57.577554,-25.233333]]}},{"type":"Feature","properties":{"nombre":null},"geometry":{"type":"LineString","coordinates":[[-57.576974,-25.234421],[-57.577062,-25.234357],[-57.577116,-25.234273],[-57.577159,-25.233983],[-57.577652,-25.233333]]}},{"type":"Feature","properties":{"nombre":null},"geometry":{"type":"LineString","coordinates":[[-57.583333,-25.239589],[-57.583204,-25.23983]]}},{"type":"Feature","properties":{"nombre":null},"geometry":{"type":"LineString","coordinates":[[-57.582037,-25.239734],[-57.58218,-25.239917],[-57.58243,-25.23998]]}},{"type":"Feature","properties":{"nombre":null},"geometry":{"type":"LineString","coordinates":[[-57.582548,-25.243619],[-57.583333,-25.24317]]}},{"type":"Feature","properties":{"nombre":null},"geometry":{"type":"LineString","coordinates":[[-57.583264,-25.242457],[-57.583333,-25.242491]]}},{"type":"Feature","properties":{"nombre":null},"geometry":{"type":"LineString","coordinates":[[-57.583333,-25.249679],[-57.583135,-25.249902],[-57.583094,-25.25]]}},{"type":"Feature","properties":{"nombre":null},"geometry":{"type":"LineString","coordinates":[[-57.582571,-25.246495],[-57.582753,-25.246448],[-57.582879,-25.24648],[-57.583054,-25.246403]]}},{"type":"Feature","properties":{"nombre":null},"geometry":{"type":"LineString","coordinates":[[-57.581323,-25.25],[-57.581525,-25.249915],[-57.581437,-25.249789]]}},{"type":"Feature","properties":{"nombre":null},"geometry":{"type":"LineString","coordinates":[[-57.581542,-25.249376],[-57.581673,-25.249505],[-57.581952,-25.24991]]}},{"type":"Feature","properties":{"nombre":null},"geometry":{"type":"LineString","coordinates":[[-57.580544,-25.249765],[-57.580407,-25.249633],[-57.580548,-25.249514],[-57.580584,-25.249536]]}},{"type":"Feature","properties":{"nombre":null},"geometry":{"type":"LineString","coordinates":[[-57.580858,-25.25],[-57.580897,-25.249977]]}},{"type":"Feature","properties":{"nombre":null},"geometry":{"type":"LineString","coordinates":[[-57.580784,-25.249964],[-57.580866,-25.249928],[-57.580893,-25.249978],[-57.580942,-25.249983]]}},{"type":"Feature","properties":{"nombre":null},"geometry":{"type":"LineString","coordinates":[[-57.570511,-25.227778],[-57.570897,-25.227727],[-57.571083,-25.227633],[-57.571317,-25.227631],[-57.571629,-25.227567],[-57.571877,-25.227556],[-57.571953,-25.227573],[-57.571995,-25.227609],[-57.572064,-25.227778]]}},{"type":"Feature","properties":{"nombre":null},"geometry":{"type":"LineString","coordinates":[[-57.572257,-25.230649],[-57.572491,-25.230512]]}},{"type":"Feature","properties":{"nombre":null},"geometry":{"type":"LineString","coordinates":[[-57.572978,-25.230153],[-57.572954,-25.230099]]}},{"type":"Feature","properties":{"nombre":null},"geometry":{"type":"LineString","coordinates":[[-57.573142,-25.230581],[-57.573196,-25.23069],[-57.573173,-25.23075]]}},{"type":"Feature","properties":{"nombre":null},"geometry":{"type":"LineString","coordinates":[[-57.569088,-25.233061],[-57.569109,-25.233061]]}},{"type":"Feature","properties":{"nombre":null},"geometry":{"type":"LineString","coordinates":[[-57.567349,-25.23288],[-57.567284,-25.232751]]}},{"type":"Feature","properties":{"nombre":null},"geometry":{"type":"LineString","coordinates":[[-57.574035,-25.235804],[-57.573991,-25.235762],[-57.573968,-25.235768],[-57.573135,-25.236408]]}},{"type":"Feature","properties":{"nombre":null},"geometry":{"type":"LineString","coordinates":[[-57.575,-25.235014],[-57.574972,-25.235023]]}},{"type":"Feature","properties":{"nombre":null},"geometry":{"type":"LineString","coordinates":[[-57.574823,-25.234229],[-57.575,-25.234069]]}},{"type":"Feature","properties":{"nombre":null},"geometry":{"type":"LineString","coordinates":[[-57.568739,-25.234361],[-57.568505,-25.234398],[-57.568446,-25.234435],[-57.568385,-25.234515],[-57.568374,-25.234553],[-57.568432,-25.234788]]}},{"type":"Feature","properties":{"nombre":null},"geometry":{"type":"LineString","coordinates":[[-57.574101,-25.23588],[-57.574166,-25.235951]]}},{"type":"Feature","properties":{"nombre":null},"geometry":{"type":"LineString","coordinates":[[-57.566667,-25.234872],[-57.566743,-25.234832]]}},{"type":"Feature","properties":{"nombre":null},"geometry":{"type":"LineString","coordinates":[[-57.572583,-25.235784],[-57.572598,-25.23581]]}},{"type":"Feature","properties":{"nombre":null},"geometry":{"type":"LineString","coordinates":[[-57.572475,-25.233761],[-57.572588,-25.233728],[-57.572715,-25.233725],[-57.572846,-25.233775],[-57.573099,-25.233595]]}},{"type":"Feature","properties":{"nombre":null},"geometry":{"type":"LineString","coordinates":[[-57.573565,-25.248614],[-57.572847,-25.249]]}},{"type":"Feature","properties":{"nombre":null},"geometry":{"type":"LineString","coordinates":[[-57.565098,-25.227778],[-57.565165,-25.227536],[-57.565117,-25.227457],[-57.565058,-25.227444]]}},{"type":"Feature","properties":{"nombre":null},"geometry":{"type":"LineString","coordinates":[[-57.566079,-25.227095],[-57.566103,-25.227096]]}},{"type":"Feature","properties":{"nombre":null},"geometry":{"type":"LineString","coordinates":[[-57.560926,-25.22834],[-57.560822,-25.228368],[-57.560567,-25.228341],[-57.560478,-25.228363],[-57.560373,-25.228426],[-57.560338,-25.22839],[-57.56011,-25.228348],[-57.559971,-25.228383],[-57.55982,-25.228381],[-57.559726,-25.228417],[-57.55966,-25.228415]]}},{"type":"Feature","properties":{"nombre":null},"geometry":{"type":"LineString","coordinates":[[-57.559091,-25.230825],[-57.558907,-25.230758],[-57.558658,-25.230598],[-57.558595,-25.23063],[-57.558414,-25.230591]]}},{"type":"Feature","properties":{"nombre":null},"geometry":{"type":"LineString","coordinates":[[-57.566665,-25.233333],[-57.566667,-25.233388]]}},{"type":"Feature","properties":{"nombre":null},"geometry":{"type":"LineString","coordinates":[[-57.564141,-25.245331],[-57.564014,-25.245645],[-57.564,-25.245871],[-57.563917,-25.246044],[-57.563802,-25.246152],[-57.563783,-25.246208],[-57.563769,-25.246374],[-57.563893,-25.246477],[-57.56388,-25.246554]]}},{"type":"Feature","properties":{"nombre":null},"geometry":{"type":"LineString","coordinates":[[-57.558333,-25.24668],[-57.558588,-25.246576],[-57.558634,-25.246582],[-57.558686,-25.246629]]}},{"type":"Feature","properties":{"nombre":null},"geometry":{"type":"LineString","coordinates":[[-57.560678,-25.24674],[-57.560629,-25.24663],[-57.560578,-25.246577],[-57.560385,-25.246544]]}},{"type":"Feature","properties":{"nombre":null},"geometry":{"type":"LineString","coordinates":[[-57.558686,-25.246629],[-57.558766,-25.246704],[-57.558866,-25.24671],[-57.559526,-25.246627],[-57.559771,-25.246557],[-57.55986,-25.246558],[-57.560014,-25.246602],[-57.560207,-25.246499],[-57.560371,-25.246509]]}},{"type":"Feature","properties":{"nombre":null},"geometry":{"type":"LineString","coordinates":[[-57.591667,-25.266908],[-57.591758,-25.267015]]}},{"type":"Feature","properties":{"nombre":null},"geometry":{"type":"LineString","coordinates":[[-57.591908,-25.267776],[-57.591992,-25.267753],[-57.59205,-25.267694],[-57.591995,-25.267761],[-57.59191,-25.267786]]}},{"type":"Feature","properties":{"nombre":null},"geometry":{"type":"LineString","coordinates":[[-57.592415,-25.277778],[-57.592407,-25.277699]]}},{"type":"Feature","properties":{"nombre":null},"geometry":{"type":"LineString","coordinates":[[-57.592527,-25.277798],[-57.592525,-25.277778]]}},{"type":"Feature","properties":{"nombre":null},"geometry":{"type":"LineString","coordinates":[[-57.592417,-25.277793],[-57.592415,-25.277778]]}},{"type":"Feature","properties":{"nombre":"ARROYO MBURICAO"},"geometry":{"type":"LineString","coordinates":[[-57.594915,-25.297047],[-57.594989,-25.297289],[-57.595131,-25.297607],[-57.595308,-25.297838]]}},{"type":"Feature","properties":{"nombre":"ARROYO MBURICAO"},"geometry":{"type":"LineString","coordinates":[[-57.5953,-25.298984],[-57.59537,-25.299099],[-57.595398,-25.299256],[-57.59543,-25.299304],[-57.595502,-25.29973],[-57.595555,-25.299832],[-57.595577,-25.299943]]}},{"type":"Feature","properties":{"nombre":null},"geometry":{"type":"LineString","coordinates":[[-57.595708,-25.298009],[-57.595738,-25.298002]]}},{"type":"Feature","properties":{"nombre":null},"geometry":{"type":"LineString","coordinates":[[-57.596095,-25.298164],[-57.596308,-25.298101]]}},{"type":"Feature","properties":{"nombre":"ARROYO YBYRAY"},"geometry":{"type":"LineString","coordinates":[[-57.588842,-25.252835],[-57.588749,-25.252769],[-57.588745,-25.25281],[-57.588716,-25.252796],[-57.588632,-25.25261],[-57.588667,-25.252505],[-57.588732,-25.25248],[-57.588827,-25.25235],[-57.588865,-25.252249],[-57.588836,-25.252155],[-57.588645,-25.251926],[-57.588601,-25.2517],[-57.588598,-25.251528]]}},{"type":"Feature","properties":{"nombre":"ARROYO YBYRAY"},"geometry":{"type":"LineString","coordinates":[[-57.588984,-25.258675],[-57.588918,-25.258671],[-57.588855,-25.258632],[-57.588965,-25.258657]]}},{"type":"Feature","properties":{"nombre":"ARROYO YBYRAY"},"geometry":{"type":"LineString","coordinates":[[-57.586654,-25.259724],[-57.58673,-25.259659],[-57.586784,-25.25966],[-57.586977,-25.259777],[-57.587173,-25.259533],[-57.587326,-25.259471],[-57.587443,-25.259475]]}},{"type":"Feature","properties":{"nombre":null},"geometry":{"type":"LineString","coordinates":[[-57.586387,-25.256806],[-57.586277,-25.256863],[-57.586096,-25.257055]]}},{"type":"Feature","properties":{"nombre":null},"geometry":{"type":"LineString","coordinates":[[-57.586029,-25.257121],[-57.586021,-25.257131]]}},{"type":"Feature","properties":{"nombre":null},"geometry":{"type":"LineString","coordinates":[[-57.588139,-25.26252],[-57.588215,-25.262536],[-57.588232,-25.262518],[-57.588397,-25.262172],[-57.588391,-25.262103],[-57.588338,-25.26202],[-57.588341,-25.261949],[-57.588369,-25.261906],[-57.588483,-25.261856],[-57.588493,-25.261831],[-57.588487,-25.261785],[-57.588568,-25.26155],[-57.588494,-25.261394],[-57.588521,-25.261356],[-57.588588,-25.261321],[-57.588613,-25.261214]]}},{"type":"Feature","properties":{"nombre":"ARROYO YBYRAY"},"geometry":{"type":"LineString","coordinates":[[-57.584423,-25.261716],[-57.584503,-25.261662]]}},{"type":"Feature","properties":{"nombre":null},"geometry":{"type":"LineString","coordinates":[[-57.588568,-25.26631],[-57.588705,-25.266111]]}},{"type":"Feature","properties":{"nombre":null},"geometry":{"type":"LineString","coordinates":[[-57.583451,-25.268675],[-57.583963,-25.268413]]}},{"type":"Feature","properties":{"nombre":null},"geometry":{"type":"LineString","coordinates":[[-57.587021,-25.267995],[-57.586945,-25.267934]]}},{"type":"Feature","properties":{"nombre":"ARROYO MBURICAO"},"geometry":{"type":"LineString","coordinates":[[-57.59043,-25.267429],[-57.590461,-25.267455]]}},{"type":"Feature","properties":{"nombre":"ARROYO MBURICAO"},"geometry":{"type":"LineString","coordinates":[[-57.590461,-25.267455],[-57.590469,-25.267581]]}},{"type":"Feature","properties":{"nombre":"ARROYO MBURICAO"},"geometry":{"type":"LineString","coordinates":[[-57.590434,-25.267422],[-57.590396,-25.267403]]}},{"type":"Feature","properties":{"nombre":"ARROYO MBURICAO"},"geometry":{"type":"LineString","coordinates":[[-57.590471,-25.267449],[-57.590476,-25.267533]]}},{"type":"Feature","properties":{"nombre":"ARROYO SANTO DOMINGO"},"geometry":{"type":"LineString","coordinates":[[-57.583333,-25.276731],[-57.583667,-25.27649],[-57.584068,-25.276313],[-57.584239,-25.276205],[-57.584353,-25.276174]]}},{"type":"Feature","properties":{"nombre":"ARROYO MBURICAO"},"geometry":{"type":"LineString","coordinates":[[-57.588924,-25.274549],[-57.589025,-25.274616],[-57.589114,-25.274751],[-57.589194,-25.274893],[-57.589246,-25.275101],[-57.589212,-25.275307],[-57.589128,-25.275396],[-57.589039,-25.27541]]}},{"type":"Feature","properties":{"nombre":"ARROYO MBURICAO"},"geometry":{"type":"LineString","coordinates":[[-57.589044,-25.27474],[-57.588998,-25.274643],[-57.588908,-25.27457],[-57.588676,-25.274505],[-57.588554,-25.274379],[-57.588494,-25.274254],[-57.588463,-25.274002],[-57.588544,-25.27375],[-57.588671,-25.273463],[-57.588709,-25.273246],[-57.588695,-25.272977],[-57.588739,-25.272802],[-57.58879,-25.272702],[-57.588869,-25.272593],[-57.589014,-25.272459],[-57.589381,-25.272294],[-57.58947,-25.272222]]}},{"type":"Feature","properties":{"nombre":"ARROYO SANTO DOMINGO"},"geometry":{"type":"LineString","coordinates":[[-57.584327,-25.276196],[-57.584465,-25.276137],[-57.585313,-25.275652]]}},{"type":"Feature","properties":{"nombre":"ARROYO SANTO DOMINGO"},"geometry":{"type":"LineString","coordinates":[[-57.58589,-25.275523],[-57.586013,-25.275377],[-57.586061,-25.275365],[-57.586356,-25.275459],[-57.586615,-25.275457]]}},{"type":"Feature","properties":{"nombre":null},"geometry":{"type":"LineString","coordinates":[[-57.591653,-25.276401],[-57.591557,-25.27641]]}},{"type":"Feature","properties":{"nombre":null},"geometry":{"type":"LineString","coordinates":[[-57.589353,-25.277778],[-57.58947,-25.27793]]}},{"type":"Feature","properties":{"nombre":null},"geometry":{"type":"LineString","coordinates":[[-57.590692,-25.282396],[-57.590454,-25.282447]]}},{"type":"Feature","properties":{"nombre":null},"geometry":{"type":"LineString","coordinates":[[-57.590726,-25.282546],[-57.590489,-25.282603]]}},{"type":"Feature","properties":{"nombre":null},"geometry":{"type":"LineString","coordinates":[[-57.590582,-25.281954],[-57.590381,-25.282002]]}},{"type":"Feature","properties":{"nombre":null},"geometry":{"type":"LineString","coordinates":[[-57.590898,-25.283028],[-57.590835,-25.282799],[-57.590552,-25.282859]]}},{"type":"Feature","properties":{"nombre":null},"geometry":{"type":"LineString","coordinates":[[-57.591431,-25.282848],[-57.591414,-25.282742],[-57.591324,-25.282714],[-57.591145,-25.28275]]}},{"type":"Feature","properties":{"nombre":null},"geometry":{"type":"LineString","coordinates":[[-57.591189,-25.282739],[-57.591169,-25.282562],[-57.591387,-25.282535]]}},{"type":"Feature","properties":{"nombre":null},"geometry":{"type":"LineString","coordinates":[[-57.591226,-25.282886],[-57.591209,-25.282817]]}},{"type":"Feature","properties":{"nombre":"ARROYO MBURICAO"},"geometry":{"type":"LineString","coordinates":[[-57.591667,-25.28935],[-57.591539,-25.289384]]}},{"type":"Feature","properties":{"nombre":null},"geometry":{"type":"LineString","coordinates":[[-57.581275,-25.252514],[-57.581391,-25.252687],[-57.581495,-25.252794]]}},{"type":"Feature","properties":{"nombre":null},"geometry":{"type":"LineString","coordinates":[[-57.580308,-25.250628],[-57.580217,-25.250662]]}},{"type":"Feature","properties":{"nombre":null},"geometry":{"type":"LineString","coordinates":[[-57.578871,-25.254241],[-57.579075,-25.254501]]}},{"type":"Feature","properties":{"nombre":null},"geometry":{"type":"LineString","coordinates":[[-57.578215,-25.258703],[-57.5781,-25.258446],[-57.577994,-25.258348],[-57.578038,-25.258244],[-57.578132,-25.258109],[-57.578174,-25.2581],[-57.578192,-25.258053],[-57.578086,-25.257993]]}},{"type":"Feature","properties":{"nombre":null},"geometry":{"type":"LineString","coordinates":[[-57.578203,-25.258707],[-57.578172,-25.258665],[-57.578177,-25.258612],[-57.578077,-25.258434],[-57.577978,-25.258345],[-57.578124,-25.258105],[-57.578165,-25.258092],[-57.578163,-25.258041],[-57.578085,-25.258005]]}},{"type":"Feature","properties":{"nombre":null},"geometry":{"type":"LineString","coordinates":[[-57.575926,-25.25807],[-57.575989,-25.257928],[-57.576197,-25.257821],[-57.576271,-25.257732],[-57.576554,-25.257236],[-57.576714,-25.257029]]}},{"type":"Feature","properties":{"nombre":null},"geometry":{"type":"LineString","coordinates":[[-57.575425,-25.258184],[-57.575375,-25.258286],[-57.575324,-25.25831]]}},{"type":"Feature","properties":{"nombre":null},"geometry":{"type":"LineString","coordinates":[[-57.577816,-25.257882],[-57.577939,-25.257849]]}},{"type":"Feature","properties":{"nombre":null},"geometry":{"type":"LineString","coordinates":[[-57.578689,-25.26064],[-57.578665,-25.260675]]}},{"type":"Feature","properties":{"nombre":null},"geometry":{"type":"LineString","coordinates":[[-57.576801,-25.256927],[-57.577321,-25.257066]]}},{"type":"Feature","properties":{"nombre":null},"geometry":{"type":"LineString","coordinates":[[-57.576714,-25.257029],[-57.57673,-25.257004]]}},{"type":"Feature","properties":{"nombre":null},"geometry":{"type":"LineString","coordinates":[[-57.575748,-25.257287],[-57.575402,-25.2571]]}},{"type":"Feature","properties":{"nombre":"ARROYO YBYRAY"},"geometry":{"type":"LineString","coordinates":[[-57.578332,-25.264068],[-57.578571,-25.263891],[-57.578782,-25.263782],[-57.578947,-25.263637],[-57.579111,-25.263581],[-57.579209,-25.263481],[-57.579257,-25.263316],[-57.579303,-25.263246],[-57.579529,-25.263136]]}},{"type":"Feature","properties":{"nombre":"ARROYO YBYRAY"},"geometry":{"type":"LineString","coordinates":[[-57.58257,-25.262061],[-57.582048,-25.262389],[-57.581657,-25.262605]]}},{"type":"Feature","properties":{"nombre":"ARROYO YBYRAY"},"geometry":{"type":"LineString","coordinates":[[-57.577708,-25.264367],[-57.577479,-25.264614],[-57.577344,-25.264717],[-57.577139,-25.265018],[-57.576973,-25.26507],[-57.576905,-25.26512],[-57.576888,-25.265142],[-57.576902,-25.265195],[-57.576962,-25.265252],[-57.57697,-25.265306],[-57.576942,-25.265398],[-57.576865,-25.265488]]}},{"type":"Feature","properties":{"nombre":null},"geometry":{"type":"LineString","coordinates":[[-57.561075,-25.281801],[-57.56102,-25.281755],[-57.561037,-25.281744],[-57.561088,-25.281788],[-57.561075,-25.281801]]}},{"type":"Feature","properties":{"nombre":null},"geometry":{"type":"LineString","coordinates":[[-57.560999,-25.281389],[-57.560804,-25.281216]]}},{"type":"Feature","properties":{"nombre":null},"geometry":{"type":"LineString","coordinates":[[-57.563455,-25.283333],[-57.563793,-25.283426],[-57.563841,-25.283456],[-57.563845,-25.283573]]}},{"type":"Feature","properties":{"nombre":"ARROYO YBYRAY"},"geometry":{"type":"LineString","coordinates":[[-57.58259,-25.262091],[-57.582956,-25.261967],[-57.583075,-25.261961],[-57.583246,-25.261899],[-57.583333,-25.261894]]}},{"type":"Feature","properties":{"nombre":null},"geometry":{"type":"LineString","coordinates":[[-57.579479,-25.265141],[-57.579621,-25.265463],[-57.579573,-25.265563],[-57.57961,-25.265709]]}},{"type":"Feature","properties":{"nombre":null},"geometry":{"type":"LineString","coordinates":[[-57.581922,-25.271912],[-57.582084,-25.271995],[-57.582229,-25.271998],[-57.583333,-25.271737]]}},{"type":"Feature","properties":{"nombre":null},"geometry":{"type":"LineString","coordinates":[[-57.572224,-25.25116],[-57.572312,-25.251215],[-57.572435,-25.251252]]}},{"type":"Feature","properties":{"nombre":null},"geometry":{"type":"LineString","coordinates":[[-57.572235,-25.251158],[-57.571883,-25.250953],[-57.571486,-25.250623]]}},{"type":"Feature","properties":{"nombre":null},"geometry":{"type":"LineString","coordinates":[[-57.571485,-25.250631],[-57.571877,-25.250958],[-57.572224,-25.25116]]}},{"type":"Feature","properties":{"nombre":null},"geometry":{"type":"LineString","coordinates":[[-57.575,-25.259064],[-57.574911,-25.259286],[-57.574888,-25.259447],[-57.574826,-25.259582]]}},{"type":"Feature","properties":{"nombre":null},"geometry":{"type":"LineString","coordinates":[[-57.571424,-25.255556],[-57.57132,-25.255607],[-57.571027,-25.255685],[-57.570818,-25.255771],[-57.57072,-25.255874],[-57.570562,-25.255902]]}},{"type":"Feature","properties":{"nombre":null},"geometry":{"type":"LineString","coordinates":[[-57.569355,-25.255971],[-57.569894,-25.256013],[-57.570398,-25.255964],[-57.570502,-25.255926]]}},{"type":"Feature","properties":{"nombre":null},"geometry":{"type":"LineString","coordinates":[[-57.567204,-25.256941],[-57.567171,-25.256969]]}},{"type":"Feature","properties":{"nombre":null},"geometry":{"type":"LineString","coordinates":[[-57.574644,-25.25868],[-57.574957,-25.258837]]}},{"type":"Feature","properties":{"nombre":null},"geometry":{"type":"LineString","coordinates":[[-57.566962,-25.257113],[-57.566779,-25.257172],[-57.566667,-25.257234]]}},{"type":"Feature","properties":{"nombre":null},"geometry":{"type":"LineString","coordinates":[[-57.571719,-25.25879],[-57.57158,-25.258736]]}},{"type":"Feature","properties":{"nombre":null},"geometry":{"type":"LineString","coordinates":[[-57.571053,-25.257642],[-57.571005,-25.257853],[-57.570914,-25.258097]]}},{"type":"Feature","properties":{"nombre":null},"geometry":{"type":"LineString","coordinates":[[-57.572414,-25.257503],[-57.57275,-25.257695],[-57.572751,-25.257731],[-57.572817,-25.257778]]}},{"type":"Feature","properties":{"nombre":null},"geometry":{"type":"LineString","coordinates":[[-57.56925,-25.272222],[-57.569432,-25.272467],[-57.5695,-25.272518],[-57.56957,-25.272546],[-57.569747,-25.272532],[-57.569936,-25.272608]]}},{"type":"Feature","properties":{"nombre":null},"geometry":{"type":"LineString","coordinates":[[-57.570279,-25.287283],[-57.570056,-25.286535]]}},{"type":"Feature","properties":{"nombre":null},"geometry":{"type":"LineString","coordinates":[[-57.569962,-25.286248],[-57.569916,-25.286135],[-57.569939,-25.286095],[-57.569928,-25.286122],[-57.569962,-25.286248]]}},{"type":"Feature","properties":{"nombre":null},"geometry":{"type":"LineString","coordinates":[[-57.569941,-25.286072],[-57.569861,-25.285908],[-57.569866,-25.285906],[-57.569947,-25.286069],[-57.569941,-25.286072]]}},{"type":"Feature","properties":{"nombre":null},"geometry":{"type":"LineString","coordinates":[[-57.55975,-25.250353],[-57.559672,-25.250242],[-57.55959,-25.250193],[-57.559449,-25.250227],[-57.559342,-25.250325]]}},{"type":"Feature","properties":{"nombre":null},"geometry":{"type":"LineString","coordinates":[[-57.558548,-25.252333],[-57.558643,-25.251806]]}},{"type":"Feature","properties":{"nombre":null},"geometry":{"type":"LineString","coordinates":[[-57.5635,-25.253027],[-57.563588,-25.252924],[-57.563797,-25.252767],[-57.564016,-25.252654],[-57.564407,-25.252323],[-57.564969,-25.252226],[-57.565256,-25.252225],[-57.565462,-25.252183],[-57.566667,-25.252056]]}},{"type":"Feature","properties":{"nombre":null},"geometry":{"type":"LineString","coordinates":[[-57.55878,-25.252697],[-57.558428,-25.25249]]}},{"type":"Feature","properties":{"nombre":null},"geometry":{"type":"LineString","coordinates":[[-57.563353,-25.251055],[-57.562918,-25.250902]]}},{"type":"Feature","properties":{"nombre":null},"geometry":{"type":"LineString","coordinates":[[-57.559585,-25.254294],[-57.559546,-25.254738],[-57.559466,-25.255037],[-57.559492,-25.255285]]}},{"type":"Feature","properties":{"nombre":null},"geometry":{"type":"LineString","coordinates":[[-57.563865,-25.255345],[-57.563786,-25.25531]]}},{"type":"Feature","properties":{"nombre":null},"geometry":{"type":"LineString","coordinates":[[-57.563614,-25.255208],[-57.563602,-25.255201]]}},{"type":"Feature","properties":{"nombre":null},"geometry":{"type":"LineString","coordinates":[[-57.559837,-25.250349],[-57.559932,-25.250363],[-57.560091,-25.250563],[-57.560138,-25.250589],[-57.560248,-25.250561],[-57.560329,-25.250508]]}},{"type":"Feature","properties":{"nombre":null},"geometry":{"type":"LineString","coordinates":[[-57.558818,-25.256537],[-57.558828,-25.256461]]}},{"type":"Feature","properties":{"nombre":null},"geometry":{"type":"LineString","coordinates":[[-57.566136,-25.256505],[-57.566116,-25.256434],[-57.566056,-25.256379],[-57.564489,-25.255649]]}},{"type":"Feature","properties":{"nombre":null},"geometry":{"type":"LineString","coordinates":[[-57.564351,-25.25557],[-57.564319,-25.255556]]}},{"type":"Feature","properties":{"nombre":null},"geometry":{"type":"LineString","coordinates":[[-57.566446,-25.255556],[-57.565815,-25.255844],[-57.565524,-25.25578],[-57.564991,-25.255556]]}},{"type":"Feature","properties":{"nombre":null},"geometry":{"type":"LineString","coordinates":[[-57.563984,-25.273035],[-57.563768,-25.273161],[-57.563805,-25.273213]]}},{"type":"Feature","properties":{"nombre":null},"geometry":{"type":"LineString","coordinates":[[-57.561449,-25.281793],[-57.56107,-25.281452]]}},{"type":"Feature","properties":{"nombre":null},"geometry":{"type":"LineString","coordinates":[[-57.561257,-25.281931],[-57.5612,-25.281884],[-57.561185,-25.281899],[-57.561247,-25.281951],[-57.561257,-25.281931]]}},{"type":"Feature","properties":{"nombre":null},"geometry":{"type":"LineString","coordinates":[[-57.564985,-25.283645],[-57.564797,-25.283628],[-57.564724,-25.283624],[-57.564728,-25.283609],[-57.564985,-25.283645]]}},{"type":"Feature","properties":{"nombre":null},"geometry":{"type":"LineString","coordinates":[[-57.550987,-25.253946],[-57.55129,-25.255556]]}},{"type":"Feature","properties":{"nombre":null},"geometry":{"type":"LineString","coordinates":[[-57.551154,-25.253467],[-57.55138,-25.254616]]}},{"type":"Feature","properties":{"nombre":null},"geometry":{"type":"LineString","coordinates":[[-57.550703,-25.252209],[-57.550589,-25.251614]]}},{"type":"Feature","properties":{"nombre":null},"geometry":{"type":"LineString","coordinates":[[-57.550309,-25.251493],[-57.550565,-25.251452]]}},{"type":"Feature","properties":{"nombre":null},"geometry":{"type":"LineString","coordinates":[[-57.550484,-25.251024],[-57.550243,-25.251066]]}},{"type":"Feature","properties":{"nombre":null},"geometry":{"type":"LineString","coordinates":[[-57.551615,-25.255494],[-57.551596,-25.255415]]}},{"type":"Feature","properties":{"nombre":null},"geometry":{"type":"LineString","coordinates":[[-57.557834,-25.256619],[-57.557786,-25.256603]]}},{"type":"Feature","properties":{"nombre":null},"geometry":{"type":"LineString","coordinates":[[-57.557514,-25.26061],[-57.557482,-25.260655],[-57.557414,-25.260624],[-57.557366,-25.260645]]}},{"type":"Feature","properties":{"nombre":null},"geometry":{"type":"LineString","coordinates":[[-57.557332,-25.260644],[-57.5572,-25.260511],[-57.556251,-25.259914]]}},{"type":"Feature","properties":{"nombre":null},"geometry":{"type":"LineString","coordinates":[[-57.555805,-25.259372],[-57.556272,-25.259311],[-57.556464,-25.259313]]}},{"type":"Feature","properties":{"nombre":null},"geometry":{"type":"LineString","coordinates":[[-57.550326,-25.261111],[-57.550206,-25.26119]]}},{"type":"Feature","properties":{"nombre":null},"geometry":{"type":"LineString","coordinates":[[-57.55212,-25.277363],[-57.552064,-25.277346]]}},{"type":"Feature","properties":{"nombre":null},"geometry":{"type":"LineString","coordinates":[[-57.550004,-25.276755],[-57.55,-25.276754]]}},{"type":"Feature","properties":{"nombre":null},"geometry":{"type":"LineString","coordinates":[[-57.554036,-25.274462],[-57.554059,-25.274524],[-57.554044,-25.274566],[-57.553784,-25.274702]]}},{"type":"Feature","properties":{"nombre":null},"geometry":{"type":"LineString","coordinates":[[-57.552485,-25.277468],[-57.552404,-25.277442]]}},{"type":"Feature","properties":{"nombre":null},"geometry":{"type":"LineString","coordinates":[[-57.553407,-25.27776],[-57.553456,-25.277778]]}},{"type":"Feature","properties":{"nombre":null},"geometry":{"type":"LineString","coordinates":[[-57.555856,-25.277778],[-57.555564,-25.277257]]}},{"type":"Feature","properties":{"nombre":null},"geometry":{"type":"LineString","coordinates":[[-57.55059,-25.272332],[-57.55074,-25.272222]]}},{"type":"Feature","properties":{"nombre":null},"geometry":{"type":"LineString","coordinates":[[-57.554169,-25.275645],[-57.553979,-25.275714]]}},{"type":"Feature","properties":{"nombre":null},"geometry":{"type":"LineString","coordinates":[[-57.553244,-25.277728],[-57.553191,-25.27771],[-57.553177,-25.277741]]}},{"type":"Feature","properties":{"nombre":null},"geometry":{"type":"LineString","coordinates":[[-57.550881,-25.276783],[-57.550655,-25.276721]]}},{"type":"Feature","properties":{"nombre":null},"geometry":{"type":"LineString","coordinates":[[-57.553874,-25.276717],[-57.553772,-25.276726]]}},{"type":"Feature","properties":{"nombre":null},"geometry":{"type":"LineString","coordinates":[[-57.553105,-25.277861],[-57.553142,-25.277778]]}},{"type":"Feature","properties":{"nombre":null},"geometry":{"type":"LineString","coordinates":[[-57.556561,-25.281471],[-57.556186,-25.281355]]}},{"type":"Feature","properties":{"nombre":null},"geometry":{"type":"LineString","coordinates":[[-57.556396,-25.28062],[-57.55634,-25.280576]]}},{"type":"Feature","properties":{"nombre":null},"geometry":{"type":"LineString","coordinates":[[-57.555409,-25.280614],[-57.555532,-25.280574],[-57.555622,-25.280361]]}},{"type":"Feature","properties":{"nombre":null},"geometry":{"type":"LineString","coordinates":[[-57.557179,-25.279259],[-57.557105,-25.279206]]}},{"type":"Feature","properties":{"nombre":null},"geometry":{"type":"LineString","coordinates":[[-57.552373,-25.291157],[-57.552239,-25.291293]]}},{"type":"Feature","properties":{"nombre":null},"geometry":{"type":"LineString","coordinates":[[-57.550839,-25.295528],[-57.550801,-25.295539]]}},{"type":"Feature","properties":{"nombre":null},"geometry":{"type":"LineString","coordinates":[[-57.552807,-25.295038],[-57.552707,-25.294976]]}},{"type":"Feature","properties":{"nombre":null},"geometry":{"type":"LineString","coordinates":[[-57.552722,-25.299514],[-57.552937,-25.299463],[-57.55294,-25.299474],[-57.552725,-25.299526],[-57.552722,-25.299514]]}},{"type":"Feature","properties":{"nombre":"ARROYO MBURICAO"},"geometry":{"type":"LineString","coordinates":[[-57.595805,-25.301485],[-57.595739,-25.301054],[-57.59567,-25.300859]]}},{"type":"Feature","properties":{"nombre":"ARROYO MBURICAO"},"geometry":{"type":"LineString","coordinates":[[-57.596347,-25.30507],[-57.596324,-25.305247],[-57.596461,-25.305556]]}},{"type":"Feature","properties":{"nombre":null},"geometry":{"type":"LineString","coordinates":[[-57.586273,-25.310716],[-57.586224,-25.310766],[-57.586143,-25.310926]]}},{"type":"Feature","properties":{"nombre":null},"geometry":{"type":"LineString","coordinates":[[-57.584269,-25.312977],[-57.584025,-25.313065],[-57.584033,-25.313083],[-57.584255,-25.313002],[-57.584269,-25.312977]]}},{"type":"Feature","properties":{"nombre":null},"geometry":{"type":"LineString","coordinates":[[-57.584198,-25.316525],[-57.583814,-25.316451]]}},{"type":"Feature","properties":{"nombre":null},"geometry":{"type":"LineString","coordinates":[[-57.588846,-25.317895],[-57.588938,-25.318475],[-57.588959,-25.318955],[-57.588817,-25.319297]]}},{"type":"Feature","properties":{"nombre":null},"geometry":{"type":"LineString","coordinates":[[-57.539077,-25.243397],[-57.539054,-25.243455]]}},{"type":"Feature","properties":{"nombre":null},"geometry":{"type":"LineString","coordinates":[[-57.590562,-25.333333],[-57.590561,-25.333312],[-57.590541,-25.333325],[-57.590398,-25.333225],[-57.590389,-25.333159],[-57.590313,-25.333142],[-57.590102,-25.333176],[-57.589854,-25.333333]]}},{"type":"Feature","properties":{"nombre":null},"geometry":{"type":"LineString","coordinates":[[-57.591145,-25.3331],[-57.59141,-25.333299],[-57.591497,-25.333333]]}},{"type":"Feature","properties":{"nombre":"ARROYO MBURICAO"},"geometry":{"type":"LineString","coordinates":[[-57.59041,-25.286755],[-57.590407,-25.286601],[-57.590504,-25.286177],[-57.590787,-25.28574],[-57.590789,-25.28557],[-57.590768,-25.285511],[-57.590644,-25.285459]]}},{"type":"Feature","properties":{"nombre":"ARROYO MBURICAO"},"geometry":{"type":"LineString","coordinates":[[-57.589348,-25.283333],[-57.589496,-25.283486],[-57.58963,-25.28351],[-57.589745,-25.283589],[-57.58976,-25.283664],[-57.589725,-25.283791],[-57.589766,-25.283885],[-57.589839,-25.283967],[-57.590068,-25.284014],[-57.590286,-25.283905],[-57.590429,-25.283976],[-57.59046,-25.28405]]}},{"type":"Feature","properties":{"nombre":"ARROYO MBURICAO"},"geometry":{"type":"LineString","coordinates":[[-57.589999,-25.287217],[-57.58997,-25.28723]]}},{"type":"Feature","properties":{"nombre":null},"geometry":{"type":"LineString","coordinates":[[-57.590408,-25.288026],[-57.590431,-25.287979],[-57.590514,-25.287923],[-57.59042,-25.287676],[-57.590386,-25.287641],[-57.59022,-25.287603]]}},{"type":"Feature","properties":{"nombre":null},"geometry":{"type":"LineString","coordinates":[[-57.584927,-25.286561],[-57.585026,-25.286547],[-57.585125,-25.286572]]}},{"type":"Feature","properties":{"nombre":null},"geometry":{"type":"LineString","coordinates":[[-57.582627,-25.30827],[-57.58256,-25.308161]]}},{"type":"Feature","properties":{"nombre":null},"geometry":{"type":"LineString","coordinates":[[-57.579148,-25.320529],[-57.579256,-25.320731],[-57.579256,-25.320844],[-57.57923,-25.320901]]}},{"type":"Feature","properties":{"nombre":null},"geometry":{"type":"LineString","coordinates":[[-57.566667,-25.321576],[-57.566334,-25.321349],[-57.566322,-25.321306],[-57.566108,-25.321092],[-57.56599,-25.321008],[-57.565865,-25.32083]]}},{"type":"Feature","properties":{"nombre":null},"geometry":{"type":"LineString","coordinates":[[-57.566636,-25.321065],[-57.566509,-25.321025],[-57.566367,-25.320885],[-57.566227,-25.320808],[-57.566131,-25.320703],[-57.565679,-25.320356]]}},{"type":"Feature","properties":{"nombre":null},"geometry":{"type":"LineString","coordinates":[[-57.566667,-25.320642],[-57.566643,-25.320665]]}},{"type":"Feature","properties":{"nombre":null},"geometry":{"type":"LineString","coordinates":[[-57.561897,-25.319136],[-57.561898,-25.319117],[-57.561771,-25.31905],[-57.56172,-25.318831]]}},{"type":"Feature","properties":{"nombre":null},"geometry":{"type":"LineString","coordinates":[[-57.555361,-25.304046],[-57.555452,-25.303972]]}},{"type":"Feature","properties":{"nombre":null},"geometry":{"type":"LineString","coordinates":[[-57.555146,-25.303741],[-57.554513,-25.303303],[-57.554421,-25.303261],[-57.554291,-25.303138]]}},{"type":"Feature","properties":{"nombre":null},"geometry":{"type":"LineString","coordinates":[[-57.55415,-25.302966],[-57.554073,-25.302926],[-57.553983,-25.302557],[-57.553955,-25.302534]]}},{"type":"Feature","properties":{"nombre":null},"geometry":{"type":"LineString","coordinates":[[-57.552727,-25.302874],[-57.55338,-25.302778],[-57.553653,-25.304349],[-57.554281,-25.304268]]}},{"type":"Feature","properties":{"nombre":null},"geometry":{"type":"LineString","coordinates":[[-57.555872,-25.310937],[-57.555811,-25.310799],[-57.555797,-25.310625],[-57.555755,-25.310508],[-57.555592,-25.310289],[-57.55557,-25.310172]]}},{"type":"Feature","properties":{"nombre":null},"geometry":{"type":"LineString","coordinates":[[-57.554848,-25.30664],[-57.554298,-25.306952],[-57.554267,-25.306989]]}},{"type":"Feature","properties":{"nombre":null},"geometry":{"type":"LineString","coordinates":[[-57.555606,-25.308534],[-57.555331,-25.30853]]}},{"type":"Feature","properties":{"nombre":null},"geometry":{"type":"LineString","coordinates":[[-57.554881,-25.3085],[-57.554823,-25.308367],[-57.554486,-25.308067],[-57.554451,-25.308001],[-57.554425,-25.307861],[-57.554317,-25.307718],[-57.554234,-25.307444],[-57.554245,-25.307131]]}},{"type":"Feature","properties":{"nombre":null},"geometry":{"type":"LineString","coordinates":[[-57.556161,-25.312177],[-57.555415,-25.312476]]}},{"type":"Feature","properties":{"nombre":null},"geometry":{"type":"LineString","coordinates":[[-57.549179,-25.238745],[-57.549252,-25.238667],[-57.549367,-25.238616],[-57.549204,-25.23867],[-57.549179,-25.238745]]}},{"type":"Feature","properties":{"nombre":null},"geometry":{"type":"LineString","coordinates":[[-57.543712,-25.235427],[-57.543508,-25.235083]]}},{"type":"Feature","properties":{"nombre":null},"geometry":{"type":"LineString","coordinates":[[-57.543909,-25.238889],[-57.54429,-25.238844],[-57.545204,-25.238598],[-57.545434,-25.238548],[-57.545514,-25.23855]]}},{"type":"Feature","properties":{"nombre":null},"geometry":{"type":"LineString","coordinates":[[-57.544133,-25.237492],[-57.54473,-25.238425],[-57.544827,-25.238591],[-57.544855,-25.238689]]}},{"type":"Feature","properties":{"nombre":null},"geometry":{"type":"LineString","coordinates":[[-57.546755,-25.240056],[-57.545405,-25.240559],[-57.544396,-25.241023],[-57.543799,-25.240101],[-57.543698,-25.23999],[-57.543555,-25.239885]]}},{"type":"Feature","properties":{"nombre":null},"geometry":{"type":"LineString","coordinates":[[-57.55,-25.248587],[-57.54995,-25.248468]]}},{"type":"Feature","properties":{"nombre":null},"geometry":{"type":"LineString","coordinates":[[-57.549233,-25.247774],[-57.549917,-25.248452],[-57.54995,-25.248468],[-57.549982,-25.248427]]}},{"type":"Feature","properties":{"nombre":null},"geometry":{"type":"LineString","coordinates":[[-57.549965,-25.248448],[-57.55,-25.248579]]}},{"type":"Feature","properties":{"nombre":null},"geometry":{"type":"LineString","coordinates":[[-57.549583,-25.24995],[-57.549552,-25.249814]]}},{"type":"Feature","properties":{"nombre":null},"geometry":{"type":"LineString","coordinates":[[-57.549619,-25.249943],[-57.549588,-25.249809]]}},{"type":"Feature","properties":{"nombre":null},"geometry":{"type":"LineString","coordinates":[[-57.549786,-25.249765],[-57.549827,-25.249902]]}},{"type":"Feature","properties":{"nombre":null},"geometry":{"type":"LineString","coordinates":[[-57.538818,-25.237104],[-57.538912,-25.23704]]}},{"type":"Feature","properties":{"nombre":null},"geometry":{"type":"LineString","coordinates":[[-57.54023,-25.237316],[-57.540214,-25.237225],[-57.539885,-25.236673],[-57.539789,-25.236457]]}},{"type":"Feature","properties":{"nombre":null},"geometry":{"type":"LineString","coordinates":[[-57.540369,-25.236759],[-57.54054,-25.237082]]}},{"type":"Feature","properties":{"nombre":null},"geometry":{"type":"LineString","coordinates":[[-57.540627,-25.238087],[-57.540592,-25.238034]]}},{"type":"Feature","properties":{"nombre":null},"geometry":{"type":"LineString","coordinates":[[-57.541179,-25.23614],[-57.54104,-25.235909]]}},{"type":"Feature","properties":{"nombre":null},"geometry":{"type":"LineString","coordinates":[[-57.541665,-25.238938],[-57.541667,-25.23894]]}},{"type":"Feature","properties":{"nombre":null},"geometry":{"type":"LineString","coordinates":[[-57.534041,-25.243128],[-57.533838,-25.243224],[-57.533734,-25.243244],[-57.533702,-25.243222],[-57.533568,-25.243276],[-57.533483,-25.243269],[-57.533333,-25.243333]]}},{"type":"Feature","properties":{"nombre":null},"geometry":{"type":"LineString","coordinates":[[-57.539644,-25.243115],[-57.539056,-25.243452]]}},{"type":"Feature","properties":{"nombre":null},"geometry":{"type":"LineString","coordinates":[[-57.5353,-25.246695],[-57.5355,-25.247034],[-57.535492,-25.24706]]}},{"type":"Feature","properties":{"nombre":null},"geometry":{"type":"LineString","coordinates":[[-57.541403,-25.248419],[-57.541424,-25.248457]]}},{"type":"Feature","properties":{"nombre":null},"geometry":{"type":"LineString","coordinates":[[-57.541511,-25.248354],[-57.541543,-25.248403]]}},{"type":"Feature","properties":{"nombre":null},"geometry":{"type":"LineString","coordinates":[[-57.528366,-25.244149],[-57.528561,-25.244444]]}},{"type":"Feature","properties":{"nombre":null},"geometry":{"type":"LineString","coordinates":[[-57.528605,-25.243857],[-57.528545,-25.243889]]}},{"type":"Feature","properties":{"nombre":null},"geometry":{"type":"LineString","coordinates":[[-57.525536,-25.243449],[-57.526041,-25.243274]]}},{"type":"Feature","properties":{"nombre":null},"geometry":{"type":"LineString","coordinates":[[-57.529532,-25.243798],[-57.529555,-25.243828],[-57.529851,-25.243583],[-57.529977,-25.243472],[-57.529952,-25.243439],[-57.529532,-25.243798]]}},{"type":"Feature","properties":{"nombre":null},"geometry":{"type":"LineString","coordinates":[[-57.531332,-25.240711],[-57.531206,-25.240848],[-57.531065,-25.240927],[-57.53103,-25.240987],[-57.530935,-25.241059]]}},{"type":"Feature","properties":{"nombre":null},"geometry":{"type":"LineString","coordinates":[[-57.532868,-25.243443],[-57.532793,-25.243526],[-57.532764,-25.243635],[-57.532812,-25.243861],[-57.532749,-25.244044],[-57.532692,-25.244085],[-57.532631,-25.244082],[-57.532575,-25.24412],[-57.532459,-25.244143],[-57.532379,-25.244235],[-57.532293,-25.24425],[-57.532256,-25.244316],[-57.532199,-25.244315],[-57.532167,-25.244361],[-57.532015,-25.244445]]}},{"type":"Feature","properties":{"nombre":null},"geometry":{"type":"LineString","coordinates":[[-57.533333,-25.248984],[-57.533263,-25.249053],[-57.533197,-25.249061],[-57.533125,-25.249113],[-57.533072,-25.249117],[-57.533061,-25.249074],[-57.533041,-25.249072],[-57.532948,-25.249112],[-57.532916,-25.249102]]}},{"type":"Feature","properties":{"nombre":null},"geometry":{"type":"LineString","coordinates":[[-57.530119,-25.244485],[-57.530091,-25.244681],[-57.529976,-25.244789],[-57.529799,-25.244888]]}},{"type":"Feature","properties":{"nombre":null},"geometry":{"type":"LineString","coordinates":[[-57.532547,-25.244911],[-57.532502,-25.244948]]}},{"type":"Feature","properties":{"nombre":null},"geometry":{"type":"LineString","coordinates":[[-57.531269,-25.245772],[-57.530329,-25.24651],[-57.530283,-25.246518]]}},{"type":"Feature","properties":{"nombre":null},"geometry":{"type":"LineString","coordinates":[[-57.549072,-25.253224],[-57.548971,-25.253457]]}},{"type":"Feature","properties":{"nombre":null},"geometry":{"type":"LineString","coordinates":[[-57.542498,-25.25789],[-57.541667,-25.258042]]}},{"type":"Feature","properties":{"nombre":null},"geometry":{"type":"LineString","coordinates":[[-57.544185,-25.256902],[-57.544234,-25.257132],[-57.54422,-25.257136],[-57.54417,-25.256903]]}},{"type":"Feature","properties":{"nombre":null},"geometry":{"type":"LineString","coordinates":[[-57.544234,-25.257132],[-57.544313,-25.257507],[-57.544714,-25.257451],[-57.544329,-25.257517],[-57.544275,-25.257607],[-57.544307,-25.25754],[-57.54422,-25.257136]]}},{"type":"Feature","properties":{"nombre":null},"geometry":{"type":"LineString","coordinates":[[-57.549354,-25.256274],[-57.549454,-25.25644]]}},{"type":"Feature","properties":{"nombre":null},"geometry":{"type":"LineString","coordinates":[[-57.549119,-25.2573],[-57.549069,-25.257347],[-57.549026,-25.25747],[-57.548558,-25.25955]]}},{"type":"Feature","properties":{"nombre":null},"geometry":{"type":"LineString","coordinates":[[-57.548241,-25.261437],[-57.548536,-25.26188]]}},{"type":"Feature","properties":{"nombre":null},"geometry":{"type":"LineString","coordinates":[[-57.541667,-25.288051],[-57.54178,-25.287987],[-57.541827,-25.287983],[-57.542215,-25.288253],[-57.542338,-25.288889]]}},{"type":"Feature","properties":{"nombre":null},"geometry":{"type":"LineString","coordinates":[[-57.545806,-25.263099],[-57.546041,-25.263121],[-57.547071,-25.26331],[-57.547106,-25.263308],[-57.547422,-25.263118],[-57.547451,-25.263134],[-57.547364,-25.263184],[-57.547363,-25.263212],[-57.547414,-25.263244],[-57.547323,-25.263213],[-57.54716,-25.263313],[-57.547175,-25.263341],[-57.54734,-25.263405],[-57.546169,-25.26321],[-57.545862,-25.263136],[-57.545661,-25.263038],[-57.5455,-25.262992],[-57.545432,-25.263048],[-57.545489,-25.263095],[-57.545271,-25.263183],[-57.545175,-25.263274],[-57.545112,-25.263265]]}},{"type":"Feature","properties":{"nombre":null},"geometry":{"type":"LineString","coordinates":[[-57.546275,-25.261888],[-57.54644,-25.261761],[-57.546573,-25.261698],[-57.547685,-25.261914],[-57.547725,-25.2619],[-57.547687,-25.261867],[-57.546609,-25.261698]]}},{"type":"Feature","properties":{"nombre":null},"geometry":{"type":"LineString","coordinates":[[-57.545382,-25.261853],[-57.545039,-25.26185],[-57.544722,-25.261805]]}},{"type":"Feature","properties":{"nombre":null},"geometry":{"type":"LineString","coordinates":[[-57.54519,-25.267486],[-57.545087,-25.267768],[-57.545083,-25.267925]]}},{"type":"Feature","properties":{"nombre":null},"geometry":{"type":"LineString","coordinates":[[-57.544697,-25.269393],[-57.544787,-25.269517],[-57.544907,-25.269821]]}},{"type":"Feature","properties":{"nombre":null},"geometry":{"type":"LineString","coordinates":[[-57.545152,-25.268089],[-57.546071,-25.269323]]}},{"type":"Feature","properties":{"nombre":null},"geometry":{"type":"LineString","coordinates":[[-57.547293,-25.267227],[-57.546918,-25.267145],[-57.547009,-25.266719]]}},{"type":"Feature","properties":{"nombre":null},"geometry":{"type":"LineString","coordinates":[[-57.549155,-25.268365],[-57.546302,-25.269955]]}},{"type":"Feature","properties":{"nombre":null},"geometry":{"type":"LineString","coordinates":[[-57.545303,-25.274611],[-57.54546,-25.275055],[-57.545582,-25.275242],[-57.545688,-25.275324],[-57.546098,-25.275445]]}},{"type":"Feature","properties":{"nombre":null},"geometry":{"type":"LineString","coordinates":[[-57.54398,-25.274101],[-57.544217,-25.274155],[-57.544348,-25.273831],[-57.544426,-25.273858]]}},{"type":"Feature","properties":{"nombre":null},"geometry":{"type":"LineString","coordinates":[[-57.545889,-25.272241],[-57.545674,-25.273181],[-57.545687,-25.27321],[-57.545921,-25.272265],[-57.545922,-25.272244],[-57.545889,-25.272241]]}},{"type":"Feature","properties":{"nombre":null},"geometry":{"type":"LineString","coordinates":[[-57.544683,-25.275363],[-57.544577,-25.275324],[-57.544569,-25.27527]]}},{"type":"Feature","properties":{"nombre":null},"geometry":{"type":"LineString","coordinates":[[-57.544662,-25.27499],[-57.544672,-25.274914]]}},{"type":"Feature","properties":{"nombre":null},"geometry":{"type":"LineString","coordinates":[[-57.547848,-25.27615],[-57.547741,-25.276122],[-57.547736,-25.276137],[-57.547844,-25.276165],[-57.547848,-25.27615]]}},{"type":"Feature","properties":{"nombre":null},"geometry":{"type":"LineString","coordinates":[[-57.547741,-25.276122],[-57.547665,-25.276101],[-57.547659,-25.276116],[-57.547736,-25.276137],[-57.547741,-25.276122]]}},{"type":"Feature","properties":{"nombre":null},"geometry":{"type":"LineString","coordinates":[[-57.547341,-25.276014],[-57.547316,-25.276008],[-57.547312,-25.276021],[-57.547337,-25.276027],[-57.547341,-25.276014]]}},{"type":"Feature","properties":{"nombre":null},"geometry":{"type":"LineString","coordinates":[[-57.549255,-25.277778],[-57.54923,-25.27763]]}},{"type":"Feature","properties":{"nombre":null},"geometry":{"type":"LineString","coordinates":[[-57.549405,-25.27387],[-57.549198,-25.273653]]}},{"type":"Feature","properties":{"nombre":null},"geometry":{"type":"LineString","coordinates":[[-57.549446,-25.278902],[-57.549486,-25.279144]]}},{"type":"Feature","properties":{"nombre":null},"geometry":{"type":"LineString","coordinates":[[-57.541667,-25.282312],[-57.54204,-25.282348]]}},{"type":"Feature","properties":{"nombre":"ARROYO YTAY"},"geometry":{"type":"LineString","coordinates":[[-57.547465,-25.283333],[-57.547482,-25.283316],[-57.547464,-25.283264],[-57.547424,-25.28324],[-57.547357,-25.283079],[-57.547215,-25.28258],[-57.547206,-25.282466],[-57.547143,-25.282319],[-57.54712,-25.282161],[-57.547011,-25.28183],[-57.546825,-25.28102],[-57.546608,-25.280386],[-57.546569,-25.280224],[-57.546567,-25.280022],[-57.546612,-25.279931],[-57.546431,-25.279456],[-57.546352,-25.279417],[-57.546299,-25.279204],[-57.546266,-25.278923],[-57.546215,-25.278864],[-57.54621,-25.27866],[-57.546138,-25.27856],[-57.546113,-25.278462],[-57.545904,-25.278303],[-57.545714,-25.278287],[-57.545394,-25.278386],[-57.543763,-25.278745],[-57.543708,-25.278794],[-57.543624,-25.278805],[-57.543448,-25.278784],[-57.543226,-25.278671],[-57.54316,-25.278687],[-57.543078,-25.278601],[-57.543061,-25.278545],[-57.542957,-25.278474],[-57.542933,-25.278376],[-57.542862,-25.278272],[-57.542832,-25.278176],[-57.542824,-25.27808],[-57.542852,-25.278047],[-57.542854,-25.277965],[-57.542852,-25.27785],[-57.542825,-25.277778]]}},{"type":"Feature","properties":{"nombre":null},"geometry":{"type":"LineString","coordinates":[[-57.549044,-25.288854],[-57.549024,-25.288772]]}},{"type":"Feature","properties":{"nombre":"ARROYO MBURICAO SUR"},"geometry":{"type":"LineString","coordinates":[[-57.664298,-25.3],[-57.664248,-25.299939],[-57.664241,-25.299875],[-57.664174,-25.299742],[-57.663879,-25.299503],[-57.663642,-25.299519],[-57.663438,-25.299651],[-57.663213,-25.299682],[-57.663045,-25.299676],[-57.662743,-25.299523],[-57.662625,-25.299418],[-57.662403,-25.299277],[-57.662152,-25.299183],[-57.66202,-25.299004],[-57.661931,-25.298961],[-57.661795,-25.298936],[-57.661526,-25.298758],[-57.661449,-25.298763],[-57.661396,-25.298733]]}},{"type":"Feature","properties":{"nombre":null},"geometry":{"type":"LineString","coordinates":[[-57.574569,-25.233333],[-57.574541,-25.233357]]}},{"type":"Feature","properties":{"nombre":null},"geometry":{"type":"LineString","coordinates":[[-57.573472,-25.235457],[-57.572414,-25.235817]]}},{"type":"Feature","properties":{"nombre":null},"geometry":{"type":"LineString","coordinates":[[-57.568041,-25.234425],[-57.568002,-25.234448],[-57.567981,-25.234495]]}},{"type":"Feature","properties":{"nombre":null},"geometry":{"type":"LineString","coordinates":[[-57.546801,-25.287246],[-57.546809,-25.287162],[-57.546734,-25.286915]]}},{"type":"Feature","properties":{"nombre":null},"geometry":{"type":"LineString","coordinates":[[-57.54338,-25.294444],[-57.543383,-25.294438]]}},{"type":"Feature","properties":{"nombre":"ARROYO YTAY"},"geometry":{"type":"LineString","coordinates":[[-57.549044,-25.288945],[-57.549116,-25.289211],[-57.549079,-25.289292],[-57.549122,-25.289357],[-57.549124,-25.289489],[-57.549169,-25.289663],[-57.549283,-25.29002],[-57.549415,-25.290239],[-57.549403,-25.290389],[-57.549448,-25.290515],[-57.549537,-25.290664],[-57.549535,-25.290785],[-57.549623,-25.291158],[-57.549796,-25.291227],[-57.549826,-25.291295],[-57.54982,-25.291922],[-57.55,-25.292143]]}},{"type":"Feature","properties":{"nombre":null},"geometry":{"type":"LineString","coordinates":[[-57.545343,-25.294445],[-57.545514,-25.294501],[-57.545599,-25.294648],[-57.54564,-25.294682],[-57.545648,-25.294841],[-57.545687,-25.294892],[-57.545703,-25.295221]]}},{"type":"Feature","properties":{"nombre":null},"geometry":{"type":"LineString","coordinates":[[-57.540365,-25.251979],[-57.540266,-25.252024],[-57.540364,-25.251964],[-57.540365,-25.251979]]}},{"type":"Feature","properties":{"nombre":null},"geometry":{"type":"LineString","coordinates":[[-57.540248,-25.252078],[-57.540166,-25.252118],[-57.540245,-25.252066],[-57.540248,-25.252078]]}},{"type":"Feature","properties":{"nombre":null},"geometry":{"type":"LineString","coordinates":[[-57.539985,-25.251669],[-57.53997,-25.251608],[-57.540159,-25.251512],[-57.540141,-25.251482],[-57.539959,-25.251593],[-57.539937,-25.251554],[-57.540145,-25.251461],[-57.540144,-25.251436],[-57.539906,-25.25153],[-57.539985,-25.251669]]}},{"type":"Feature","properties":{"nombre":null},"geometry":{"type":"LineString","coordinates":[[-57.537019,-25.254811],[-57.53685,-25.254854],[-57.536367,-25.254857]]}},{"type":"Feature","properties":{"nombre":null},"geometry":{"type":"LineString","coordinates":[[-57.536989,-25.252508],[-57.536815,-25.252132]]}},{"type":"Feature","properties":{"nombre":null},"geometry":{"type":"LineString","coordinates":[[-57.537038,-25.252082],[-57.537057,-25.252077]]}},{"type":"Feature","properties":{"nombre":null},"geometry":{"type":"LineString","coordinates":[[-57.540247,-25.251729],[-57.540233,-25.251698],[-57.539776,-25.251926],[-57.539782,-25.25194],[-57.540247,-25.251729]]}},{"type":"Feature","properties":{"nombre":null},"geometry":{"type":"LineString","coordinates":[[-57.541554,-25.253357],[-57.541296,-25.253437]]}},{"type":"Feature","properties":{"nombre":null},"geometry":{"type":"LineString","coordinates":[[-57.536531,-25.256471],[-57.536471,-25.256552],[-57.536404,-25.256541]]}},{"type":"Feature","properties":{"nombre":null},"geometry":{"type":"LineString","coordinates":[[-57.536258,-25.258906],[-57.535946,-25.258926],[-57.535871,-25.258905]]}},{"type":"Feature","properties":{"nombre":null},"geometry":{"type":"LineString","coordinates":[[-57.541601,-25.285302],[-57.541564,-25.285208],[-57.541437,-25.285087]]}},{"type":"Feature","properties":{"nombre":null},"geometry":{"type":"LineString","coordinates":[[-57.541146,-25.283781],[-57.54117,-25.28402],[-57.541157,-25.284412],[-57.541202,-25.284587],[-57.541173,-25.284658],[-57.541099,-25.284727],[-57.541158,-25.284827],[-57.541344,-25.284944],[-57.541362,-25.285017],[-57.541437,-25.285087]]}},{"type":"Feature","properties":{"nombre":null},"geometry":{"type":"LineString","coordinates":[[-57.590579,-25.333353],[-57.590562,-25.333333]]}},{"type":"Feature","properties":{"nombre":null},"geometry":{"type":"LineString","coordinates":[[-57.590772,-25.333451],[-57.591667,-25.333848]]}},{"type":"Feature","properties":{"nombre":null},"geometry":{"type":"LineString","coordinates":[[-57.591097,-25.334044],[-57.591018,-25.333993]]}},{"type":"Feature","properties":{"nombre":null},"geometry":{"type":"LineString","coordinates":[[-57.590942,-25.333943],[-57.590777,-25.333838],[-57.590621,-25.333792]]}},{"type":"Feature","properties":{"nombre":null},"geometry":{"type":"LineString","coordinates":[[-57.569837,-25.322702],[-57.569807,-25.322686]]}},{"type":"Feature","properties":{"nombre":null},"geometry":{"type":"LineString","coordinates":[[-57.566534,-25.321603],[-57.566593,-25.321523]]}},{"type":"Feature","properties":{"nombre":null},"geometry":{"type":"LineString","coordinates":[[-57.563396,-25.317868],[-57.563316,-25.317776],[-57.563242,-25.317588]]}},{"type":"Feature","properties":{"nombre":null},"geometry":{"type":"LineString","coordinates":[[-57.555449,-25.310065],[-57.555217,-25.31002],[-57.555098,-25.309905]]}},{"type":"Feature","properties":{"nombre":null},"geometry":{"type":"LineString","coordinates":[[-57.555896,-25.310929],[-57.555839,-25.310782],[-57.555772,-25.310478],[-57.555612,-25.310293],[-57.555582,-25.31017]]}},{"type":"Feature","properties":{"nombre":null},"geometry":{"type":"LineString","coordinates":[[-57.554848,-25.30664],[-57.554298,-25.306952],[-57.554267,-25.306989]]}},{"type":"Feature","properties":{"nombre":null},"geometry":{"type":"LineString","coordinates":[[-57.554886,-25.30864],[-57.554881,-25.3085]]}},{"type":"Feature","properties":{"nombre":null},"geometry":{"type":"LineString","coordinates":[[-57.55557,-25.310172],[-57.555571,-25.310091],[-57.555449,-25.310065]]}},{"type":"Feature","properties":{"nombre":"ARROYO YTAY"},"geometry":{"type":"LineString","coordinates":[[-57.55,-25.292082],[-57.549912,-25.291963],[-57.549881,-25.291868],[-57.549878,-25.291259],[-57.549833,-25.291168]]}},{"type":"Feature","properties":{"nombre":null},"geometry":{"type":"LineString","coordinates":[[-57.545762,-25.294328],[-57.545659,-25.294372],[-57.545653,-25.294445]]}},{"type":"Feature","properties":{"nombre":null},"geometry":{"type":"LineString","coordinates":[[-57.544678,-25.293089],[-57.544533,-25.292854]]}},{"type":"Feature","properties":{"nombre":null},"geometry":{"type":"LineString","coordinates":[[-57.5446,-25.293101],[-57.544548,-25.293018],[-57.544556,-25.292894]]}},{"type":"Feature","properties":{"nombre":null},"geometry":{"type":"LineString","coordinates":[[-57.544914,-25.294444],[-57.544879,-25.294375],[-57.54456,-25.294133],[-57.54452,-25.294015],[-57.544446,-25.293941],[-57.544374,-25.293938],[-57.544277,-25.294015],[-57.544117,-25.293915],[-57.543986,-25.293642],[-57.543941,-25.293626],[-57.543916,-25.29363],[-57.543838,-25.293749],[-57.543818,-25.293892],[-57.543846,-25.294029],[-57.543833,-25.294125],[-57.543767,-25.294153],[-57.543671,-25.294085],[-57.543574,-25.294111],[-57.54354,-25.294179],[-57.54353,-25.294272],[-57.543501,-25.294313],[-57.543436,-25.294347],[-57.54338,-25.294444]]}},{"type":"Feature","properties":{"nombre":null},"geometry":{"type":"LineString","coordinates":[[-57.545653,-25.294445],[-57.545627,-25.294492],[-57.54554,-25.294533]]}},{"type":"Feature","properties":{"nombre":null},"geometry":{"type":"LineString","coordinates":[[-57.545685,-25.295222],[-57.54567,-25.294896],[-57.545627,-25.294842],[-57.545618,-25.294698],[-57.545523,-25.294548],[-57.545293,-25.294445]]}},{"type":"Feature","properties":{"nombre":null},"geometry":{"type":"LineString","coordinates":[[-57.529826,-25.244671],[-57.529886,-25.244829]]}},{"type":"Feature","properties":{"nombre":null},"geometry":{"type":"LineString","coordinates":[[-57.533333,-25.248984],[-57.533263,-25.249053],[-57.533197,-25.249061],[-57.533125,-25.249113],[-57.533072,-25.249117],[-57.533061,-25.249074],[-57.533041,-25.249072],[-57.532948,-25.249112],[-57.532916,-25.249102]]}},{"type":"Feature","properties":{"nombre":null},"geometry":{"type":"LineString","coordinates":[[-57.532547,-25.244911],[-57.532502,-25.244948]]}},{"type":"Feature","properties":{"nombre":null},"geometry":{"type":"LineString","coordinates":[[-57.543591,-25.284906],[-57.543724,-25.28482],[-57.543922,-25.284787],[-57.544302,-25.284677],[-57.544796,-25.284582]]}},{"type":"Feature","properties":{"nombre":null},"geometry":{"type":"LineString","coordinates":[[-57.666667,-25.283406],[-57.666621,-25.283333]]}},{"type":"Feature","properties":{"nombre":"ARROYO YTAY"},"geometry":{"type":"LineString","coordinates":[[-57.542825,-25.277778],[-57.542693,-25.277605],[-57.542462,-25.276933],[-57.542345,-25.27682],[-57.542337,-25.276741],[-57.542311,-25.276709],[-57.542209,-25.2767],[-57.542066,-25.276737],[-57.541888,-25.276864],[-57.541667,-25.277079]]}},{"type":"Feature","properties":{"nombre":null},"geometry":{"type":"LineString","coordinates":[[-57.548916,-25.273612],[-57.54888,-25.273576]]}},{"type":"Feature","properties":{"nombre":null},"geometry":{"type":"LineString","coordinates":[[-57.549184,-25.273637],[-57.549161,-25.273617]]}},{"type":"Feature","properties":{"nombre":null},"geometry":{"type":"LineString","coordinates":[[-57.549337,-25.27404],[-57.548927,-25.273603]]}},{"type":"Feature","properties":{"nombre":null},"geometry":{"type":"LineString","coordinates":[[-57.548681,-25.273347],[-57.548368,-25.272984],[-57.548091,-25.272721]]}},{"type":"Feature","properties":{"nombre":null},"geometry":{"type":"LineString","coordinates":[[-57.54847,-25.27611],[-57.548437,-25.276101]]}},{"type":"Feature","properties":{"nombre":null},"geometry":{"type":"LineString","coordinates":[[-57.544662,-25.27499],[-57.54467,-25.274939]]}},{"type":"Feature","properties":{"nombre":null},"geometry":{"type":"LineString","coordinates":[[-57.547133,-25.275731],[-57.547235,-25.275763]]}},{"type":"Feature","properties":{"nombre":null},"geometry":{"type":"LineString","coordinates":[[-57.549773,-25.27456],[-57.54975,-25.274533]]}},{"type":"Feature","properties":{"nombre":null},"geometry":{"type":"LineString","coordinates":[[-57.548759,-25.27344],[-57.548699,-25.273372]]}},{"type":"Feature","properties":{"nombre":null},"geometry":{"type":"LineString","coordinates":[[-57.548055,-25.272385],[-57.548691,-25.273092]]}},{"type":"Feature","properties":{"nombre":null},"geometry":{"type":"LineString","coordinates":[[-57.549529,-25.274006],[-57.549886,-25.274408]]}},{"type":"Feature","properties":{"nombre":null},"geometry":{"type":"LineString","coordinates":[[-57.547762,-25.275906],[-57.547738,-25.275899]]}},{"type":"Feature","properties":{"nombre":null},"geometry":{"type":"LineString","coordinates":[[-57.544662,-25.27499],[-57.54467,-25.274939]]}},{"type":"Feature","properties":{"nombre":null},"geometry":{"type":"LineString","coordinates":[[-57.547741,-25.276122],[-57.547665,-25.276101],[-57.547659,-25.276116],[-57.547736,-25.276137],[-57.547741,-25.276122]]}},{"type":"Feature","properties":{"nombre":null},"geometry":{"type":"LineString","coordinates":[[-57.549087,-25.27652],[-57.54905,-25.27651]]}},{"type":"Feature","properties":{"nombre":null},"geometry":{"type":"LineString","coordinates":[[-57.548448,-25.286751],[-57.548375,-25.286335],[-57.54837,-25.286058],[-57.548341,-25.285997],[-57.548279,-25.285656],[-57.548147,-25.285436],[-57.548071,-25.285351],[-57.547982,-25.285153],[-57.54783,-25.284587],[-57.547787,-25.284322],[-57.547684,-25.284021],[-57.547681,-25.283936]]}},{"type":"Feature","properties":{"nombre":null},"geometry":{"type":"LineString","coordinates":[[-57.549016,-25.28886],[-57.549006,-25.288829]]}},{"type":"Feature","properties":{"nombre":null},"geometry":{"type":"LineString","coordinates":[[-57.548988,-25.28878],[-57.54892,-25.288726],[-57.548877,-25.28853]]}},{"type":"Feature","properties":{"nombre":null},"geometry":{"type":"LineString","coordinates":[[-57.55,-25.284217],[-57.549446,-25.284323]]}},{"type":"Feature","properties":{"nombre":null},"geometry":{"type":"LineString","coordinates":[[-57.666667,-25.285904],[-57.666394,-25.285903],[-57.666148,-25.286056],[-57.666042,-25.286084],[-57.665982,-25.286073]]}},{"type":"Feature","properties":{"nombre":"ARROYO MBURICAO SUR"},"geometry":{"type":"LineString","coordinates":[[-57.664263,-25.3],[-57.664096,-25.299725],[-57.663977,-25.299606],[-57.663872,-25.299547],[-57.663729,-25.29954],[-57.663512,-25.299653],[-57.663357,-25.299705],[-57.663009,-25.299707],[-57.662746,-25.299543],[-57.662684,-25.299526],[-57.662442,-25.299333],[-57.662157,-25.299215],[-57.661976,-25.299063],[-57.661824,-25.29897],[-57.661601,-25.298844],[-57.661503,-25.298834],[-57.661414,-25.298777]]}},{"type":"Feature","properties":{"nombre":null},"geometry":{"type":"LineString","coordinates":[[-57.544914,-25.294444],[-57.544879,-25.294375],[-57.54456,-25.294133],[-57.54452,-25.294015],[-57.544446,-25.293941],[-57.544374,-25.293938],[-57.544277,-25.294015],[-57.544117,-25.293915],[-57.543968,-25.293626],[-57.543916,-25.29363],[-57.543838,-25.293749],[-57.543818,-25.293892],[-57.543846,-25.294029],[-57.543833,-25.294125],[-57.543767,-25.294153],[-57.543696,-25.294091],[-57.543645,-25.294086],[-57.543574,-25.294111],[-57.543548,-25.29415]]}},{"type":"Feature","properties":{"nombre":null},"geometry":{"type":"LineString","coordinates":[[-57.545084,-25.294444],[-57.545091,-25.294411],[-57.545116,-25.294419],[-57.545109,-25.294444]]}},{"type":"Feature","properties":{"nombre":null},"geometry":{"type":"LineString","coordinates":[[-57.549205,-25.289797],[-57.549178,-25.289696]]}},{"type":"Feature","properties":{"nombre":null},"geometry":{"type":"LineString","coordinates":[[-57.549114,-25.289088],[-57.549071,-25.288941]]}},{"type":"Feature","properties":{"nombre":null},"geometry":{"type":"LineString","coordinates":[[-57.541667,-25.289375],[-57.541854,-25.289521],[-57.541886,-25.289608],[-57.541893,-25.289715],[-57.54186,-25.289803],[-57.541715,-25.289901],[-57.541704,-25.290021],[-57.541735,-25.290066],[-57.541831,-25.290127],[-57.541895,-25.290445],[-57.541988,-25.290639],[-57.542034,-25.290907],[-57.542139,-25.291272]]}},{"type":"Feature","properties":{"nombre":"ARROYO YTAY"},"geometry":{"type":"LineString","coordinates":[[-57.549833,-25.291168],[-57.549712,-25.291134]]}},{"type":"Feature","properties":{"nombre":null},"geometry":{"type":"LineString","coordinates":[[-57.544678,-25.293089],[-57.544533,-25.292854]]}},{"type":"Feature","properties":{"nombre":null},"geometry":{"type":"LineString","coordinates":[[-57.541667,-25.261621],[-57.541363,-25.261596]]}},{"type":"Feature","properties":{"nombre":null},"geometry":{"type":"LineString","coordinates":[[-57.541146,-25.283781],[-57.541101,-25.283333]]}},{"type":"Feature","properties":{"nombre":null},"geometry":{"type":"LineString","coordinates":[[-57.541667,-25.288954],[-57.541579,-25.289113],[-57.541598,-25.289298],[-57.541667,-25.289375]]}},{"type":"Feature","properties":{"nombre":"ARROYO MBURICAO"},"geometry":{"type":"LineString","coordinates":[[-57.591718,-25.289345],[-57.591667,-25.28935]]}},{"type":"Feature","properties":{"nombre":"ARROYO MBURICAO"},"geometry":{"type":"LineString","coordinates":[[-57.592981,-25.291606],[-57.593097,-25.291806],[-57.592909,-25.292038],[-57.592893,-25.292272],[-57.592951,-25.292405],[-57.593231,-25.292704],[-57.59326,-25.292841],[-57.59316,-25.292975],[-57.593152,-25.293026],[-57.59321,-25.29321],[-57.593402,-25.293396],[-57.593604,-25.293549],[-57.593645,-25.293623],[-57.593899,-25.293803],[-57.594019,-25.294053]]}},{"type":"Feature","properties":{"nombre":"ARROYO MBURICAO"},"geometry":{"type":"LineString","coordinates":[[-57.592728,-25.290517],[-57.592512,-25.290435]]}},{"type":"Feature","properties":{"nombre":null},"geometry":{"type":"LineString","coordinates":[[-57.668081,-25.287026],[-57.6682,-25.28695]]}},{"type":"Feature","properties":{"nombre":null},"geometry":{"type":"LineString","coordinates":[[-57.667845,-25.289398],[-57.66852,-25.289539]]}},{"type":"Feature","properties":{"nombre":null},"geometry":{"type":"LineString","coordinates":[[-57.669417,-25.293237],[-57.669556,-25.293261]]}},{"type":"Feature","properties":{"nombre":null},"geometry":{"type":"LineString","coordinates":[[-57.665716,-25.286023],[-57.665833,-25.286034]]}},{"type":"Feature","properties":{"nombre":null},"geometry":{"type":"LineString","coordinates":[[-57.654884,-25.275737],[-57.65495,-25.27577],[-57.654953,-25.275798],[-57.654852,-25.275882],[-57.654821,-25.275868],[-57.654804,-25.275896],[-57.654837,-25.27594],[-57.654822,-25.275967],[-57.654724,-25.275883],[-57.654743,-25.275742],[-57.654799,-25.275633],[-57.654836,-25.275625],[-57.654861,-25.275646],[-57.654883,-25.275737]]}},{"type":"Feature","properties":{"nombre":null},"geometry":{"type":"LineString","coordinates":[[-57.654797,-25.276345],[-57.654749,-25.276488],[-57.654711,-25.276762],[-57.654742,-25.27677],[-57.654818,-25.276688],[-57.654854,-25.276543],[-57.654923,-25.276399],[-57.654984,-25.276391],[-57.655002,-25.276368],[-57.655002,-25.276335],[-57.654955,-25.276303],[-57.654961,-25.276274],[-57.655038,-25.276197],[-57.655027,-25.276254],[-57.655047,-25.276298],[-57.65507,-25.276335],[-57.655126,-25.276355],[-57.655122,-25.276436],[-57.655347,-25.276495],[-57.655451,-25.276618],[-57.655501,-25.27672],[-57.655585,-25.276783],[-57.655628,-25.276779],[-57.65569,-25.276705],[-57.655754,-25.276448],[-57.655904,-25.276255],[-57.655958,-25.276085],[-57.655998,-25.276119],[-57.656021,-25.276332],[-57.656074,-25.276356],[-57.656299,-25.276374],[-57.656363,-25.276353],[-57.656488,-25.276236],[-57.656518,-25.276109],[-57.656574,-25.27606],[-57.656649,-25.276031],[-57.656762,-25.276038],[-57.657944,-25.276415],[-57.658031,-25.276516],[-57.658046,-25.276637],[-57.658005,-25.276884],[-57.657971,-25.276938],[-57.657981,-25.277002]]}},{"type":"Feature","properties":{"nombre":null},"geometry":{"type":"LineString","coordinates":[[-57.655823,-25.282269],[-57.65584,-25.282421],[-57.655815,-25.282572],[-57.655805,-25.282569],[-57.655823,-25.282269]]}},{"type":"Feature","properties":{"nombre":"ARROYO MBURICAO SUR"},"geometry":{"type":"LineString","coordinates":[[-57.656101,-25.298169],[-57.656325,-25.298035],[-57.656428,-25.298003],[-57.656725,-25.298183],[-57.656951,-25.298249],[-57.656998,-25.298235],[-57.657053,-25.29816],[-57.657135,-25.298101]]}},{"type":"Feature","properties":{"nombre":null},"geometry":{"type":"LineString","coordinates":[[-57.668675,-25.305556],[-57.668686,-25.305414],[-57.668713,-25.305378],[-57.668801,-25.305336],[-57.668865,-25.305118],[-57.668847,-25.304869],[-57.668705,-25.304704],[-57.668678,-25.304609],[-57.668701,-25.304464],[-57.668696,-25.304128],[-57.668742,-25.303851],[-57.668733,-25.303693],[-57.668708,-25.303637],[-57.668565,-25.303565],[-57.668234,-25.303677],[-57.668104,-25.303685],[-57.667979,-25.303642],[-57.667914,-25.30366],[-57.667728,-25.303639],[-57.667646,-25.303685],[-57.667569,-25.303648],[-57.667501,-25.30358],[-57.667446,-25.303564],[-57.667257,-25.303404],[-57.667065,-25.303356],[-57.666853,-25.30316],[-57.666793,-25.303066],[-57.666836,-25.303029],[-57.666885,-25.303036],[-57.666896,-25.302979],[-57.666967,-25.302877],[-57.66682,-25.30272],[-57.666734,-25.302503],[-57.666747,-25.302425],[-57.666667,-25.302237]]}},{"type":"Feature","properties":{"nombre":null},"geometry":{"type":"LineString","coordinates":[[-57.670655,-25.313499],[-57.670497,-25.313651],[-57.670473,-25.313808],[-57.670507,-25.313882],[-57.670643,-25.313928],[-57.670671,-25.313959],[-57.670668,-25.314253],[-57.670643,-25.314324],[-57.670517,-25.314486],[-57.670507,-25.314621],[-57.670475,-25.314678],[-57.670477,-25.314864],[-57.670329,-25.315161],[-57.670301,-25.315304],[-57.670218,-25.315514],[-57.670191,-25.315719],[-57.670121,-25.315853],[-57.670074,-25.316165],[-57.670017,-25.316312],[-57.670078,-25.316621],[-57.670069,-25.316667]]}},{"type":"Feature","properties":{"nombre":"ARROYO MBURICAO SUR"},"geometry":{"type":"LineString","coordinates":[[-57.666667,-25.302142],[-57.666602,-25.301964],[-57.666468,-25.301805],[-57.666388,-25.301768],[-57.666304,-25.301654],[-57.665791,-25.301199],[-57.665643,-25.301015],[-57.665396,-25.300772]]}},{"type":"Feature","properties":{"nombre":null},"geometry":{"type":"LineString","coordinates":[[-57.639799,-25.32781],[-57.639971,-25.327914],[-57.640057,-25.327936],[-57.640158,-25.328033],[-57.640175,-25.328055],[-57.640174,-25.32827],[-57.640284,-25.328304],[-57.640379,-25.32837],[-57.640668,-25.32878],[-57.640821,-25.328954]]}},{"type":"Feature","properties":{"nombre":"ARROYO MBURICAO SUR"},"geometry":{"type":"LineString","coordinates":[[-57.665399,-25.300889],[-57.665464,-25.300957],[-57.665615,-25.301043],[-57.665929,-25.301393],[-57.666054,-25.301476],[-57.666115,-25.301578],[-57.666341,-25.301722],[-57.666411,-25.30186],[-57.666588,-25.302025],[-57.666667,-25.302237]]}},{"type":"Feature","properties":{"nombre":null},"geometry":{"type":"LineString","coordinates":[[-57.665354,-25.307673],[-57.665459,-25.307678],[-57.665476,-25.307626]]}},{"type":"Feature","properties":{"nombre":null},"geometry":{"type":"LineString","coordinates":[[-57.663875,-25.312845],[-57.66394,-25.312699],[-57.66319,-25.312425]]}},{"type":"Feature","properties":{"nombre":null},"geometry":{"type":"LineString","coordinates":[[-57.658664,-25.325655],[-57.658594,-25.32572],[-57.658521,-25.325744],[-57.658489,-25.325705],[-57.658438,-25.325713],[-57.658371,-25.325755],[-57.658333,-25.325809]]}},{"type":"Feature","properties":{"nombre":null},"geometry":{"type":"LineString","coordinates":[[-57.651681,-25.308043],[-57.651849,-25.308195],[-57.651945,-25.308424]]}},{"type":"Feature","properties":{"nombre":null},"geometry":{"type":"LineString","coordinates":[[-57.648303,-25.272927],[-57.647242,-25.273091],[-57.647163,-25.273092],[-57.647076,-25.273051],[-57.646956,-25.273134],[-57.646618,-25.2732]]}},{"type":"Feature","properties":{"nombre":null},"geometry":{"type":"LineString","coordinates":[[-57.650001,-25.273625],[-57.649908,-25.273665],[-57.649798,-25.273679],[-57.649678,-25.273649],[-57.649591,-25.273586],[-57.649469,-25.273404],[-57.649352,-25.273078],[-57.649281,-25.272999],[-57.649159,-25.272972],[-57.649125,-25.272853],[-57.649092,-25.272824],[-57.648303,-25.272927]]}},{"type":"Feature","properties":{"nombre":null},"geometry":{"type":"LineString","coordinates":[[-57.646995,-25.273971],[-57.646923,-25.274044],[-57.646252,-25.274298],[-57.645412,-25.274717]]}},{"type":"Feature","properties":{"nombre":"ARROYO JARDIN"},"geometry":{"type":"LineString","coordinates":[[-57.64687,-25.276214],[-57.646768,-25.276218],[-57.646683,-25.276177],[-57.646577,-25.276164],[-57.646198,-25.276232],[-57.646126,-25.27621],[-57.646042,-25.276137]]}},{"type":"Feature","properties":{"nombre":null},"geometry":{"type":"LineString","coordinates":[[-57.646945,-25.280488],[-57.646997,-25.280578],[-57.646978,-25.280589],[-57.647138,-25.280824],[-57.647274,-25.280956],[-57.64736,-25.281301],[-57.647385,-25.281559]]}},{"type":"Feature","properties":{"nombre":null},"geometry":{"type":"LineString","coordinates":[[-57.641718,-25.282271],[-57.641924,-25.282118],[-57.641906,-25.282097],[-57.641696,-25.282259],[-57.641718,-25.282271]]}},{"type":"Feature","properties":{"nombre":null},"geometry":{"type":"LineString","coordinates":[[-57.625,-25.260977],[-57.625082,-25.260875],[-57.625196,-25.260809],[-57.625169,-25.260724],[-57.625198,-25.260611],[-57.625316,-25.260573],[-57.625339,-25.260371],[-57.625449,-25.26029],[-57.62529,-25.259886],[-57.625204,-25.259779],[-57.625076,-25.259677],[-57.625091,-25.259625],[-57.625238,-25.259472],[-57.625309,-25.259437],[-57.625405,-25.259506],[-57.625403,-25.259661],[-57.625498,-25.259819],[-57.625574,-25.259817],[-57.625602,-25.259928],[-57.625639,-25.259979],[-57.625652,-25.260112],[-57.625749,-25.260241],[-57.625778,-25.260465],[-57.625685,-25.26088],[-57.625753,-25.261111]]}},{"type":"Feature","properties":{"nombre":null},"geometry":{"type":"LineString","coordinates":[[-57.628178,-25.261111],[-57.6282,-25.261157],[-57.628261,-25.261188],[-57.628282,-25.261111]]}},{"type":"Feature","properties":{"nombre":null},"geometry":{"type":"LineString","coordinates":[[-57.633333,-25.268054],[-57.63326,-25.268051],[-57.633169,-25.268004],[-57.633049,-25.26802],[-57.632955,-25.267926],[-57.632793,-25.267826],[-57.632764,-25.26776],[-57.632878,-25.267678],[-57.632887,-25.267613],[-57.632766,-25.267435],[-57.632647,-25.267319],[-57.632627,-25.267183],[-57.632389,-25.267194],[-57.632329,-25.267141],[-57.63219,-25.267111],[-57.631968,-25.266926],[-57.631912,-25.266839],[-57.631905,-25.26678],[-57.632048,-25.266728],[-57.632182,-25.266728],[-57.632194,-25.266667]]}},{"type":"Feature","properties":{"nombre":null},"geometry":{"type":"LineString","coordinates":[[-57.633049,-25.277778],[-57.632998,-25.277757],[-57.632989,-25.277701],[-57.632933,-25.277669],[-57.63274,-25.27762],[-57.632684,-25.277627],[-57.632475,-25.277778]]}},{"type":"Feature","properties":{"nombre":null},"geometry":{"type":"LineString","coordinates":[[-57.629596,-25.277778],[-57.629643,-25.278089],[-57.629305,-25.278086],[-57.629109,-25.278109],[-57.629056,-25.278034],[-57.628911,-25.278055],[-57.628815,-25.278037],[-57.628783,-25.278003],[-57.62876,-25.277915],[-57.628663,-25.277899],[-57.628653,-25.277944],[-57.628607,-25.277961],[-57.62844,-25.277867],[-57.628249,-25.277826],[-57.628154,-25.277853],[-57.628054,-25.27795],[-57.627815,-25.277995],[-57.627711,-25.278091],[-57.627581,-25.278097],[-57.627565,-25.278054],[-57.627588,-25.27792],[-57.627449,-25.277874],[-57.627446,-25.277829],[-57.62756,-25.277778]]}},{"type":"Feature","properties":{"nombre":null},"geometry":{"type":"LineString","coordinates":[[-57.616667,-25.254387],[-57.616792,-25.25444],[-57.61697,-25.254593],[-57.617075,-25.254627],[-57.617279,-25.25462],[-57.617624,-25.254648],[-57.617873,-25.254626],[-57.618436,-25.254781],[-57.618691,-25.254788],[-57.618981,-25.254838],[-57.619164,-25.2549],[-57.619348,-25.254993],[-57.619561,-25.255042],[-57.619632,-25.255098],[-57.619738,-25.255121],[-57.619775,-25.255154],[-57.619879,-25.255166],[-57.620168,-25.255297],[-57.620608,-25.255431],[-57.620766,-25.255556]]}},{"type":"Feature","properties":{"nombre":null},"geometry":{"type":"LineString","coordinates":[[-57.625,-25.259504],[-57.624927,-25.259583],[-57.624915,-25.259779],[-57.624802,-25.260094],[-57.624799,-25.260176],[-57.62488,-25.260256],[-57.624872,-25.260295],[-57.624647,-25.260534],[-57.624577,-25.260566],[-57.624555,-25.260614],[-57.624563,-25.260793],[-57.624521,-25.260926],[-57.624552,-25.261111]]}},{"type":"Feature","properties":{"nombre":null},"geometry":{"type":"LineString","coordinates":[[-57.635331,-25.33091],[-57.635478,-25.330837],[-57.635687,-25.330796],[-57.635728,-25.330768]]}},{"type":"Feature","properties":{"nombre":null},"geometry":{"type":"LineString","coordinates":[[-57.635727,-25.330674],[-57.635876,-25.330641],[-57.63634,-25.330476],[-57.636459,-25.330406],[-57.636942,-25.330253]]}},{"type":"Feature","properties":{"nombre":null},"geometry":{"type":"LineString","coordinates":[[-57.637017,-25.328864],[-57.637044,-25.328976]]}},{"type":"Feature","properties":{"nombre":null},"geometry":{"type":"LineString","coordinates":[[-57.635332,-25.338079],[-57.635126,-25.33811],[-57.635001,-25.338085],[-57.634991,-25.338063],[-57.635208,-25.338021],[-57.635286,-25.338034],[-57.635332,-25.338079]]}},{"type":"Feature","properties":{"nombre":null},"geometry":{"type":"LineString","coordinates":[[-57.640427,-25.343236],[-57.640452,-25.34324],[-57.639244,-25.343107]]}},{"type":"Feature","properties":{"nombre":null},"geometry":{"type":"LineString","coordinates":[[-57.620966,-25.263732],[-57.620942,-25.263849],[-57.620849,-25.263929],[-57.620739,-25.26408],[-57.62069,-25.264115],[-57.62054,-25.264153],[-57.620467,-25.264216],[-57.620362,-25.264383],[-57.62027,-25.264442],[-57.6202,-25.264451],[-57.620141,-25.264566],[-57.620134,-25.264701],[-57.619944,-25.264905],[-57.619884,-25.265092],[-57.619858,-25.265302],[-57.619754,-25.265416],[-57.619605,-25.265514],[-57.619472,-25.26579],[-57.619364,-25.265949],[-57.619269,-25.266023],[-57.619286,-25.266117],[-57.619242,-25.266149],[-57.619233,-25.266254],[-57.619176,-25.266313],[-57.619159,-25.266365],[-57.619165,-25.266417],[-57.619224,-25.266459],[-57.619222,-25.266496],[-57.619148,-25.266627],[-57.619099,-25.266667]]}},{"type":"Feature","properties":{"nombre":null},"geometry":{"type":"LineString","coordinates":[[-57.624814,-25.26551],[-57.624757,-25.265492],[-57.62466,-25.265515],[-57.624687,-25.26559],[-57.624668,-25.265701],[-57.624683,-25.26573],[-57.624782,-25.265728],[-57.624804,-25.265703],[-57.624771,-25.265644],[-57.624847,-25.265636],[-57.624885,-25.265607],[-57.624871,-25.265537],[-57.624814,-25.26551]]}},{"type":"Feature","properties":{"nombre":null},"geometry":{"type":"LineString","coordinates":[[-57.623286,-25.265158],[-57.623204,-25.265311],[-57.623146,-25.265341],[-57.623064,-25.265328],[-57.622944,-25.265221],[-57.622961,-25.265182],[-57.62306,-25.26513],[-57.62304,-25.265007],[-57.623064,-25.264861],[-57.62324,-25.264839],[-57.623308,-25.26494],[-57.623571,-25.265123],[-57.623613,-25.265172],[-57.623619,-25.265213],[-57.623572,-25.26535],[-57.623406,-25.265544],[-57.623332,-25.265502],[-57.623297,-25.265449],[-57.623289,-25.265264],[-57.623347,-25.26515],[-57.623344,-25.265105],[-57.623286,-25.265158]]}},{"type":"Feature","properties":{"nombre":"ARROYO Z. MOROTI"},"geometry":{"type":"LineString","coordinates":[[-57.641211,-25.313536],[-57.641471,-25.313361],[-57.641595,-25.313354],[-57.641658,-25.3134]]}},{"type":"Feature","properties":{"nombre":"ARROYO Z. MOROTI"},"geometry":{"type":"LineString","coordinates":[[-57.641218,-25.313571],[-57.641177,-25.313642],[-57.640927,-25.313705],[-57.640741,-25.313793],[-57.640542,-25.313843],[-57.64046,-25.313835],[-57.640283,-25.313771],[-57.640079,-25.31374],[-57.639984,-25.313698],[-57.639879,-25.313615],[-57.639833,-25.313619],[-57.63976,-25.313577],[-57.639578,-25.313574],[-57.639469,-25.313518]]}},{"type":"Feature","properties":{"nombre":"ARROYO FERREIRA"},"geometry":{"type":"LineString","coordinates":[[-57.636524,-25.316065],[-57.63665,-25.316215],[-57.637059,-25.316495],[-57.637221,-25.316667]]}},{"type":"Feature","properties":{"nombre":null},"geometry":{"type":"LineString","coordinates":[[-57.640939,-25.345603],[-57.640657,-25.345711]]}},{"type":"Feature","properties":{"nombre":"ARROYO FERREIRA"},"geometry":{"type":"LineString","coordinates":[[-57.634597,-25.31491],[-57.634667,-25.315004],[-57.634749,-25.315018],[-57.63484,-25.314988],[-57.634954,-25.314912],[-57.635034,-25.314936],[-57.635199,-25.314928],[-57.635409,-25.314876],[-57.635551,-25.31474],[-57.635652,-25.314732]]}},{"type":"Feature","properties":{"nombre":null},"geometry":{"type":"LineString","coordinates":[[-57.641191,-25.320673],[-57.641549,-25.320454],[-57.641189,-25.320673]]}},{"type":"Feature","properties":{"nombre":null},"geometry":{"type":"LineString","coordinates":[[-57.641186,-25.324117],[-57.641054,-25.324062]]}},{"type":"Feature","properties":{"nombre":null},"geometry":{"type":"LineString","coordinates":[[-57.640932,-25.324824],[-57.640985,-25.324705],[-57.641047,-25.324643],[-57.64134,-25.324739]]}},{"type":"Feature","properties":{"nombre":null},"geometry":{"type":"LineString","coordinates":[[-57.638204,-25.327128],[-57.638257,-25.327124],[-57.638311,-25.327209],[-57.638368,-25.327244],[-57.638581,-25.32722],[-57.638665,-25.327158]]}},{"type":"Feature","properties":{"nombre":null},"geometry":{"type":"LineString","coordinates":[[-57.640534,-25.326193],[-57.640501,-25.326353],[-57.640452,-25.326421],[-57.640378,-25.326466],[-57.640285,-25.326635],[-57.639954,-25.327533],[-57.639939,-25.327667],[-57.64008,-25.327778]]}},{"type":"Feature","properties":{"nombre":null},"geometry":{"type":"LineString","coordinates":[[-57.636024,-25.32435],[-57.635693,-25.32438]]}},{"type":"Feature","properties":{"nombre":null},"geometry":{"type":"LineString","coordinates":[[-57.635945,-25.325173],[-57.635864,-25.325153]]}},{"type":"Feature","properties":{"nombre":null},"geometry":{"type":"LineString","coordinates":[[-57.641346,-25.324723],[-57.641038,-25.32463],[-57.64097,-25.324686],[-57.640913,-25.324822]]}},{"type":"Feature","properties":{"nombre":null},"geometry":{"type":"LineString","coordinates":[[-57.641054,-25.324062],[-57.640868,-25.323987]]}},{"type":"Feature","properties":{"nombre":null},"geometry":{"type":"LineString","coordinates":[[-57.636959,-25.324515],[-57.636706,-25.325115],[-57.636959,-25.324515]]}},{"type":"Feature","properties":{"nombre":null},"geometry":{"type":"LineString","coordinates":[[-57.64014,-25.327778],[-57.639982,-25.32768],[-57.639966,-25.327602],[-57.640292,-25.326675],[-57.640362,-25.326592],[-57.640509,-25.326602],[-57.640606,-25.326701],[-57.640682,-25.326742],[-57.640572,-25.326616],[-57.640518,-25.326595],[-57.640372,-25.326581],[-57.640387,-25.326504],[-57.640505,-25.326384],[-57.640557,-25.326199]]}},{"type":"Feature","properties":{"nombre":null},"geometry":{"type":"LineString","coordinates":[[-57.636677,-25.330444],[-57.637165,-25.330279],[-57.637291,-25.330193]]}},{"type":"Feature","properties":{"nombre":null},"geometry":{"type":"LineString","coordinates":[[-57.636214,-25.329863],[-57.636311,-25.329832],[-57.636351,-25.329865],[-57.636384,-25.329804]]}},{"type":"Feature","properties":{"nombre":null},"geometry":{"type":"LineString","coordinates":[[-57.634694,-25.330881],[-57.634372,-25.330866],[-57.634174,-25.330999]]}},{"type":"Feature","properties":{"nombre":"ARROYO FERREIRA"},"geometry":{"type":"LineString","coordinates":[[-57.627873,-25.31085],[-57.627879,-25.310982],[-57.627962,-25.311012],[-57.628046,-25.311111]]}},{"type":"Feature","properties":{"nombre":"ARROYO FERREIRA"},"geometry":{"type":"LineString","coordinates":[[-57.626032,-25.310306],[-57.625959,-25.310338]]}},{"type":"Feature","properties":{"nombre":null},"geometry":{"type":"LineString","coordinates":[[-57.632616,-25.325789],[-57.633085,-25.325734],[-57.633333,-25.325675]]}},{"type":"Feature","properties":{"nombre":null},"geometry":{"type":"LineString","coordinates":[[-57.632705,-25.328335],[-57.633146,-25.328438],[-57.633333,-25.32844]]}},{"type":"Feature","properties":{"nombre":null},"geometry":{"type":"LineString","coordinates":[[-57.632481,-25.339009],[-57.632451,-25.338889]]}},{"type":"Feature","properties":{"nombre":null},"geometry":{"type":"LineString","coordinates":[[-57.624703,-25.322185],[-57.623995,-25.322037],[-57.623927,-25.322222]]}},{"type":"Feature","properties":{"nombre":null},"geometry":{"type":"LineString","coordinates":[[-57.608333,-25.317248],[-57.608397,-25.317285],[-57.608448,-25.317412],[-57.608436,-25.317502],[-57.608481,-25.317665],[-57.608553,-25.317792],[-57.60855,-25.317902],[-57.608607,-25.318026]]}},{"type":"Feature","properties":{"nombre":null},"geometry":{"type":"LineString","coordinates":[[-57.603906,-25.300583],[-57.603465,-25.300778],[-57.603376,-25.300792],[-57.603199,-25.300868]]}},{"type":"Feature","properties":{"nombre":null},"geometry":{"type":"LineString","coordinates":[[-57.643371,-25.352379],[-57.643528,-25.352381],[-57.643594,-25.352357],[-57.643688,-25.352469],[-57.643409,-25.352469]]}},{"type":"Feature","properties":{"nombre":null},"geometry":{"type":"LineString","coordinates":[[-57.646235,-25.360911],[-57.646274,-25.360863],[-57.646423,-25.360903],[-57.6465,-25.360874],[-57.646511,-25.360817],[-57.646446,-25.360764]]}},{"type":"Feature","properties":{"nombre":null},"geometry":{"type":"LineString","coordinates":[[-57.642575,-25.35849],[-57.642614,-25.358305],[-57.642675,-25.358214],[-57.642759,-25.358],[-57.642984,-25.357867]]}},{"type":"Feature","properties":{"nombre":null},"geometry":{"type":"LineString","coordinates":[[-57.643818,-25.359366],[-57.643763,-25.359315]]}},{"type":"Feature","properties":{"nombre":null},"geometry":{"type":"LineString","coordinates":[[-57.64363,-25.361111],[-57.643679,-25.361244],[-57.644163,-25.361593]]}},{"type":"Feature","properties":{"nombre":null},"geometry":{"type":"LineString","coordinates":[[-57.639134,-25.354803],[-57.639658,-25.353892],[-57.639659,-25.353581],[-57.639586,-25.352317]]}},{"type":"Feature","properties":{"nombre":null},"geometry":{"type":"LineString","coordinates":[[-57.638954,-25.363029],[-57.639088,-25.363205],[-57.639217,-25.363273],[-57.639382,-25.363471],[-57.63949,-25.363736],[-57.639561,-25.363834]]}},{"type":"Feature","properties":{"nombre":null},"geometry":{"type":"LineString","coordinates":[[-57.638586,-25.365194],[-57.638465,-25.365032]]}},{"type":"Feature","properties":{"nombre":null},"geometry":{"type":"LineString","coordinates":[[-57.641112,-25.363298],[-57.640795,-25.363419]]}},{"type":"Feature","properties":{"nombre":null},"geometry":{"type":"LineString","coordinates":[[-57.638467,-25.363665],[-57.638713,-25.363673],[-57.638833,-25.363698],[-57.639212,-25.363946],[-57.639323,-25.363926],[-57.639479,-25.363825],[-57.639876,-25.363867],[-57.64009,-25.363805],[-57.640232,-25.363804],[-57.640728,-25.363865]]}},{"type":"Feature","properties":{"nombre":null},"geometry":{"type":"LineString","coordinates":[[-57.598324,-25.25],[-57.598376,-25.249829],[-57.598428,-25.249763],[-57.598351,-25.249621],[-57.59827,-25.249648],[-57.598123,-25.25]]}},{"type":"Feature","properties":{"nombre":null},"geometry":{"type":"LineString","coordinates":[[-57.580978,-25.234646],[-57.581172,-25.234549]]}},{"type":"Feature","properties":{"nombre":null},"geometry":{"type":"LineString","coordinates":[[-57.581021,-25.234778],[-57.581121,-25.234752]]}},{"type":"Feature","properties":{"nombre":null},"geometry":{"type":"LineString","coordinates":[[-57.580927,-25.238889],[-57.580933,-25.238977],[-57.581172,-25.239317],[-57.581402,-25.239551]]}},{"type":"Feature","properties":{"nombre":null},"geometry":{"type":"LineString","coordinates":[[-57.585127,-25.239203],[-57.584858,-25.23953],[-57.584686,-25.239624],[-57.584622,-25.239693],[-57.584596,-25.2398],[-57.584266,-25.239903]]}},{"type":"Feature","properties":{"nombre":null},"geometry":{"type":"LineString","coordinates":[[-57.589477,-25.242474],[-57.589478,-25.242447],[-57.589489,-25.242438],[-57.589504,-25.24247],[-57.589477,-25.242474]]}},{"type":"Feature","properties":{"nombre":null},"geometry":{"type":"LineString","coordinates":[[-57.589803,-25.24292],[-57.589768,-25.242784],[-57.589848,-25.24277],[-57.589873,-25.242798],[-57.589844,-25.242845],[-57.589852,-25.242891],[-57.589803,-25.242921]]}},{"type":"Feature","properties":{"nombre":null},"geometry":{"type":"LineString","coordinates":[[-57.590329,-25.244444],[-57.590241,-25.244324],[-57.590089,-25.244244],[-57.590005,-25.244115],[-57.589803,-25.244017],[-57.589754,-25.244027],[-57.589662,-25.244105],[-57.589616,-25.244116],[-57.589399,-25.24404],[-57.589285,-25.244256],[-57.589206,-25.244329],[-57.58905,-25.244313],[-57.588946,-25.244271],[-57.588773,-25.244187],[-57.58868,-25.244111],[-57.588709,-25.243976],[-57.588705,-25.243864],[-57.588747,-25.243763],[-57.588815,-25.243719],[-57.588927,-25.243704],[-57.588972,-25.243657],[-57.588966,-25.243531],[-57.589071,-25.243502],[-57.589063,-25.243467],[-57.58897,-25.243365],[-57.588966,-25.243241],[-57.588999,-25.243127],[-57.588912,-25.242942],[-57.588912,-25.242891],[-57.589058,-25.242705],[-57.589138,-25.242546],[-57.589163,-25.242532],[-57.589212,-25.242566],[-57.589279,-25.242349],[-57.589393,-25.242138],[-57.589423,-25.242104],[-57.589545,-25.242057],[-57.589548,-25.24198],[-57.589414,-25.241779],[-57.589232,-25.241632],[-57.589166,-25.241551],[-57.589123,-25.241397],[-57.589181,-25.24129],[-57.589222,-25.240996],[-57.589159,-25.240723],[-57.589089,-25.240662]]}},{"type":"Feature","properties":{"nombre":null},"geometry":{"type":"LineString","coordinates":[[-57.585217,-25.247616],[-57.585381,-25.247643],[-57.585416,-25.247672],[-57.585408,-25.247709]]}},{"type":"Feature","properties":{"nombre":null},"geometry":{"type":"LineString","coordinates":[[-57.590164,-25.245575],[-57.590139,-25.245545],[-57.59014,-25.245525],[-57.59018,-25.24555],[-57.590182,-25.245575],[-57.590164,-25.245575]]}},{"type":"Feature","properties":{"nombre":null},"geometry":{"type":"LineString","coordinates":[[-57.585697,-25.245873],[-57.585081,-25.244745],[-57.584843,-25.244444]]}},{"type":"Feature","properties":{"nombre":null},"geometry":{"type":"LineString","coordinates":[[-57.575944,-25.238773],[-57.575811,-25.238735],[-57.575672,-25.238734]]}},{"type":"Feature","properties":{"nombre":null},"geometry":{"type":"LineString","coordinates":[[-57.581453,-25.233333],[-57.581689,-25.233768],[-57.581931,-25.234115],[-57.581975,-25.234227],[-57.582244,-25.234521],[-57.582383,-25.23475],[-57.582789,-25.235236],[-57.582836,-25.235261],[-57.582908,-25.235244],[-57.582863,-25.235306],[-57.582925,-25.235459],[-57.583176,-25.23579],[-57.583333,-25.235934]]}},{"type":"Feature","properties":{"nombre":null},"geometry":{"type":"LineString","coordinates":[[-57.575672,-25.238734],[-57.575484,-25.238784],[-57.575433,-25.238756],[-57.575246,-25.238792],[-57.575147,-25.238778],[-57.575,-25.238816]]}},{"type":"Feature","properties":{"nombre":null},"geometry":{"type":"LineString","coordinates":[[-57.582075,-25.24303],[-57.582222,-25.24294],[-57.582166,-25.242776]]}},{"type":"Feature","properties":{"nombre":null},"geometry":{"type":"LineString","coordinates":[[-57.581872,-25.243994],[-57.582536,-25.243632],[-57.58255,-25.243602]]}},{"type":"Feature","properties":{"nombre":null},"geometry":{"type":"LineString","coordinates":[[-57.580257,-25.244326],[-57.579862,-25.243024],[-57.579778,-25.24268],[-57.579551,-25.239949],[-57.579454,-25.23975],[-57.579333,-25.239601],[-57.578941,-25.239334]]}},{"type":"Feature","properties":{"nombre":null},"geometry":{"type":"LineString","coordinates":[[-57.58269,-25.245836],[-57.582838,-25.245783],[-57.582956,-25.245765],[-57.583013,-25.24578],[-57.583172,-25.245683],[-57.583333,-25.245661]]}},{"type":"Feature","properties":{"nombre":null},"geometry":{"type":"LineString","coordinates":[[-57.582133,-25.245406],[-57.582306,-25.245565]]}},{"type":"Feature","properties":{"nombre":null},"geometry":{"type":"LineString","coordinates":[[-57.583012,-25.248845],[-57.583012,-25.248011]]}},{"type":"Feature","properties":{"nombre":null},"geometry":{"type":"LineString","coordinates":[[-57.583262,-25.248534],[-57.583333,-25.248677]]}},{"type":"Feature","properties":{"nombre":null},"geometry":{"type":"LineString","coordinates":[[-57.582588,-25.249555],[-57.582315,-25.24918]]}},{"type":"Feature","properties":{"nombre":null},"geometry":{"type":"LineString","coordinates":[[-57.582344,-25.248568],[-57.582307,-25.24861]]}},{"type":"Feature","properties":{"nombre":null},"geometry":{"type":"LineString","coordinates":[[-57.582799,-25.24756],[-57.583263,-25.248537]]}},{"type":"Feature","properties":{"nombre":null},"geometry":{"type":"LineString","coordinates":[[-57.582094,-25.249835],[-57.581922,-25.249318],[-57.582277,-25.249201],[-57.58249,-25.249088],[-57.582494,-25.249068]]}},{"type":"Feature","properties":{"nombre":null},"geometry":{"type":"LineString","coordinates":[[-57.582648,-25.249518],[-57.582245,-25.249718],[-57.582139,-25.249785],[-57.582115,-25.249823],[-57.581789,-25.25]]}},{"type":"Feature","properties":{"nombre":null},"geometry":{"type":"LineString","coordinates":[[-57.572649,-25.230446],[-57.572742,-25.230368]]}},{"type":"Feature","properties":{"nombre":null},"geometry":{"type":"LineString","coordinates":[[-57.574526,-25.233333],[-57.574735,-25.233152]]}},{"type":"Feature","properties":{"nombre":null},"geometry":{"type":"LineString","coordinates":[[-57.574941,-25.232994],[-57.574864,-25.233073]]}},{"type":"Feature","properties":{"nombre":null},"geometry":{"type":"LineString","coordinates":[[-57.569109,-25.233061],[-57.569133,-25.233063]]}},{"type":"Feature","properties":{"nombre":null},"geometry":{"type":"LineString","coordinates":[[-57.574913,-25.238889],[-57.575,-25.238816]]}},{"type":"Feature","properties":{"nombre":null},"geometry":{"type":"LineString","coordinates":[[-57.57466,-25.23566],[-57.574884,-25.235498]]}},{"type":"Feature","properties":{"nombre":null},"geometry":{"type":"LineString","coordinates":[[-57.571305,-25.234607],[-57.571381,-25.234748],[-57.571723,-25.235228]]}},{"type":"Feature","properties":{"nombre":null},"geometry":{"type":"LineString","coordinates":[[-57.574149,-25.233521],[-57.574064,-25.233453]]}},{"type":"Feature","properties":{"nombre":null},"geometry":{"type":"LineString","coordinates":[[-57.571544,-25.238889],[-57.571446,-25.238943],[-57.571214,-25.239206],[-57.570949,-25.239348],[-57.570904,-25.239457],[-57.57083,-25.239507],[-57.570798,-25.239607],[-57.570677,-25.239795],[-57.570664,-25.239898],[-57.57072,-25.240142],[-57.57077,-25.240248],[-57.570897,-25.240397],[-57.571,-25.240428]]}},{"type":"Feature","properties":{"nombre":null},"geometry":{"type":"LineString","coordinates":[[-57.564961,-25.227778],[-57.564979,-25.227702],[-57.56508,-25.227579],[-57.565073,-25.22748],[-57.564978,-25.227365],[-57.564878,-25.227317]]}},{"type":"Feature","properties":{"nombre":null},"geometry":{"type":"LineString","coordinates":[[-57.559013,-25.228363],[-57.559007,-25.228447],[-57.558973,-25.228493],[-57.558997,-25.22858],[-57.558951,-25.228655],[-57.55864,-25.228844],[-57.558333,-25.228974]]}},{"type":"Feature","properties":{"nombre":null},"geometry":{"type":"LineString","coordinates":[[-57.559184,-25.232411],[-57.558881,-25.232112]]}},{"type":"Feature","properties":{"nombre":null},"geometry":{"type":"LineString","coordinates":[[-57.565155,-25.229646],[-57.565312,-25.229898],[-57.565423,-25.230028]]}},{"type":"Feature","properties":{"nombre":null},"geometry":{"type":"LineString","coordinates":[[-57.564897,-25.229205],[-57.564873,-25.229147],[-57.564918,-25.229068],[-57.56492,-25.229016],[-57.564838,-25.228791],[-57.564769,-25.228676],[-57.56452,-25.228401]]}},{"type":"Feature","properties":{"nombre":null},"geometry":{"type":"LineString","coordinates":[[-57.564521,-25.228399],[-57.564336,-25.228093]]}},{"type":"Feature","properties":{"nombre":null},"geometry":{"type":"LineString","coordinates":[[-57.564327,-25.228079],[-57.564189,-25.227778]]}},{"type":"Feature","properties":{"nombre":null},"geometry":{"type":"LineString","coordinates":[[-57.562979,-25.228467],[-57.563067,-25.228823]]}},{"type":"Feature","properties":{"nombre":null},"geometry":{"type":"LineString","coordinates":[[-57.562765,-25.229742],[-57.562845,-25.229695],[-57.562918,-25.229563]]}},{"type":"Feature","properties":{"nombre":null},"geometry":{"type":"LineString","coordinates":[[-57.56589,-25.230552],[-57.565924,-25.230596]]}},{"type":"Feature","properties":{"nombre":null},"geometry":{"type":"LineString","coordinates":[[-57.56109,-25.232683],[-57.560617,-25.233095],[-57.56051,-25.233163],[-57.560347,-25.233333]]}},{"type":"Feature","properties":{"nombre":"ARROYO YBYRAY"},"geometry":{"type":"LineString","coordinates":[[-57.584406,-25.261701],[-57.584465,-25.261635]]}},{"type":"Feature","properties":{"nombre":null},"geometry":{"type":"LineString","coordinates":[[-57.559304,-25.231162],[-57.559367,-25.231049]]}},{"type":"Feature","properties":{"nombre":null},"geometry":{"type":"LineString","coordinates":[[-57.560175,-25.233369],[-57.560133,-25.233333]]}},{"type":"Feature","properties":{"nombre":null},"geometry":{"type":"LineString","coordinates":[[-57.55873,-25.237967],[-57.558805,-25.237859],[-57.558818,-25.237678]]}},{"type":"Feature","properties":{"nombre":null},"geometry":{"type":"LineString","coordinates":[[-57.565527,-25.23513],[-57.565698,-25.235017],[-57.56587,-25.23498],[-57.565993,-25.234983],[-57.566064,-25.235056],[-57.566145,-25.235068]]}},{"type":"Feature","properties":{"nombre":null},"geometry":{"type":"LineString","coordinates":[[-57.564737,-25.239864],[-57.56475,-25.239937],[-57.564919,-25.240221]]}},{"type":"Feature","properties":{"nombre":null},"geometry":{"type":"LineString","coordinates":[[-57.561095,-25.246849],[-57.560993,-25.246785],[-57.56082,-25.246799],[-57.56072,-25.246779],[-57.560691,-25.246754]]}},{"type":"Feature","properties":{"nombre":null},"geometry":{"type":"LineString","coordinates":[[-57.591131,-25.28183],[-57.590866,-25.281876],[-57.590827,-25.281915],[-57.590638,-25.281958]]}},{"type":"Feature","properties":{"nombre":"ARROYO MBURICAO MI"},"geometry":{"type":"LineString","coordinates":[[-57.586984,-25.288923],[-57.587074,-25.288889]]}},{"type":"Feature","properties":{"nombre":null},"geometry":{"type":"LineString","coordinates":[[-57.561165,-25.247279],[-57.560989,-25.247278],[-57.560909,-25.247304],[-57.560889,-25.247337],[-57.560899,-25.247426],[-57.560864,-25.247506],[-57.560509,-25.247738],[-57.56031,-25.248027],[-57.560279,-25.248222],[-57.560074,-25.248505],[-57.560113,-25.248609],[-57.560338,-25.248729],[-57.5604,-25.248853],[-57.560458,-25.248883],[-57.560571,-25.249006],[-57.560607,-25.249098]]}},{"type":"Feature","properties":{"nombre":null},"geometry":{"type":"LineString","coordinates":[[-57.56071,-25.246733],[-57.560789,-25.246773],[-57.561004,-25.246769],[-57.561111,-25.246824]]}},{"type":"Feature","properties":{"nombre":null},"geometry":{"type":"LineString","coordinates":[[-57.561111,-25.246824],[-57.561222,-25.246861],[-57.561374,-25.246981],[-57.561469,-25.246973],[-57.561571,-25.247005],[-57.561739,-25.247153],[-57.561898,-25.247151]]}},{"type":"Feature","properties":{"nombre":null},"geometry":{"type":"LineString","coordinates":[[-57.562602,-25.247856],[-57.56269,-25.248048],[-57.563399,-25.248108],[-57.564133,-25.248079],[-57.564329,-25.248284],[-57.5644,-25.248255],[-57.564597,-25.24806]]}},{"type":"Feature","properties":{"nombre":null},"geometry":{"type":"LineString","coordinates":[[-57.558333,-25.228715],[-57.558208,-25.228806],[-57.557984,-25.228858],[-57.557882,-25.228959]]}},{"type":"Feature","properties":{"nombre":null},"geometry":{"type":"LineString","coordinates":[[-57.555951,-25.232252],[-57.55602,-25.232199],[-57.556137,-25.232215],[-57.556257,-25.232181],[-57.556342,-25.232129],[-57.556413,-25.23203],[-57.556485,-25.231981],[-57.556639,-25.231912],[-57.556845,-25.231877],[-57.556908,-25.231768],[-57.557058,-25.231615]]}},{"type":"Feature","properties":{"nombre":null},"geometry":{"type":"LineString","coordinates":[[-57.556735,-25.230376],[-57.556906,-25.230461],[-57.556959,-25.230465]]}},{"type":"Feature","properties":{"nombre":null},"geometry":{"type":"LineString","coordinates":[[-57.558128,-25.231621],[-57.558058,-25.231631],[-57.557918,-25.231698],[-57.557779,-25.231684]]}},{"type":"Feature","properties":{"nombre":null},"geometry":{"type":"LineString","coordinates":[[-57.557609,-25.233333],[-57.557609,-25.233267]]}},{"type":"Feature","properties":{"nombre":null},"geometry":{"type":"LineString","coordinates":[[-57.55,-25.238644],[-57.550141,-25.238625],[-57.550191,-25.238592],[-57.550047,-25.238435]]}},{"type":"Feature","properties":{"nombre":null},"geometry":{"type":"LineString","coordinates":[[-57.55364,-25.238633],[-57.553659,-25.238421],[-57.553758,-25.238291],[-57.553802,-25.238145],[-57.553807,-25.237604]]}},{"type":"Feature","properties":{"nombre":null},"geometry":{"type":"LineString","coordinates":[[-57.550047,-25.238435],[-57.550067,-25.238388],[-57.550281,-25.238317],[-57.550468,-25.23818],[-57.550458,-25.238035],[-57.550336,-25.237925],[-57.550299,-25.237859],[-57.550437,-25.237637],[-57.550469,-25.237509]]}},{"type":"Feature","properties":{"nombre":null},"geometry":{"type":"LineString","coordinates":[[-57.550806,-25.240597],[-57.550899,-25.240387],[-57.550989,-25.240336],[-57.55095,-25.240243],[-57.550968,-25.240204],[-57.550894,-25.240139]]}},{"type":"Feature","properties":{"nombre":null},"geometry":{"type":"LineString","coordinates":[[-57.554868,-25.239667],[-57.555107,-25.239714],[-57.555354,-25.239693]]}},{"type":"Feature","properties":{"nombre":null},"geometry":{"type":"LineString","coordinates":[[-57.552625,-25.248432],[-57.552539,-25.248099],[-57.552531,-25.247997],[-57.552556,-25.247918],[-57.552596,-25.247873],[-57.552986,-25.24771],[-57.553109,-25.247683]]}},{"type":"Feature","properties":{"nombre":null},"geometry":{"type":"LineString","coordinates":[[-57.553092,-25.247638],[-57.552493,-25.247906],[-57.552474,-25.247944],[-57.552554,-25.24831]]}},{"type":"Feature","properties":{"nombre":null},"geometry":{"type":"LineString","coordinates":[[-57.554397,-25.248467],[-57.555057,-25.24824]]}},{"type":"Feature","properties":{"nombre":null},"geometry":{"type":"LineString","coordinates":[[-57.555703,-25.246603],[-57.55567,-25.24662],[-57.555641,-25.246708],[-57.555594,-25.246737],[-57.55483,-25.246944]]}},{"type":"Feature","properties":{"nombre":null},"geometry":{"type":"LineString","coordinates":[[-57.556454,-25.248585],[-57.556457,-25.248437],[-57.556494,-25.248364],[-57.556318,-25.247822],[-57.556309,-25.247551],[-57.556224,-25.247367],[-57.556169,-25.247132],[-57.556058,-25.246888],[-57.555943,-25.246793],[-57.555852,-25.246769],[-57.555755,-25.246685],[-57.555711,-25.246605],[-57.555729,-25.246555]]}},{"type":"Feature","properties":{"nombre":null},"geometry":{"type":"LineString","coordinates":[[-57.55,-25.249012],[-57.550089,-25.248986]]}},{"type":"Feature","properties":{"nombre":null},"geometry":{"type":"LineString","coordinates":[[-57.55,-25.248686],[-57.550026,-25.248675]]}},{"type":"Feature","properties":{"nombre":null},"geometry":{"type":"LineString","coordinates":[[-57.597791,-25.25],[-57.597765,-25.25021],[-57.597706,-25.250268],[-57.597712,-25.250295],[-57.59777,-25.250309],[-57.59778,-25.250358],[-57.597727,-25.250383],[-57.597703,-25.250504],[-57.597637,-25.250593],[-57.597589,-25.25072],[-57.59756,-25.250934],[-57.597579,-25.251095],[-57.59766,-25.251173],[-57.597739,-25.251211],[-57.597712,-25.251339],[-57.597803,-25.2514],[-57.597773,-25.251474],[-57.597787,-25.251582],[-57.597962,-25.252099],[-57.597855,-25.252341],[-57.597894,-25.252526],[-57.597881,-25.252688],[-57.597757,-25.252872],[-57.597691,-25.253022],[-57.597619,-25.253108],[-57.597291,-25.253421],[-57.597057,-25.253433],[-57.597036,-25.253509],[-57.596879,-25.253635],[-57.596761,-25.253852],[-57.59678,-25.254312],[-57.59684,-25.254493],[-57.596869,-25.254796],[-57.597078,-25.255253],[-57.597032,-25.255556]]}},{"type":"Feature","properties":{"nombre":null},"geometry":{"type":"LineString","coordinates":[[-57.592769,-25.250023],[-57.592744,-25.250047],[-57.592654,-25.25005],[-57.592608,-25.250083],[-57.59261,-25.250164],[-57.592693,-25.250241],[-57.592669,-25.250314],[-57.592646,-25.250332],[-57.592467,-25.25033],[-57.592416,-25.250355],[-57.592424,-25.250489],[-57.592512,-25.250561],[-57.59251,-25.250588],[-57.592314,-25.250641],[-57.592226,-25.250633],[-57.592221,-25.25058],[-57.592261,-25.250509],[-57.592253,-25.250461],[-57.592307,-25.250441],[-57.592329,-25.250391],[-57.592214,-25.250372],[-57.592129,-25.250394],[-57.591955,-25.250495],[-57.591755,-25.250547],[-57.591667,-25.250638]]}},{"type":"Feature","properties":{"nombre":"ARROYO MBURICAO"},"geometry":{"type":"LineString","coordinates":[[-57.593692,-25.258636],[-57.593664,-25.258609],[-57.593668,-25.25858],[-57.593696,-25.258606],[-57.593692,-25.258636]]}},{"type":"Feature","properties":{"nombre":null},"geometry":{"type":"LineString","coordinates":[[-57.593444,-25.277658],[-57.593114,-25.277686]]}},{"type":"Feature","properties":{"nombre":null},"geometry":{"type":"LineString","coordinates":[[-57.593365,-25.278054],[-57.593358,-25.277978],[-57.593108,-25.277999]]}},{"type":"Feature","properties":{"nombre":null},"geometry":{"type":"LineString","coordinates":[[-57.593461,-25.278121],[-57.593414,-25.278128],[-57.593414,-25.278159],[-57.592491,-25.278233]]}},{"type":"Feature","properties":{"nombre":"ARROYO MBURICAO"},"geometry":{"type":"LineString","coordinates":[[-57.591941,-25.289481],[-57.591894,-25.289391]]}},{"type":"Feature","properties":{"nombre":"ARROYO MBURICAO"},"geometry":{"type":"LineString","coordinates":[[-57.591952,-25.289906],[-57.591955,-25.289611],[-57.59193,-25.289536],[-57.591848,-25.289521],[-57.591667,-25.2896]]}},{"type":"Feature","properties":{"nombre":null},"geometry":{"type":"LineString","coordinates":[[-57.588,-25.262799],[-57.587998,-25.262675],[-57.588044,-25.262565],[-57.588117,-25.262507],[-57.588139,-25.262513],[-57.588049,-25.262617],[-57.588044,-25.262713],[-57.588,-25.262799]]}},{"type":"Feature","properties":{"nombre":"ARROYO YBYRAY"},"geometry":{"type":"LineString","coordinates":[[-57.584591,-25.261547],[-57.584597,-25.261536]]}},{"type":"Feature","properties":{"nombre":null},"geometry":{"type":"LineString","coordinates":[[-57.590667,-25.289024],[-57.590659,-25.288889]]}},{"type":"Feature","properties":{"nombre":null},"geometry":{"type":"LineString","coordinates":[[-57.58551,-25.290053],[-57.585266,-25.290201],[-57.585187,-25.290389],[-57.585165,-25.290382],[-57.585254,-25.290181],[-57.58549,-25.290023],[-57.58551,-25.290053]]}},{"type":"Feature","properties":{"nombre":null},"geometry":{"type":"LineString","coordinates":[[-57.560109,-25.257259],[-57.560252,-25.258372],[-57.560347,-25.258807],[-57.560377,-25.259334]]}},{"type":"Feature","properties":{"nombre":"ARROYO YBYRAY"},"geometry":{"type":"LineString","coordinates":[[-57.589357,-25.254399],[-57.589537,-25.254311],[-57.589592,-25.254251],[-57.589553,-25.254183],[-57.589386,-25.254077],[-57.589298,-25.253943],[-57.589386,-25.253666],[-57.589473,-25.253547],[-57.589507,-25.253387],[-57.589424,-25.253294],[-57.589259,-25.25323],[-57.589105,-25.253041],[-57.588848,-25.252839]]}},{"type":"Feature","properties":{"nombre":"ARROYO YBYRAY"},"geometry":{"type":"LineString","coordinates":[[-57.589357,-25.254399],[-57.589203,-25.254415],[-57.588999,-25.254312],[-57.588947,-25.254314],[-57.588881,-25.254352],[-57.588833,-25.254564],[-57.588775,-25.254671],[-57.588559,-25.254912],[-57.588526,-25.255103],[-57.588525,-25.255372],[-57.588459,-25.255556]]}},{"type":"Feature","properties":{"nombre":null},"geometry":{"type":"LineString","coordinates":[[-57.58762,-25.25279],[-57.587861,-25.252579],[-57.587937,-25.252539],[-57.588419,-25.252073]]}},{"type":"Feature","properties":{"nombre":"ARROYO YBYRAY"},"geometry":{"type":"LineString","coordinates":[[-57.58881,-25.258655],[-57.588868,-25.25868],[-57.588898,-25.258663]]}},{"type":"Feature","properties":{"nombre":"ARROYO YBYRAY"},"geometry":{"type":"LineString","coordinates":[[-57.588984,-25.258675],[-57.589179,-25.258513],[-57.589355,-25.258251],[-57.589494,-25.258108],[-57.589506,-25.257993],[-57.589455,-25.257908]]}},{"type":"Feature","properties":{"nombre":null},"geometry":{"type":"LineString","coordinates":[[-57.588697,-25.260818],[-57.588661,-25.260853],[-57.588662,-25.260924],[-57.588684,-25.261094],[-57.588704,-25.261111]]}},{"type":"Feature","properties":{"nombre":"ARROYO YBYRAY"},"geometry":{"type":"LineString","coordinates":[[-57.588953,-25.256977],[-57.589237,-25.256971],[-57.589388,-25.256994],[-57.589389,-25.257066],[-57.589318,-25.257274],[-57.589168,-25.257489]]}},{"type":"Feature","properties":{"nombre":"ARROYO YBYRAY"},"geometry":{"type":"LineString","coordinates":[[-57.588459,-25.255556],[-57.588434,-25.255649],[-57.588501,-25.255878],[-57.588497,-25.256072],[-57.588537,-25.256129],[-57.588714,-25.256175],[-57.588729,-25.256197],[-57.588798,-25.256519],[-57.588836,-25.256867]]}},{"type":"Feature","properties":{"nombre":null},"geometry":{"type":"LineString","coordinates":[[-57.585896,-25.259325],[-57.58599,-25.259285]]}},{"type":"Feature","properties":{"nombre":null},"geometry":{"type":"LineString","coordinates":[[-57.585708,-25.258905],[-57.585996,-25.258676]]}},{"type":"Feature","properties":{"nombre":"ARROYO YBYRAY"},"geometry":{"type":"LineString","coordinates":[[-57.584638,-25.261542],[-57.584707,-25.261504],[-57.584867,-25.261468],[-57.584998,-25.261474],[-57.585159,-25.261516],[-57.585242,-25.261504],[-57.585423,-25.261438],[-57.585454,-25.261392]]}},{"type":"Feature","properties":{"nombre":"ARROYO MBURICAO"},"geometry":{"type":"LineString","coordinates":[[-57.59143,-25.265272],[-57.591381,-25.265318],[-57.591383,-25.265365],[-57.591548,-25.265234],[-57.591572,-25.265171],[-57.591496,-25.265146],[-57.59143,-25.265272]]}},{"type":"Feature","properties":{"nombre":null},"geometry":{"type":"LineString","coordinates":[[-57.587948,-25.262875],[-57.588014,-25.262823]]}},{"type":"Feature","properties":{"nombre":null},"geometry":{"type":"LineString","coordinates":[[-57.588357,-25.266629],[-57.588577,-25.266315]]}},{"type":"Feature","properties":{"nombre":"ARROYO MBURICAO"},"geometry":{"type":"LineString","coordinates":[[-57.590401,-25.270177],[-57.590226,-25.269995],[-57.590025,-25.269987]]}},{"type":"Feature","properties":{"nombre":"ARROYO MBURICAO"},"geometry":{"type":"LineString","coordinates":[[-57.58947,-25.272222],[-57.589506,-25.272161],[-57.58953,-25.272035],[-57.589522,-25.2719],[-57.589405,-25.271601],[-57.589286,-25.271517],[-57.589175,-25.271371],[-57.589067,-25.271281],[-57.589011,-25.270964],[-57.589013,-25.27086],[-57.589053,-25.270756]]}},{"type":"Feature","properties":{"nombre":null},"geometry":{"type":"LineString","coordinates":[[-57.587256,-25.267984],[-57.587432,-25.267949]]}},{"type":"Feature","properties":{"nombre":null},"geometry":{"type":"LineString","coordinates":[[-57.589708,-25.268833],[-57.589703,-25.268896],[-57.589714,-25.268918],[-57.589736,-25.268864],[-57.589708,-25.268833]]}},{"type":"Feature","properties":{"nombre":"ARROYO SANTO DOMINGO"},"geometry":{"type":"LineString","coordinates":[[-57.583333,-25.276746],[-57.58367,-25.276503],[-57.584072,-25.276326],[-57.584242,-25.276218],[-57.584327,-25.276194]]}},{"type":"Feature","properties":{"nombre":"ARROYO SANTO DOMINGO"},"geometry":{"type":"LineString","coordinates":[[-57.585931,-25.275513],[-57.586022,-25.275445],[-57.586096,-25.275425],[-57.586428,-25.275541],[-57.586621,-25.275479]]}},{"type":"Feature","properties":{"nombre":null},"geometry":{"type":"LineString","coordinates":[[-57.58935,-25.277774],[-57.589353,-25.277778]]}},{"type":"Feature","properties":{"nombre":null},"geometry":{"type":"LineString","coordinates":[[-57.591556,-25.276317],[-57.591651,-25.276311]]}},{"type":"Feature","properties":{"nombre":null},"geometry":{"type":"LineString","coordinates":[[-57.591509,-25.276599],[-57.591543,-25.276573],[-57.591555,-25.276491],[-57.591646,-25.276487]]}},{"type":"Feature","properties":{"nombre":"ARROYO MBURICAO"},"geometry":{"type":"LineString","coordinates":[[-57.589328,-25.283333],[-57.589328,-25.283164],[-57.589382,-25.282984]]}},{"type":"Feature","properties":{"nombre":null},"geometry":{"type":"LineString","coordinates":[[-57.59085,-25.279001],[-57.590227,-25.279143],[-57.590034,-25.279118],[-57.589964,-25.279087],[-57.589922,-25.279095]]}},{"type":"Feature","properties":{"nombre":null},"geometry":{"type":"LineString","coordinates":[[-57.590923,-25.279294],[-57.590366,-25.279378],[-57.590169,-25.279285],[-57.590002,-25.279272]]}},{"type":"Feature","properties":{"nombre":null},"geometry":{"type":"LineString","coordinates":[[-57.591066,-25.28201],[-57.590775,-25.282057],[-57.590759,-25.281995]]}},{"type":"Feature","properties":{"nombre":null},"geometry":{"type":"LineString","coordinates":[[-57.590806,-25.282055],[-57.590821,-25.282117],[-57.591076,-25.282079]]}},{"type":"Feature","properties":{"nombre":null},"geometry":{"type":"LineString","coordinates":[[-57.5908,-25.282237],[-57.59078,-25.282128]]}},{"type":"Feature","properties":{"nombre":null},"geometry":{"type":"LineString","coordinates":[[-57.590613,-25.283094],[-57.590447,-25.282393]]}},{"type":"Feature","properties":{"nombre":null},"geometry":{"type":"LineString","coordinates":[[-57.590567,-25.281698],[-57.590285,-25.281748]]}},{"type":"Feature","properties":{"nombre":null},"geometry":{"type":"LineString","coordinates":[[-57.591163,-25.282824],[-57.591209,-25.282817],[-57.591197,-25.282738]]}},{"type":"Feature","properties":{"nombre":null},"geometry":{"type":"LineString","coordinates":[[-57.589517,-25.278115],[-57.589475,-25.277927]]}},{"type":"Feature","properties":{"nombre":null},"geometry":{"type":"LineString","coordinates":[[-57.575,-25.252189],[-57.57509,-25.252159],[-57.575236,-25.25205],[-57.575356,-25.252056],[-57.575587,-25.251983],[-57.575865,-25.251998],[-57.575945,-25.252021],[-57.576417,-25.252031]]}},{"type":"Feature","properties":{"nombre":null},"geometry":{"type":"LineString","coordinates":[[-57.580375,-25.25015],[-57.580357,-25.25005],[-57.580328,-25.25002],[-57.580253,-25.25005]]}},{"type":"Feature","properties":{"nombre":null},"geometry":{"type":"LineString","coordinates":[[-57.580375,-25.25015],[-57.58045,-25.25]]}},{"type":"Feature","properties":{"nombre":null},"geometry":{"type":"LineString","coordinates":[[-57.581001,-25.250111],[-57.581125,-25.250298]]}},{"type":"Feature","properties":{"nombre":null},"geometry":{"type":"LineString","coordinates":[[-57.576608,-25.252055],[-57.576824,-25.25212],[-57.577361,-25.252429]]}},{"type":"Feature","properties":{"nombre":null},"geometry":{"type":"LineString","coordinates":[[-57.578736,-25.25409],[-57.578907,-25.254271]]}},{"type":"Feature","properties":{"nombre":null},"geometry":{"type":"LineString","coordinates":[[-57.577634,-25.253415],[-57.577675,-25.253414]]}},{"type":"Feature","properties":{"nombre":null},"geometry":{"type":"LineString","coordinates":[[-57.581037,-25.253772],[-57.581289,-25.253503]]}},{"type":"Feature","properties":{"nombre":null},"geometry":{"type":"LineString","coordinates":[[-57.575546,-25.258037],[-57.575645,-25.258136],[-57.575759,-25.25815],[-57.575828,-25.258184],[-57.57589,-25.258143],[-57.575938,-25.258076]]}},{"type":"Feature","properties":{"nombre":null},"geometry":{"type":"LineString","coordinates":[[-57.57959,-25.256589],[-57.579773,-25.256433]]}},{"type":"Feature","properties":{"nombre":null},"geometry":{"type":"LineString","coordinates":[[-57.579585,-25.256098],[-57.57959,-25.255935],[-57.57954,-25.255843],[-57.579484,-25.255795],[-57.579485,-25.255768]]}},{"type":"Feature","properties":{"nombre":null},"geometry":{"type":"LineString","coordinates":[[-57.575,-25.258856],[-57.575036,-25.258944]]}},{"type":"Feature","properties":{"nombre":null},"geometry":{"type":"LineString","coordinates":[[-57.575046,-25.259007],[-57.575,-25.259064]]}},{"type":"Feature","properties":{"nombre":null},"geometry":{"type":"LineString","coordinates":[[-57.575406,-25.258175],[-57.575411,-25.258131],[-57.575473,-25.258044],[-57.575516,-25.258019],[-57.575553,-25.25803]]}},{"type":"Feature","properties":{"nombre":null},"geometry":{"type":"LineString","coordinates":[[-57.578411,-25.257897],[-57.57833,-25.257798]]}},{"type":"Feature","properties":{"nombre":null},"geometry":{"type":"LineString","coordinates":[[-57.579579,-25.256573],[-57.579247,-25.256805]]}},{"type":"Feature","properties":{"nombre":null},"geometry":{"type":"LineString","coordinates":[[-57.579587,-25.256591],[-57.579346,-25.25677]]}},{"type":"Feature","properties":{"nombre":null},"geometry":{"type":"LineString","coordinates":[[-57.57746,-25.257111],[-57.577961,-25.257259]]}},{"type":"Feature","properties":{"nombre":null},"geometry":{"type":"LineString","coordinates":[[-57.576032,-25.260427],[-57.576108,-25.260376]]}},{"type":"Feature","properties":{"nombre":null},"geometry":{"type":"LineString","coordinates":[[-57.57984,-25.256346],[-57.579757,-25.256419]]}},{"type":"Feature","properties":{"nombre":"ARROYO YBYRAY"},"geometry":{"type":"LineString","coordinates":[[-57.577708,-25.264367],[-57.5779,-25.264151]]}},{"type":"Feature","properties":{"nombre":"ARROYO YBYRAY"},"geometry":{"type":"LineString","coordinates":[[-57.58257,-25.262061],[-57.582936,-25.261946],[-57.583074,-25.261941],[-57.583218,-25.261864],[-57.583333,-25.261862]]}},{"type":"Feature","properties":{"nombre":null},"geometry":{"type":"LineString","coordinates":[[-57.579608,-25.265704],[-57.579035,-25.265872],[-57.578846,-25.265445]]}},{"type":"Feature","properties":{"nombre":null},"geometry":{"type":"LineString","coordinates":[[-57.57981,-25.271968],[-57.579474,-25.270878]]}},{"type":"Feature","properties":{"nombre":null},"geometry":{"type":"LineString","coordinates":[[-57.579963,-25.271447],[-57.580143,-25.271405],[-57.579998,-25.270891]]}},{"type":"Feature","properties":{"nombre":null},"geometry":{"type":"LineString","coordinates":[[-57.580915,-25.278819],[-57.580785,-25.27888],[-57.580577,-25.278889],[-57.580464,-25.278972],[-57.580396,-25.279179],[-57.580399,-25.279261],[-57.580467,-25.279524],[-57.580574,-25.279651],[-57.58055,-25.279666],[-57.58048,-25.27958],[-57.580378,-25.279269],[-57.580378,-25.279179],[-57.58043,-25.278996],[-57.580565,-25.278855],[-57.580769,-25.278849],[-57.580908,-25.278804]]}},{"type":"Feature","properties":{"nombre":null},"geometry":{"type":"LineString","coordinates":[[-57.583333,-25.29152],[-57.583202,-25.291597],[-57.582792,-25.291774],[-57.582366,-25.292017],[-57.582194,-25.292058],[-57.581674,-25.292316],[-57.581499,-25.292347],[-57.581112,-25.29235],[-57.580871,-25.292279],[-57.580703,-25.292276],[-57.58007,-25.29251],[-57.578669,-25.292622],[-57.577725,-25.292516]]}},{"type":"Feature","properties":{"nombre":null},"geometry":{"type":"LineString","coordinates":[[-57.571447,-25.250908],[-57.571419,-25.250954]]}},{"type":"Feature","properties":{"nombre":null},"geometry":{"type":"LineString","coordinates":[[-57.568267,-25.255196],[-57.568108,-25.255446]]}},{"type":"Feature","properties":{"nombre":null},"geometry":{"type":"LineString","coordinates":[[-57.57175,-25.258803],[-57.572,-25.258899]]}},{"type":"Feature","properties":{"nombre":null},"geometry":{"type":"LineString","coordinates":[[-57.570262,-25.256631],[-57.570908,-25.256813],[-57.571327,-25.256973]]}},{"type":"Feature","properties":{"nombre":null},"geometry":{"type":"LineString","coordinates":[[-57.570821,-25.256719],[-57.570935,-25.256758]]}},{"type":"Feature","properties":{"nombre":null},"geometry":{"type":"LineString","coordinates":[[-57.571054,-25.256802],[-57.571138,-25.256832]]}},{"type":"Feature","properties":{"nombre":null},"geometry":{"type":"LineString","coordinates":[[-57.572791,-25.257818],[-57.572837,-25.257717]]}},{"type":"Feature","properties":{"nombre":null},"geometry":{"type":"LineString","coordinates":[[-57.573383,-25.257509],[-57.573429,-25.25752]]}},{"type":"Feature","properties":{"nombre":"ARROYO YBYRAY"},"geometry":{"type":"LineString","coordinates":[[-57.575,-25.267054],[-57.574894,-25.26721],[-57.574695,-25.26737],[-57.574666,-25.267557],[-57.574563,-25.26778],[-57.57431,-25.268044],[-57.574187,-25.268092]]}},{"type":"Feature","properties":{"nombre":null},"geometry":{"type":"LineString","coordinates":[[-57.569936,-25.272608],[-57.570114,-25.272703],[-57.570287,-25.272734],[-57.570417,-25.272721]]}},{"type":"Feature","properties":{"nombre":null},"geometry":{"type":"LineString","coordinates":[[-57.558721,-25.251281],[-57.558737,-25.251156],[-57.55872,-25.251003]]}},{"type":"Feature","properties":{"nombre":null},"geometry":{"type":"LineString","coordinates":[[-57.559926,-25.250365],[-57.559821,-25.250406],[-57.559772,-25.250373]]}},{"type":"Feature","properties":{"nombre":null},"geometry":{"type":"LineString","coordinates":[[-57.559572,-25.254227],[-57.55957,-25.253134]]}},{"type":"Feature","properties":{"nombre":null},"geometry":{"type":"LineString","coordinates":[[-57.56276,-25.255335],[-57.562652,-25.255337]]}},{"type":"Feature","properties":{"nombre":null},"geometry":{"type":"LineString","coordinates":[[-57.562435,-25.255338],[-57.562321,-25.255338]]}},{"type":"Feature","properties":{"nombre":null},"geometry":{"type":"LineString","coordinates":[[-57.562321,-25.255338],[-57.562238,-25.255339]]}},{"type":"Feature","properties":{"nombre":null},"geometry":{"type":"LineString","coordinates":[[-57.562037,-25.255342],[-57.561987,-25.255343]]}},{"type":"Feature","properties":{"nombre":null},"geometry":{"type":"LineString","coordinates":[[-57.561523,-25.254209],[-57.561511,-25.254201]]}},{"type":"Feature","properties":{"nombre":null},"geometry":{"type":"LineString","coordinates":[[-57.558707,-25.250998],[-57.558696,-25.251085],[-57.558721,-25.251207],[-57.5587,-25.251279]]}},{"type":"Feature","properties":{"nombre":null},"geometry":{"type":"LineString","coordinates":[[-57.560833,-25.250305],[-57.561284,-25.250652],[-57.561779,-25.25091],[-57.562051,-25.25119],[-57.562395,-25.251612]]}},{"type":"Feature","properties":{"nombre":null},"geometry":{"type":"LineString","coordinates":[[-57.559155,-25.256609],[-57.560154,-25.256595]]}},{"type":"Feature","properties":{"nombre":null},"geometry":{"type":"LineString","coordinates":[[-57.560225,-25.256673],[-57.560501,-25.256651],[-57.56122,-25.25665]]}},{"type":"Feature","properties":{"nombre":null},"geometry":{"type":"LineString","coordinates":[[-57.566383,-25.256542],[-57.566667,-25.256662]]}},{"type":"Feature","properties":{"nombre":null},"geometry":{"type":"LineString","coordinates":[[-57.565108,-25.272739],[-57.565365,-25.272588],[-57.565485,-25.272577]]}},{"type":"Feature","properties":{"nombre":null},"geometry":{"type":"LineString","coordinates":[[-57.56077,-25.281187],[-57.560343,-25.280811],[-57.560144,-25.28068]]}},{"type":"Feature","properties":{"nombre":null},"geometry":{"type":"LineString","coordinates":[[-57.563015,-25.283179],[-57.562976,-25.283167],[-57.562899,-25.28314],[-57.563014,-25.283197],[-57.563015,-25.283179]]}},{"type":"Feature","properties":{"nombre":null},"geometry":{"type":"LineString","coordinates":[[-57.561936,-25.282511],[-57.56183,-25.282421],[-57.561799,-25.282443],[-57.561914,-25.282538],[-57.561936,-25.282511]]}},{"type":"Feature","properties":{"nombre":null},"geometry":{"type":"LineString","coordinates":[[-57.558744,-25.280254],[-57.558706,-25.280248]]}},{"type":"Feature","properties":{"nombre":null},"geometry":{"type":"LineString","coordinates":[[-57.558736,-25.280268],[-57.558704,-25.280252]]}},{"type":"Feature","properties":{"nombre":null},"geometry":{"type":"LineString","coordinates":[[-57.566255,-25.283822],[-57.565694,-25.283719],[-57.565696,-25.28371],[-57.566003,-25.283757],[-57.566255,-25.283822]]}},{"type":"Feature","properties":{"nombre":null},"geometry":{"type":"LineString","coordinates":[[-57.565538,-25.283699],[-57.565102,-25.283659],[-57.565059,-25.283638],[-57.565454,-25.283677],[-57.565538,-25.283699]]}},{"type":"Feature","properties":{"nombre":null},"geometry":{"type":"LineString","coordinates":[[-57.551556,-25.255486],[-57.551596,-25.255415],[-57.551596,-25.255294],[-57.551554,-25.255301]]}},{"type":"Feature","properties":{"nombre":null},"geometry":{"type":"LineString","coordinates":[[-57.550592,-25.251593],[-57.550447,-25.251615]]}},{"type":"Feature","properties":{"nombre":null},"geometry":{"type":"LineString","coordinates":[[-57.557834,-25.256619],[-57.558222,-25.256627],[-57.558315,-25.256636],[-57.558333,-25.256656]]}},{"type":"Feature","properties":{"nombre":null},"geometry":{"type":"LineString","coordinates":[[-57.55129,-25.255556],[-57.551374,-25.256098],[-57.550941,-25.256477]]}},{"type":"Feature","properties":{"nombre":null},"geometry":{"type":"LineString","coordinates":[[-57.554689,-25.263329],[-57.554473,-25.263453]]}},{"type":"Feature","properties":{"nombre":null},"geometry":{"type":"LineString","coordinates":[[-57.55074,-25.272222],[-57.550779,-25.272194]]}},{"type":"Feature","properties":{"nombre":null},"geometry":{"type":"LineString","coordinates":[[-57.553976,-25.275708],[-57.554165,-25.275636]]}},{"type":"Feature","properties":{"nombre":null},"geometry":{"type":"LineString","coordinates":[[-57.553094,-25.276259],[-57.553273,-25.27643]]}},{"type":"Feature","properties":{"nombre":null},"geometry":{"type":"LineString","coordinates":[[-57.554539,-25.27664],[-57.554951,-25.276596]]}},{"type":"Feature","properties":{"nombre":null},"geometry":{"type":"LineString","coordinates":[[-57.555558,-25.27726],[-57.555845,-25.277778]]}},{"type":"Feature","properties":{"nombre":null},"geometry":{"type":"LineString","coordinates":[[-57.553976,-25.275708],[-57.554165,-25.275636]]}},{"type":"Feature","properties":{"nombre":null},"geometry":{"type":"LineString","coordinates":[[-57.554234,-25.275606],[-57.554026,-25.27533]]}},{"type":"Feature","properties":{"nombre":null},"geometry":{"type":"LineString","coordinates":[[-57.550472,-25.276901],[-57.550492,-25.276908]]}},{"type":"Feature","properties":{"nombre":null},"geometry":{"type":"LineString","coordinates":[[-57.550971,-25.277024],[-57.551068,-25.277052]]}},{"type":"Feature","properties":{"nombre":null},"geometry":{"type":"LineString","coordinates":[[-57.551121,-25.27707],[-57.551218,-25.277098]]}},{"type":"Feature","properties":{"nombre":null},"geometry":{"type":"LineString","coordinates":[[-57.551469,-25.277166],[-57.551591,-25.277199]]}},{"type":"Feature","properties":{"nombre":null},"geometry":{"type":"LineString","coordinates":[[-57.553877,-25.275758],[-57.553979,-25.275714]]}},{"type":"Feature","properties":{"nombre":null},"geometry":{"type":"LineString","coordinates":[[-57.551586,-25.277212],[-57.551465,-25.277178]]}},{"type":"Feature","properties":{"nombre":null},"geometry":{"type":"LineString","coordinates":[[-57.550899,-25.281139],[-57.550541,-25.281223]]}},{"type":"Feature","properties":{"nombre":null},"geometry":{"type":"LineString","coordinates":[[-57.550434,-25.281247],[-57.550199,-25.281301]]}},{"type":"Feature","properties":{"nombre":null},"geometry":{"type":"LineString","coordinates":[[-57.55232,-25.279962],[-57.552315,-25.279915]]}},{"type":"Feature","properties":{"nombre":null},"geometry":{"type":"LineString","coordinates":[[-57.552307,-25.279874],[-57.552295,-25.279806]]}},{"type":"Feature","properties":{"nombre":null},"geometry":{"type":"LineString","coordinates":[[-57.553185,-25.279496],[-57.55248,-25.279252],[-57.552576,-25.279041]]}},{"type":"Feature","properties":{"nombre":null},"geometry":{"type":"LineString","coordinates":[[-57.556463,-25.280932],[-57.556539,-25.280919],[-57.556609,-25.280949],[-57.556634,-25.280934],[-57.55666,-25.280768],[-57.55657,-25.280718]]}},{"type":"Feature","properties":{"nombre":null},"geometry":{"type":"LineString","coordinates":[[-57.556592,-25.280182],[-57.556574,-25.280127],[-57.55644,-25.280154]]}},{"type":"Feature","properties":{"nombre":null},"geometry":{"type":"LineString","coordinates":[[-57.558333,-25.28007],[-57.557519,-25.279696],[-57.55711,-25.279482],[-57.55576,-25.278578],[-57.555527,-25.278488]]}},{"type":"Feature","properties":{"nombre":null},"geometry":{"type":"LineString","coordinates":[[-57.550958,-25.283944],[-57.550911,-25.283957],[-57.550892,-25.283995],[-57.550275,-25.284106]]}},{"type":"Feature","properties":{"nombre":"ARROYO YTAY"},"geometry":{"type":"LineString","coordinates":[[-57.550582,-25.294444],[-57.550481,-25.294125]]}},{"type":"Feature","properties":{"nombre":"ARROYO YTAY"},"geometry":{"type":"LineString","coordinates":[[-57.55,-25.292143],[-57.550039,-25.292196],[-57.550029,-25.292563],[-57.550074,-25.29285],[-57.550108,-25.293044],[-57.550155,-25.293049],[-57.550184,-25.293015],[-57.550098,-25.29253],[-57.550078,-25.292352],[-57.550092,-25.292224],[-57.55,-25.292082]]}},{"type":"Feature","properties":{"nombre":null},"geometry":{"type":"LineString","coordinates":[[-57.551202,-25.292336],[-57.551292,-25.292248],[-57.551306,-25.292245],[-57.551211,-25.292344],[-57.551202,-25.292336]]}},{"type":"Feature","properties":{"nombre":null},"geometry":{"type":"LineString","coordinates":[[-57.551675,-25.291862],[-57.551552,-25.291982],[-57.551552,-25.291997],[-57.551679,-25.291867],[-57.551675,-25.291862]]}},{"type":"Feature","properties":{"nombre":"ARROYO YTAY"},"geometry":{"type":"LineString","coordinates":[[-57.550444,-25.294142],[-57.550419,-25.294051],[-57.55034,-25.293916],[-57.550252,-25.293629],[-57.550261,-25.293449]]}},{"type":"Feature","properties":{"nombre":null},"geometry":{"type":"LineString","coordinates":[[-57.550839,-25.295528],[-57.55085,-25.295557]]}},{"type":"Feature","properties":{"nombre":null},"geometry":{"type":"LineString","coordinates":[[-57.550854,-25.295574],[-57.550821,-25.29558]]}},{"type":"Feature","properties":{"nombre":null},"geometry":{"type":"LineString","coordinates":[[-57.552886,-25.295087],[-57.552817,-25.295047]]}},{"type":"Feature","properties":{"nombre":null},"geometry":{"type":"LineString","coordinates":[[-57.55125,-25.295912],[-57.551078,-25.295957],[-57.550965,-25.295884]]}},{"type":"Feature","properties":{"nombre":"ARROYO MBURICAO"},"geometry":{"type":"LineString","coordinates":[[-57.596318,-25.305073],[-57.595722,-25.304369],[-57.59555,-25.304218],[-57.595473,-25.304088]]}},{"type":"Feature","properties":{"nombre":"ARROYO MBURICAO"},"geometry":{"type":"LineString","coordinates":[[-57.595497,-25.304077],[-57.595576,-25.304235],[-57.595873,-25.304514],[-57.596347,-25.30507]]}},{"type":"Feature","properties":{"nombre":"ARROYO MBURICAO"},"geometry":{"type":"LineString","coordinates":[[-57.595782,-25.301487],[-57.595817,-25.301608],[-57.595798,-25.301728],[-57.595812,-25.301898],[-57.595862,-25.302074]]}},{"type":"Feature","properties":{"nombre":"ARROYO MBURICAO"},"geometry":{"type":"LineString","coordinates":[[-57.595644,-25.300867],[-57.595558,-25.300672],[-57.595555,-25.300063]]}},{"type":"Feature","properties":{"nombre":"ARROYO MBURICAO"},"geometry":{"type":"LineString","coordinates":[[-57.59646,-25.305556],[-57.596467,-25.30582]]}},{"type":"Feature","properties":{"nombre":null},"geometry":{"type":"LineString","coordinates":[[-57.593394,-25.32641],[-57.59342,-25.326433]]}},{"type":"Feature","properties":{"nombre":null},"geometry":{"type":"LineString","coordinates":[[-57.593093,-25.326213],[-57.592849,-25.326047],[-57.592854,-25.326041],[-57.593098,-25.326208],[-57.593093,-25.326213]]}},{"type":"Feature","properties":{"nombre":null},"geometry":{"type":"LineString","coordinates":[[-57.594994,-25.324314],[-57.595105,-25.324288],[-57.595141,-25.324301]]}},{"type":"Feature","properties":{"nombre":null},"geometry":{"type":"LineString","coordinates":[[-57.593233,-25.326759],[-57.593005,-25.327029],[-57.592912,-25.327084],[-57.592845,-25.327086]]}},{"type":"Feature","properties":{"nombre":null},"geometry":{"type":"LineString","coordinates":[[-57.592847,-25.327068],[-57.592666,-25.327109]]}},{"type":"Feature","properties":{"nombre":null},"geometry":{"type":"LineString","coordinates":[[-57.591644,-25.305628],[-57.591448,-25.305707]]}},{"type":"Feature","properties":{"nombre":null},"geometry":{"type":"LineString","coordinates":[[-57.586248,-25.310697],[-57.586115,-25.310914]]}},{"type":"Feature","properties":{"nombre":null},"geometry":{"type":"LineString","coordinates":[[-57.590096,-25.313481],[-57.5899,-25.313616],[-57.589784,-25.313632],[-57.589738,-25.313517]]}},{"type":"Feature","properties":{"nombre":null},"geometry":{"type":"LineString","coordinates":[[-57.584407,-25.312948],[-57.584361,-25.312965],[-57.584378,-25.312939],[-57.584407,-25.312948]]}},{"type":"Feature","properties":{"nombre":"ARROYO MBURICAO MI"},"geometry":{"type":"LineString","coordinates":[[-57.587074,-25.288889],[-57.587277,-25.288801],[-57.587495,-25.288747],[-57.587993,-25.2885],[-57.588083,-25.288403],[-57.588454,-25.288243],[-57.588465,-25.288186],[-57.588414,-25.288026],[-57.58824,-25.287798],[-57.588232,-25.287748],[-57.588286,-25.287697],[-57.588463,-25.287634],[-57.588696,-25.287472],[-57.588894,-25.287411]]}},{"type":"Feature","properties":{"nombre":"ARROYO MBURICAO"},"geometry":{"type":"LineString","coordinates":[[-57.58997,-25.28723],[-57.589987,-25.287301],[-57.590064,-25.287371],[-57.590066,-25.287494]]}},{"type":"Feature","properties":{"nombre":null},"geometry":{"type":"LineString","coordinates":[[-57.582627,-25.30827],[-57.58263,-25.308302],[-57.582587,-25.308357],[-57.58218,-25.308554],[-57.582108,-25.308523],[-57.582022,-25.308379]]}},{"type":"Feature","properties":{"nombre":null},"geometry":{"type":"LineString","coordinates":[[-57.57986,-25.316264],[-57.579775,-25.316613]]}},{"type":"Feature","properties":{"nombre":null},"geometry":{"type":"LineString","coordinates":[[-57.579072,-25.319925],[-57.579035,-25.320121],[-57.579097,-25.320217],[-57.579121,-25.320337],[-57.579105,-25.320466],[-57.579148,-25.320526]]}},{"type":"Feature","properties":{"nombre":null},"geometry":{"type":"LineString","coordinates":[[-57.566638,-25.31306],[-57.565843,-25.313166],[-57.565845,-25.313189],[-57.566639,-25.31308],[-57.566638,-25.31306]]}},{"type":"Feature","properties":{"nombre":null},"geometry":{"type":"LineString","coordinates":[[-57.558854,-25.314907],[-57.558952,-25.314875],[-57.558932,-25.314824],[-57.558834,-25.314856],[-57.558854,-25.314907]]}},{"type":"Feature","properties":{"nombre":null},"geometry":{"type":"LineString","coordinates":[[-57.558333,-25.314781],[-57.558377,-25.314842],[-57.558356,-25.314854]]}},{"type":"Feature","properties":{"nombre":null},"geometry":{"type":"LineString","coordinates":[[-57.558356,-25.314854],[-57.558333,-25.314822]]}},{"type":"Feature","properties":{"nombre":null},"geometry":{"type":"LineString","coordinates":[[-57.558376,-25.314872],[-57.558333,-25.314897]]}},{"type":"Feature","properties":{"nombre":null},"geometry":{"type":"LineString","coordinates":[[-57.558722,-25.31415],[-57.558827,-25.314305],[-57.558949,-25.314605],[-57.558996,-25.31466],[-57.559105,-25.314673],[-57.559403,-25.314578],[-57.559665,-25.314538]]}},{"type":"Feature","properties":{"nombre":null},"geometry":{"type":"LineString","coordinates":[[-57.558624,-25.314103],[-57.558685,-25.314112],[-57.558714,-25.314143]]}},{"type":"Feature","properties":{"nombre":null},"geometry":{"type":"LineString","coordinates":[[-57.563155,-25.317252],[-57.563063,-25.317128]]}},{"type":"Feature","properties":{"nombre":null},"geometry":{"type":"LineString","coordinates":[[-57.566415,-25.321553],[-57.566501,-25.321451]]}},{"type":"Feature","properties":{"nombre":null},"geometry":{"type":"LineString","coordinates":[[-57.565803,-25.321532],[-57.565791,-25.321488],[-57.565827,-25.321416],[-57.566024,-25.321222],[-57.566113,-25.321096]]}},{"type":"Feature","properties":{"nombre":null},"geometry":{"type":"LineString","coordinates":[[-57.564758,-25.319807],[-57.564673,-25.319801],[-57.564366,-25.320131]]}},{"type":"Feature","properties":{"nombre":null},"geometry":{"type":"LineString","coordinates":[[-57.53331,-25.248153],[-57.533333,-25.248172]]}},{"type":"Feature","properties":{"nombre":null},"geometry":{"type":"LineString","coordinates":[[-57.549536,-25.260882],[-57.549392,-25.261017],[-57.549299,-25.260939]]}},{"type":"Feature","properties":{"nombre":null},"geometry":{"type":"LineString","coordinates":[[-57.545019,-25.287577],[-57.544808,-25.287629]]}},{"type":"Feature","properties":{"nombre":null},"geometry":{"type":"LineString","coordinates":[[-57.542088,-25.25491],[-57.541887,-25.254957],[-57.541667,-25.254962]]}},{"type":"Feature","properties":{"nombre":null},"geometry":{"type":"LineString","coordinates":[[-57.542134,-25.25409],[-57.54228,-25.254031]]}},{"type":"Feature","properties":{"nombre":null},"geometry":{"type":"LineString","coordinates":[[-57.542069,-25.253951],[-57.542187,-25.253906]]}},{"type":"Feature","properties":{"nombre":null},"geometry":{"type":"LineString","coordinates":[[-57.554311,-25.302714],[-57.554263,-25.302696],[-57.554188,-25.302706],[-57.554165,-25.302843]]}},{"type":"Feature","properties":{"nombre":null},"geometry":{"type":"LineString","coordinates":[[-57.557563,-25.305447],[-57.557366,-25.305552]]}},{"type":"Feature","properties":{"nombre":null},"geometry":{"type":"LineString","coordinates":[[-57.529825,-25.244876],[-57.529498,-25.245188],[-57.52946,-25.245269]]}},{"type":"Feature","properties":{"nombre":null},"geometry":{"type":"LineString","coordinates":[[-57.529516,-25.24465],[-57.52956,-25.244618],[-57.529619,-25.244627]]}},{"type":"Feature","properties":{"nombre":null},"geometry":{"type":"LineString","coordinates":[[-57.555896,-25.310929],[-57.555839,-25.310782],[-57.555772,-25.310478],[-57.555612,-25.310293],[-57.555582,-25.31017]]}},{"type":"Feature","properties":{"nombre":null},"geometry":{"type":"LineString","coordinates":[[-57.558308,-25.314786],[-57.558333,-25.314781]]}},{"type":"Feature","properties":{"nombre":null},"geometry":{"type":"LineString","coordinates":[[-57.549011,-25.238889],[-57.549107,-25.238782],[-57.549179,-25.238745]]}},{"type":"Feature","properties":{"nombre":null},"geometry":{"type":"LineString","coordinates":[[-57.542967,-25.239123],[-57.543252,-25.239072],[-57.543909,-25.238889]]}},{"type":"Feature","properties":{"nombre":null},"geometry":{"type":"LineString","coordinates":[[-57.541667,-25.23894],[-57.541747,-25.239033],[-57.541677,-25.238932]]}},{"type":"Feature","properties":{"nombre":null},"geometry":{"type":"LineString","coordinates":[[-57.544068,-25.242827],[-57.544435,-25.242625]]}},{"type":"Feature","properties":{"nombre":null},"geometry":{"type":"LineString","coordinates":[[-57.543838,-25.246405],[-57.543883,-25.246383],[-57.543998,-25.246389],[-57.544349,-25.246467],[-57.544682,-25.246699],[-57.544805,-25.246816],[-57.544978,-25.247045],[-57.545265,-25.24703]]}},{"type":"Feature","properties":{"nombre":null},"geometry":{"type":"LineString","coordinates":[[-57.543985,-25.246384],[-57.54407,-25.245993],[-57.544163,-25.245849],[-57.544213,-25.245822]]}},{"type":"Feature","properties":{"nombre":null},"geometry":{"type":"LineString","coordinates":[[-57.542558,-25.247386],[-57.542358,-25.247431],[-57.541738,-25.247817]]}},{"type":"Feature","properties":{"nombre":null},"geometry":{"type":"LineString","coordinates":[[-57.543596,-25.245503],[-57.543649,-25.246435]]}},{"type":"Feature","properties":{"nombre":null},"geometry":{"type":"LineString","coordinates":[[-57.5498,-25.249762],[-57.549494,-25.249822],[-57.549511,-25.249932],[-57.54955,-25.249956],[-57.549845,-25.249899],[-57.5498,-25.249762]]}},{"type":"Feature","properties":{"nombre":null},"geometry":{"type":"LineString","coordinates":[[-57.549749,-25.249773],[-57.549786,-25.24991]]}},{"type":"Feature","properties":{"nombre":null},"geometry":{"type":"LineString","coordinates":[[-57.546889,-25.244444],[-57.548621,-25.246053]]}},{"type":"Feature","properties":{"nombre":null},"geometry":{"type":"LineString","coordinates":[[-57.540552,-25.237075],[-57.54038,-25.236754]]}},{"type":"Feature","properties":{"nombre":null},"geometry":{"type":"LineString","coordinates":[[-57.533333,-25.248984],[-57.533656,-25.248859],[-57.533761,-25.248839]]}},{"type":"Feature","properties":{"nombre":null},"geometry":{"type":"LineString","coordinates":[[-57.539123,-25.247849],[-57.539463,-25.248253]]}},{"type":"Feature","properties":{"nombre":null},"geometry":{"type":"LineString","coordinates":[[-57.536143,-25.249231],[-57.535931,-25.248872],[-57.535848,-25.248889],[-57.535799,-25.24887],[-57.535615,-25.248949],[-57.535588,-25.248931],[-57.535422,-25.249016],[-57.535331,-25.249106]]}},{"type":"Feature","properties":{"nombre":null},"geometry":{"type":"LineString","coordinates":[[-57.535547,-25.247161],[-57.535641,-25.247116],[-57.535705,-25.247209]]}},{"type":"Feature","properties":{"nombre":null},"geometry":{"type":"LineString","coordinates":[[-57.534736,-25.245933],[-57.53469,-25.245964]]}},{"type":"Feature","properties":{"nombre":null},"geometry":{"type":"LineString","coordinates":[[-57.541429,-25.248401],[-57.54145,-25.248448]]}},{"type":"Feature","properties":{"nombre":null},"geometry":{"type":"LineString","coordinates":[[-57.541486,-25.248369],[-57.541516,-25.248416]]}},{"type":"Feature","properties":{"nombre":null},"geometry":{"type":"LineString","coordinates":[[-57.541553,-25.248334],[-57.541579,-25.248372]]}},{"type":"Feature","properties":{"nombre":null},"geometry":{"type":"LineString","coordinates":[[-57.528996,-25.24429],[-57.529142,-25.244205],[-57.529282,-25.244366]]}},{"type":"Feature","properties":{"nombre":null},"geometry":{"type":"LineString","coordinates":[[-57.531769,-25.242355],[-57.531653,-25.242377],[-57.531352,-25.242122],[-57.531271,-25.242095],[-57.531197,-25.242029]]}},{"type":"Feature","properties":{"nombre":null},"geometry":{"type":"LineString","coordinates":[[-57.528539,-25.243806],[-57.528283,-25.243986],[-57.527447,-25.244444]]}},{"type":"Feature","properties":{"nombre":null},"geometry":{"type":"LineString","coordinates":[[-57.530527,-25.244535],[-57.530468,-25.244556],[-57.530291,-25.244508],[-57.530094,-25.244671]]}},{"type":"Feature","properties":{"nombre":null},"geometry":{"type":"LineString","coordinates":[[-57.543515,-25.257694],[-57.543503,-25.257743],[-57.543491,-25.25774],[-57.543505,-25.257697],[-57.543515,-25.257694]]}},{"type":"Feature","properties":{"nombre":null},"geometry":{"type":"LineString","coordinates":[[-57.544318,-25.265219],[-57.544377,-25.265196],[-57.544421,-25.265138],[-57.544462,-25.265008],[-57.544554,-25.265021],[-57.544563,-25.265475],[-57.544609,-25.265765],[-57.544529,-25.266012],[-57.544493,-25.266285],[-57.54445,-25.266381],[-57.544432,-25.266667]]}},{"type":"Feature","properties":{"nombre":null},"geometry":{"type":"LineString","coordinates":[[-57.545112,-25.263265],[-57.544935,-25.263309],[-57.544875,-25.263282],[-57.544986,-25.263208],[-57.545085,-25.263223],[-57.545112,-25.263265]]}},{"type":"Feature","properties":{"nombre":null},"geometry":{"type":"LineString","coordinates":[[-57.544432,-25.266667],[-57.544374,-25.267122],[-57.544375,-25.267586],[-57.544296,-25.267899]]}},{"type":"Feature","properties":{"nombre":null},"geometry":{"type":"LineString","coordinates":[[-57.545915,-25.267601],[-57.545196,-25.267466]]}},{"type":"Feature","properties":{"nombre":null},"geometry":{"type":"LineString","coordinates":[[-57.545528,-25.268228],[-57.545969,-25.268279],[-57.546236,-25.268332],[-57.546284,-25.268368]]}},{"type":"Feature","properties":{"nombre":null},"geometry":{"type":"LineString","coordinates":[[-57.5472,-25.271543],[-57.547103,-25.271381]]}},{"type":"Feature","properties":{"nombre":null},"geometry":{"type":"LineString","coordinates":[[-57.545296,-25.27463],[-57.545418,-25.275012],[-57.545581,-25.275263],[-57.545673,-25.275325],[-57.546095,-25.275457]]}},{"type":"Feature","properties":{"nombre":"ARROYO YTAY"},"geometry":{"type":"LineString","coordinates":[[-57.542565,-25.272222],[-57.54266,-25.272408],[-57.542763,-25.272757],[-57.542766,-25.27299],[-57.542736,-25.273177],[-57.542674,-25.273312],[-57.542736,-25.273664],[-57.542805,-25.273707],[-57.542828,-25.273756],[-57.542821,-25.273832],[-57.542854,-25.273878],[-57.542853,-25.273918],[-57.542799,-25.274001],[-57.542796,-25.274172],[-57.542831,-25.274218],[-57.542885,-25.274245],[-57.54312,-25.27425],[-57.543343,-25.274324],[-57.543517,-25.274433],[-57.543966,-25.274618],[-57.544031,-25.274665],[-57.544389,-25.27477],[-57.54451,-25.274846],[-57.544613,-25.274872],[-57.544676,-25.274871],[-57.544748,-25.274831],[-57.545016,-25.274586],[-57.545062,-25.274571]]}},{"type":"Feature","properties":{"nombre":null},"geometry":{"type":"LineString","coordinates":[[-57.545784,-25.272222],[-57.545415,-25.273874],[-57.545404,-25.27385],[-57.54577,-25.272222]]}},{"type":"Feature","properties":{"nombre":null},"geometry":{"type":"LineString","coordinates":[[-57.544662,-25.27499],[-57.54467,-25.274939]]}},{"type":"Feature","properties":{"nombre":null},"geometry":{"type":"LineString","coordinates":[[-57.54465,-25.274914],[-57.544652,-25.274892]]}},{"type":"Feature","properties":{"nombre":null},"geometry":{"type":"LineString","coordinates":[[-57.547471,-25.276048],[-57.547459,-25.276045],[-57.547457,-25.276054],[-57.547469,-25.276057],[-57.547471,-25.276048]]}},{"type":"Feature","properties":{"nombre":null},"geometry":{"type":"LineString","coordinates":[[-57.547381,-25.276024],[-57.547368,-25.27602],[-57.547364,-25.276029],[-57.547377,-25.276033],[-57.547381,-25.276024]]}},{"type":"Feature","properties":{"nombre":null},"geometry":{"type":"LineString","coordinates":[[-57.549185,-25.273268],[-57.548984,-25.273413]]}},{"type":"Feature","properties":{"nombre":null},"geometry":{"type":"LineString","coordinates":[[-57.548108,-25.276224],[-57.548032,-25.276204],[-57.548027,-25.27622],[-57.548102,-25.276241],[-57.548108,-25.276224]]}},{"type":"Feature","properties":{"nombre":null},"geometry":{"type":"LineString","coordinates":[[-57.55,-25.272719],[-57.549186,-25.273266]]}},{"type":"Feature","properties":{"nombre":null},"geometry":{"type":"LineString","coordinates":[[-57.547196,-25.281398],[-57.547007,-25.281439]]}},{"type":"Feature","properties":{"nombre":null},"geometry":{"type":"LineString","coordinates":[[-57.544378,-25.284605],[-57.544019,-25.284676],[-57.543888,-25.284681],[-57.54319,-25.284854],[-57.543009,-25.284865],[-57.542786,-25.284942],[-57.543464,-25.284821],[-57.543679,-25.284751],[-57.544007,-25.2847],[-57.544592,-25.284557]]}},{"type":"Feature","properties":{"nombre":null},"geometry":{"type":"LineString","coordinates":[[-57.55,-25.284217],[-57.549446,-25.284323]]}},{"type":"Feature","properties":{"nombre":null},"geometry":{"type":"LineString","coordinates":[[-57.543935,-25.28708],[-57.542998,-25.287291],[-57.543107,-25.287669]]}},{"type":"Feature","properties":{"nombre":null},"geometry":{"type":"LineString","coordinates":[[-57.546475,-25.285047],[-57.546301,-25.285102],[-57.546159,-25.285118]]}},{"type":"Feature","properties":{"nombre":null},"geometry":{"type":"LineString","coordinates":[[-57.543591,-25.284906],[-57.543724,-25.28482],[-57.543922,-25.284787],[-57.544302,-25.284677],[-57.544796,-25.284582]]}},{"type":"Feature","properties":{"nombre":null},"geometry":{"type":"LineString","coordinates":[[-57.545762,-25.294328],[-57.545659,-25.294372],[-57.545653,-25.294445]]}},{"type":"Feature","properties":{"nombre":null},"geometry":{"type":"LineString","coordinates":[[-57.533655,-25.250126],[-57.533517,-25.25]]}},{"type":"Feature","properties":{"nombre":null},"geometry":{"type":"LineString","coordinates":[[-57.541497,-25.251601],[-57.541063,-25.251806]]}},{"type":"Feature","properties":{"nombre":null},"geometry":{"type":"LineString","coordinates":[[-57.540308,-25.251761],[-57.539832,-25.251991],[-57.53983,-25.251967],[-57.540288,-25.251724],[-57.540308,-25.251761]]}},{"type":"Feature","properties":{"nombre":null},"geometry":{"type":"LineString","coordinates":[[-57.541368,-25.253567],[-57.540953,-25.253645]]}},{"type":"Feature","properties":{"nombre":null},"geometry":{"type":"LineString","coordinates":[[-57.536863,-25.254059],[-57.537092,-25.25456],[-57.537072,-25.254632],[-57.537133,-25.254772],[-57.537019,-25.254811],[-57.537028,-25.254833]]}},{"type":"Feature","properties":{"nombre":null},"geometry":{"type":"LineString","coordinates":[[-57.537374,-25.251658],[-57.536896,-25.251114]]}},{"type":"Feature","properties":{"nombre":null},"geometry":{"type":"LineString","coordinates":[[-57.534435,-25.250251],[-57.534327,-25.25]]}},{"type":"Feature","properties":{"nombre":"ARROYO YTAY"},"geometry":{"type":"LineString","coordinates":[[-57.535926,-25.259042],[-57.535901,-25.258954],[-57.535829,-25.258865],[-57.53576,-25.258533],[-57.535643,-25.258234],[-57.535467,-25.257997],[-57.535373,-25.257808],[-57.535316,-25.257508],[-57.535149,-25.257028],[-57.534963,-25.256633],[-57.534766,-25.256339],[-57.534705,-25.25607],[-57.534625,-25.255928],[-57.534575,-25.255768],[-57.534539,-25.255556]]}},{"type":"Feature","properties":{"nombre":null},"geometry":{"type":"LineString","coordinates":[[-57.541667,-25.258184],[-57.54154,-25.258208]]}},{"type":"Feature","properties":{"nombre":null},"geometry":{"type":"LineString","coordinates":[[-57.541667,-25.258042],[-57.541539,-25.258058]]}},{"type":"Feature","properties":{"nombre":null},"geometry":{"type":"LineString","coordinates":[[-57.538042,-25.258605],[-57.537584,-25.258689]]}},{"type":"Feature","properties":{"nombre":null},"geometry":{"type":"LineString","coordinates":[[-57.538074,-25.259046],[-57.537943,-25.259095],[-57.537894,-25.259094]]}},{"type":"Feature","properties":{"nombre":null},"geometry":{"type":"LineString","coordinates":[[-57.541061,-25.287005],[-57.541077,-25.28709],[-57.541291,-25.287264],[-57.54133,-25.287366],[-57.541373,-25.28762],[-57.541302,-25.287745],[-57.541301,-25.287965],[-57.541319,-25.288014],[-57.541464,-25.288052],[-57.541605,-25.288071],[-57.541641,-25.288057],[-57.541613,-25.288372],[-57.541667,-25.288521]]}},{"type":"Feature","properties":{"nombre":"ARROYO SANTO DOMINGO"},"geometry":{"type":"LineString","coordinates":[[-57.586621,-25.275479],[-57.586754,-25.275468],[-57.587036,-25.275596],[-57.587276,-25.275588],[-57.587342,-25.275654],[-57.587361,-25.275746],[-57.587439,-25.275808],[-57.587678,-25.275733],[-57.588012,-25.275701],[-57.588046,-25.275761],[-57.588034,-25.275816],[-57.587987,-25.275869],[-57.588012,-25.275961],[-57.588059,-25.276016],[-57.588189,-25.276033]]}},{"type":"Feature","properties":{"nombre":"ARROYO MBURICAO"},"geometry":{"type":"LineString","coordinates":[[-57.588189,-25.276033],[-57.588199,-25.276044],[-57.588113,-25.276135],[-57.588007,-25.276211],[-57.587917,-25.276256],[-57.587816,-25.276273],[-57.587742,-25.27634],[-57.587715,-25.27643],[-57.587727,-25.276599],[-57.587934,-25.277227],[-57.587919,-25.27732],[-57.587976,-25.277624],[-57.588021,-25.277734],[-57.588011,-25.277778]]}},{"type":"Feature","properties":{"nombre":"ARROYO MBURICAO"},"geometry":{"type":"LineString","coordinates":[[-57.589045,-25.274743],[-57.589126,-25.274909],[-57.589141,-25.27505],[-57.589189,-25.27516],[-57.589153,-25.275319],[-57.589068,-25.275363],[-57.588985,-25.27528],[-57.588918,-25.275256],[-57.588866,-25.275252],[-57.588821,-25.275276],[-57.588359,-25.275655],[-57.588301,-25.275762],[-57.588253,-25.275969],[-57.588204,-25.27601]]}},{"type":"Feature","properties":{"nombre":"ARROYO SANTO DOMINGO"},"geometry":{"type":"LineString","coordinates":[[-57.588204,-25.27601],[-57.588099,-25.27598],[-57.588046,-25.275931],[-57.588039,-25.275862],[-57.588083,-25.275753],[-57.588079,-25.275706],[-57.588045,-25.275673],[-57.587919,-25.275669],[-57.587438,-25.275768],[-57.587377,-25.275723],[-57.587357,-25.275633],[-57.587302,-25.275577],[-57.587201,-25.275559],[-57.587077,-25.275582],[-57.586942,-25.275542],[-57.586738,-25.275437],[-57.58666,-25.275431],[-57.586615,-25.275457]]}},{"type":"Feature","properties":{"nombre":null},"geometry":{"type":"LineString","coordinates":[[-57.59041,-25.286755],[-57.590264,-25.287001],[-57.590163,-25.287071],[-57.590074,-25.287096],[-57.589904,-25.287214]]}},{"type":"Feature","properties":{"nombre":"ARROYO MBURICAO MI"},"geometry":{"type":"LineString","coordinates":[[-57.589904,-25.287214],[-57.589773,-25.287288],[-57.589378,-25.287296],[-57.588894,-25.287411]]}}]}
